[:slot1:storager:floppy0:525qd:flopsnd] Loading default samples
Soft reset
[:slot1:storager] GA VARIANT=1 (0=base 1=count-stop 2=pit2 3=stop+irq4)
[:slot6:cpuap:icu] IR4 state=1 prev=1 eltg4=0 tpl4=0 ipnd=0000 @0.00000
[:slot3:serad] duart0 outport = ff @0.0000
[:slot3:serad:port0:s97801:term:maincpu] write of un-hooked port 2 ff
[:slot3:serad:port0:s97801:term:maincpu] write of un-hooked port 1 ff
[:slot3:serad:port0:s97801:term:maincpu] write of un-hooked port 0 ff
[:slot3:serad:port0:s97801:term:maincpu] write of un-hooked port 1 ff
[:slot1:storager] TEMP6000 WR  a=6000 data=0000 mask=ffff pc=00073a
[:slot1:storager] TEMP6000 WR  a=6002 data=0000 mask=ffff pc=00073a
[:slot1:storager] TEMP6000 WR  a=6004 data=0000 mask=ffff pc=00073a
[:slot1:storager] TEMP6000 WR  a=6006 data=0000 mask=ffff pc=00073a
[:slot1:storager] TEMP6000 WR  a=6008 data=0000 mask=ffff pc=00073a
[:slot1:storager] TEMP6000 WR  a=600a data=0000 mask=ffff pc=00073a
[:slot1:storager] TEMP6000 WR  a=600c data=0000 mask=ffff pc=00073a
[:slot1:storager] TEMP6000 WR  a=600e data=0000 mask=ffff pc=00073a
[:slot1:storager] TEMP6000 WR  a=6010 data=0000 mask=ffff pc=00073a
[:slot1:storager] TEMP6000 WR  a=6012 data=0000 mask=ffff pc=00073a
[:slot1:storager] TEMP6000 WR  a=6014 data=0000 mask=ffff pc=00073a
[:slot1:storager] TEMP6000 WR  a=6016 data=0000 mask=ffff pc=00073a
[:slot1:storager] TEMP6000 WR  a=6018 data=0000 mask=ffff pc=00073a
[:slot1:storager] TEMP6000 WR  a=601a data=0000 mask=ffff pc=00073a
[:slot1:storager] TEMP6000 WR  a=601c data=0000 mask=ffff pc=00073a
[:slot1:storager] TEMP6000 WR  a=601e data=0000 mask=ffff pc=00073a
[:slot1:storager] TEMP6000 WR  a=6020 data=0000 mask=ffff pc=00073a
[:slot1:storager] TEMP6000 WR  a=6022 data=0000 mask=ffff pc=00073a
[:slot1:storager] TEMP6000 WR  a=6024 data=0000 mask=ffff pc=00073a
[:slot1:storager] TEMP6000 WR  a=6026 data=0000 mask=ffff pc=00073a
[:slot1:storager] TEMP6000 WR  a=6028 data=0000 mask=ffff pc=00073a
[:slot1:storager] TEMP6000 WR  a=602a data=0000 mask=ffff pc=00073a
[:slot1:storager] TEMP6000 WR  a=602c data=0000 mask=ffff pc=00073a
[:slot1:storager] TEMP6000 WR  a=602e data=0000 mask=ffff pc=00073a
[:slot1:storager] TEMP6000 WR  a=6030 data=0000 mask=ffff pc=00073a
[:slot1:storager] TEMP6000 WR  a=6032 data=0000 mask=ffff pc=00073a
[:slot1:storager] TEMP6000 WR  a=6034 data=0000 mask=ffff pc=00073a
[:slot1:storager] TEMP6000 WR  a=6036 data=0000 mask=ffff pc=00073a
[:slot1:storager] TEMP6000 WR  a=6038 data=0000 mask=ffff pc=00073a
[:slot1:storager] TEMP6000 WR  a=603a data=0000 mask=ffff pc=00073a
[:slot1:storager] TEMP6000 WR  a=603c data=0000 mask=ffff pc=00073a
[:slot1:storager] TEMP6000 WR  a=603e data=0000 mask=ffff pc=00073a
[:slot1:storager] TEMP6000 WR  a=6040 data=0000 mask=ffff pc=00073a
[:slot1:storager] TEMP6000 WR  a=6042 data=0000 mask=ffff pc=00073a
[:slot1:storager] TEMP6000 WR  a=6044 data=0000 mask=ffff pc=00073a
[:slot1:storager] TEMP6000 WR  a=6046 data=0000 mask=ffff pc=00073a
[:slot1:storager] TEMP6000 WR  a=6048 data=0000 mask=ffff pc=00073a
[:slot1:storager] TEMP6000 WR  a=604a data=0000 mask=ffff pc=00073a
[:slot1:storager] TEMP6000 WR  a=604c data=0000 mask=ffff pc=00073a
[:slot1:storager] TEMP6000 WR  a=604e data=0000 mask=ffff pc=00073a
[:slot1:storager] TEMP6000 WR  a=6050 data=0000 mask=ffff pc=00073a
[:slot1:storager] TEMP6000 WR  a=6052 data=0000 mask=ffff pc=00073a
[:slot1:storager] TEMP6000 WR  a=6054 data=0000 mask=ffff pc=00073a
[:slot1:storager] TEMP6000 WR  a=6056 data=0000 mask=ffff pc=00073a
[:slot1:storager] TEMP6000 WR  a=6058 data=0000 mask=ffff pc=00073a
[:slot1:storager] TEMP6000 WR  a=605a data=0000 mask=ffff pc=00073a
[:slot1:storager] TEMP6000 WR  a=605c data=0000 mask=ffff pc=00073a
[:slot1:storager] TEMP6000 WR  a=605e data=0000 mask=ffff pc=00073a
[:slot1:storager] TEMP6000 WR  a=6060 data=0000 mask=ffff pc=00073a
[:slot1:storager] TEMP6000 WR  a=6062 data=0000 mask=ffff pc=00073a
[:slot1:storager] TEMP6000 WR  a=6064 data=0000 mask=ffff pc=00073a
[:slot1:storager] TEMP6000 WR  a=6066 data=0000 mask=ffff pc=00073a
[:slot1:storager] TEMP6000 WR  a=6068 data=0000 mask=ffff pc=00073a
[:slot1:storager] TEMP6000 WR  a=606a data=0000 mask=ffff pc=00073a
[:slot1:storager] TEMP6000 WR  a=606c data=0000 mask=ffff pc=00073a
[:slot1:storager] TEMP6000 WR  a=606e data=0000 mask=ffff pc=00073a
[:slot1:storager] TEMP6000 WR  a=6070 data=0000 mask=ffff pc=00073a
[:slot1:storager] TEMP6000 WR  a=6072 data=0000 mask=ffff pc=00073a
[:slot1:storager] TEMP6000 WR  a=6074 data=0000 mask=ffff pc=00073a
[:slot1:storager] TEMP6000 WR  a=6076 data=0000 mask=ffff pc=00073a
[:slot1:storager] TEMP6000 WR  a=6078 data=0000 mask=ffff pc=00073a
[:slot1:storager] TEMP6000 WR  a=607a data=0000 mask=ffff pc=00073a
[:slot1:storager] TEMP6000 WR  a=607c data=0000 mask=ffff pc=00073a
[:slot1:storager] TEMP6000 WR  a=607e data=0000 mask=ffff pc=00073a
[:slot1:storager] TEMP6000 WR  a=6080 data=0000 mask=ffff pc=00073a
[:slot1:storager] TEMP6000 WR  a=6082 data=0000 mask=ffff pc=00073a
[:slot1:storager] TEMP6000 WR  a=6084 data=0000 mask=ffff pc=00073a
[:slot1:storager] TEMP6000 WR  a=6086 data=0000 mask=ffff pc=00073a
[:slot1:storager] TEMP6000 WR  a=6088 data=0000 mask=ffff pc=00073a
[:slot1:storager] TEMP6000 WR  a=608a data=0000 mask=ffff pc=00073a
[:slot1:storager] TEMP6000 WR  a=608c data=0000 mask=ffff pc=00073a
[:slot1:storager] TEMP6000 WR  a=608e data=0000 mask=ffff pc=00073a
[:slot1:storager] TEMP6000 WR  a=6090 data=0000 mask=ffff pc=00073a
[:slot1:storager] TEMP6000 WR  a=6092 data=0000 mask=ffff pc=00073a
[:slot1:storager] TEMP6000 WR  a=6094 data=0000 mask=ffff pc=00073a
[:slot1:storager] TEMP6000 WR  a=6096 data=0000 mask=ffff pc=00073a
[:slot1:storager] TEMP6000 WR  a=6098 data=0000 mask=ffff pc=00073a
[:slot1:storager] TEMP6000 WR  a=609a data=0000 mask=ffff pc=00073a
[:slot1:storager] TEMP6000 WR  a=609c data=0000 mask=ffff pc=00073a
[:slot1:storager] TEMP6000 WR  a=609e data=0000 mask=ffff pc=00073a
[:slot1:storager] TEMP6000 WR  a=60a0 data=0000 mask=ffff pc=00073a
[:slot1:storager] TEMP6000 WR  a=60a2 data=0000 mask=ffff pc=00073a
[:slot1:storager] TEMP6000 WR  a=60a4 data=0000 mask=ffff pc=00073a
[:slot1:storager] TEMP6000 WR  a=60a6 data=0000 mask=ffff pc=00073a
[:slot1:storager] TEMP6000 WR  a=60a8 data=0000 mask=ffff pc=00073a
[:slot1:storager] TEMP6000 WR  a=60aa data=0000 mask=ffff pc=00073a
[:slot1:storager] TEMP6000 WR  a=60ac data=0000 mask=ffff pc=00073a
[:slot1:storager] TEMP6000 WR  a=60ae data=0000 mask=ffff pc=00073a
[:slot1:storager] TEMP6000 WR  a=60b0 data=0000 mask=ffff pc=00073a
[:slot1:storager] TEMP6000 WR  a=60b2 data=0000 mask=ffff pc=00073a
[:slot1:storager] TEMP6000 WR  a=60b4 data=0000 mask=ffff pc=00073a
[:slot1:storager] TEMP6000 WR  a=60b6 data=0000 mask=ffff pc=00073a
[:slot1:storager] TEMP6000 WR  a=60b8 data=0000 mask=ffff pc=00073a
[:slot1:storager] TEMP6000 WR  a=60ba data=0000 mask=ffff pc=00073a
[:slot1:storager] TEMP6000 WR  a=60bc data=0000 mask=ffff pc=00073a
[:slot1:storager] TEMP6000 WR  a=60be data=0000 mask=ffff pc=00073a
[:slot1:storager] TEMP6000 WR  a=60c0 data=0000 mask=ffff pc=00073a
[:slot1:storager] TEMP6000 WR  a=60c2 data=0000 mask=ffff pc=00073a
[:slot1:storager] TEMP6000 WR  a=60c4 data=0000 mask=ffff pc=00073a
[:slot1:storager] TEMP6000 WR  a=60c6 data=0000 mask=ffff pc=00073a
[:slot1:storager] TEMP6000 WR  a=60c8 data=0000 mask=ffff pc=00073a
[:slot1:storager] TEMP6000 WR  a=60ca data=0000 mask=ffff pc=00073a
[:slot1:storager] TEMP6000 WR  a=60cc data=0000 mask=ffff pc=00073a
[:slot1:storager] TEMP6000 WR  a=60ce data=0000 mask=ffff pc=00073a
[:slot1:storager] TEMP6000 WR  a=60d0 data=0000 mask=ffff pc=00073a
[:slot1:storager] TEMP6000 WR  a=60d2 data=0000 mask=ffff pc=00073a
[:slot1:storager] TEMP6000 WR  a=60d4 data=0000 mask=ffff pc=00073a
[:slot1:storager] TEMP6000 WR  a=60d6 data=0000 mask=ffff pc=00073a
[:slot1:storager] TEMP6000 WR  a=60d8 data=0000 mask=ffff pc=00073a
[:slot1:storager] TEMP6000 WR  a=60da data=0000 mask=ffff pc=00073a
[:slot1:storager] TEMP6000 WR  a=60dc data=0000 mask=ffff pc=00073a
[:slot1:storager] TEMP6000 WR  a=60de data=0000 mask=ffff pc=00073a
[:slot1:storager] TEMP6000 WR  a=60e0 data=0000 mask=ffff pc=00073a
[:slot1:storager] TEMP6000 WR  a=60e2 data=0000 mask=ffff pc=00073a
[:slot1:storager] TEMP6000 WR  a=60e4 data=0000 mask=ffff pc=00073a
[:slot1:storager] TEMP6000 WR  a=60e6 data=0000 mask=ffff pc=00073a
[:slot1:storager] TEMP6000 WR  a=60e8 data=0000 mask=ffff pc=00073a
[:slot1:storager] TEMP6000 WR  a=60ea data=0000 mask=ffff pc=00073a
[:slot1:storager] TEMP6000 WR  a=60ec data=0000 mask=ffff pc=00073a
[:slot1:storager] TEMP6000 WR  a=60ee data=0000 mask=ffff pc=00073a
[:slot1:storager] TEMP6000 WR  a=60f0 data=0000 mask=ffff pc=00073a
[:slot1:storager] TEMP6000 WR  a=60f2 data=0000 mask=ffff pc=00073a
[:slot1:storager] TEMP6000 WR  a=60f4 data=0000 mask=ffff pc=00073a
[:slot1:storager] TEMP6000 WR  a=60f6 data=0000 mask=ffff pc=00073a
[:slot1:storager] TEMP6000 WR  a=60f8 data=0000 mask=ffff pc=00073a
[:slot1:storager] TEMP6000 WR  a=60fa data=0000 mask=ffff pc=00073a
[:slot1:storager] TEMP6000 WR  a=60fc data=0000 mask=ffff pc=00073a
[:slot1:storager] TEMP6000 WR  a=60fe data=0000 mask=ffff pc=00073a
[:slot1:storager] UIB20    10731.2us [6e80] <= 0000 pc=00073a
[:slot1:storager] NODE20    11552.0us [7210] <= 0000 pc=00073a
[:slot1:storager] PHASE    11557.4us [7216] <= 0000 pc=00073a
[:slot1:storager] PHASE    11651.0us [727e] <= 0000 pc=00073a
[:slot1:storager] CTX    11651.0us [727e] <= 0000 pc=00073a IPL=7  <-- IN ISR
[:slot1:storager] QHEAD    11865.2us [736c] <= 0000 pc=00073a
[:slot1:storager] QHEAD    11867.0us [736e] <= 0000 pc=00073a
[:slot1:storager] QHEAD    11868.8us [7370] <= 0000 pc=00073a
[:slot1:storager] QHEAD    11870.6us [7372] <= 0000 pc=00073a
[:slot1:storager] XSTATE    12023.6us [741c] <= 0000
[:slot1:storager] PHASE    12023.6us [741c] <= 0000 pc=00073a
[:slot1:storager] CTX    12023.6us [741c] <= 0000 pc=00073a IPL=7  <-- IN ISR
[:slot1:storager] BUFPTR    12025.4us [741e] <= 0000 (byte 0000) pc=00073a
[:slot1:storager] CTX    12025.4us [741e] <= 0000 pc=00073a IPL=7  <-- IN ISR
[:slot1:storager] CTX    12030.8us [7424] <= 0000 pc=00073a IPL=7  <-- IN ISR
[:slot1:storager] ACCEPT    12034.4us [7428] <= 0000 pc=00073a
[:slot1:storager] CTX    12034.4us [7428] <= 0000 pc=00073a IPL=7  <-- IN ISR
[:slot1:storager] SCAN    12041.6us halted at pos=0   (byte 00) [7956]=0000 | ledger: 00 00 00 00 00 00 00 00 00 00 00 00 00 00 00 00 00 00 00 00 00 00 00 00 00 00 00 00 00 00 
[:slot1:storager] XSTATE    12050.6us [743a] <= 0000
[:slot1:storager] XSTATE    12074.0us [7454] <= 0000
[:slot1:storager] I7462    12086.6us [7462] <= 0000 pc=00073a
[:slot1:storager] POOL    12153.2us [74ac] <= 0000 pc=00073a
[:slot1:storager] CTX    12153.2us [74ac] <= 0000 pc=00073a IPL=7  <-- IN ISR
[:slot1:storager] XSTATE    12160.4us [74b4] <= 0000
[:slot1:storager] LEDGER    12534.8us [7654] pos=0   <= 00 | [7954]=0000 node=0000 n+1=00 [7956]=0000 [7abc]=0000 pc=00073a
[:slot1:storager] LEDGER    12536.6us [7656] pos=2   <= 00 | [7954]=0000 node=0000 n+1=00 [7956]=0000 [7abc]=0000 pc=00073a
[:slot1:storager] LEDGER    12538.4us [7658] pos=4   <= 00 | [7954]=0000 node=0000 n+1=00 [7956]=0000 [7abc]=0000 pc=00073a
[:slot1:storager] LEDGER    12540.2us [765a] pos=6   <= 00 | [7954]=0000 node=0000 n+1=00 [7956]=0000 [7abc]=0000 pc=00073a
[:slot1:storager] LEDGER    12542.0us [765c] pos=8   <= 00 | [7954]=0000 node=0000 n+1=00 [7956]=0000 [7abc]=0000 pc=00073a
[:slot1:storager] LEDGER    12543.8us [765e] pos=10  <= 00 | [7954]=0000 node=0000 n+1=00 [7956]=0000 [7abc]=0000 pc=00073a
[:slot1:storager] LEDGER    12545.6us [7660] pos=12  <= 00 | [7954]=0000 node=0000 n+1=00 [7956]=0000 [7abc]=0000 pc=00073a
[:slot1:storager] LEDGER    12547.4us [7662] pos=14  <= 00 | [7954]=0000 node=0000 n+1=00 [7956]=0000 [7abc]=0000 pc=00073a
[:slot1:storager] LEDGER    12549.2us [7664] pos=16  <= 00 | [7954]=0000 node=0000 n+1=00 [7956]=0000 [7abc]=0000 pc=00073a
[:slot1:storager] LEDGER    12551.0us [7666] pos=18  <= 00 | [7954]=0000 node=0000 n+1=00 [7956]=0000 [7abc]=0000 pc=00073a
[:slot1:storager] LEDGER    12552.8us [7668] pos=20  <= 00 | [7954]=0000 node=0000 n+1=00 [7956]=0000 [7abc]=0000 pc=00073a
[:slot1:storager] LEDGER    12554.6us [766a] pos=22  <= 00 | [7954]=0000 node=0000 n+1=00 [7956]=0000 [7abc]=0000 pc=00073a
[:slot1:storager] LEDGER    12556.4us [766c] pos=24  <= 00 | [7954]=0000 node=0000 n+1=00 [7956]=0000 [7abc]=0000 pc=00073a
[:slot1:storager] LEDGER    12558.2us [766e] pos=26  <= 00 | [7954]=0000 node=0000 n+1=00 [7956]=0000 [7abc]=0000 pc=00073a
[:slot1:storager] LEDGER    12560.0us [7670] pos=28  <= 00 | [7954]=0000 node=0000 n+1=00 [7956]=0000 [7abc]=0000 pc=00073a
[:slot1:storager] LEDGER    12561.8us [7672] pos=30  <= 00 | [7954]=0000 node=0000 n+1=00 [7956]=0000 [7abc]=0000 pc=00073a
[:slot1:storager] LEDGER    12563.6us [7674] pos=32  <= 00 | [7954]=0000 node=0000 n+1=00 [7956]=0000 [7abc]=0000 pc=00073a
[:slot1:storager] LEDGER    12565.4us [7676] pos=34  <= 00 | [7954]=0000 node=0000 n+1=00 [7956]=0000 [7abc]=0000 pc=00073a
[:slot1:storager] LEDGER    12567.2us [7678] pos=36  <= 00 | [7954]=0000 node=0000 n+1=00 [7956]=0000 [7abc]=0000 pc=00073a
[:slot1:storager] LEDGER    12569.0us [767a] pos=38  <= 00 | [7954]=0000 node=0000 n+1=00 [7956]=0000 [7abc]=0000 pc=00073a
[:slot1:storager] LEDGER    12570.8us [767c] pos=40  <= 00 | [7954]=0000 node=0000 n+1=00 [7956]=0000 [7abc]=0000 pc=00073a
[:slot1:storager] LEDGER    12572.6us [767e] pos=42  <= 00 | [7954]=0000 node=0000 n+1=00 [7956]=0000 [7abc]=0000 pc=00073a
[:slot1:storager] LEDGER    12574.4us [7680] pos=44  <= 00 | [7954]=0000 node=0000 n+1=00 [7956]=0000 [7abc]=0000 pc=00073a
[:slot1:storager] LEDGER    12576.2us [7682] pos=46  <= 00 | [7954]=0000 node=0000 n+1=00 [7956]=0000 [7abc]=0000 pc=00073a
[:slot1:storager] LEDGER    12578.0us [7684] pos=48  <= 00 | [7954]=0000 node=0000 n+1=00 [7956]=0000 [7abc]=0000 pc=00073a
[:slot1:storager] LEDGER    12579.8us [7686] pos=50  <= 00 | [7954]=0000 node=0000 n+1=00 [7956]=0000 [7abc]=0000 pc=00073a
[:slot1:storager] LEDGER    12581.6us [7688] pos=52  <= 00 | [7954]=0000 node=0000 n+1=00 [7956]=0000 [7abc]=0000 pc=00073a
[:slot1:storager] LEDGER    12583.4us [768a] pos=54  <= 00 | [7954]=0000 node=0000 n+1=00 [7956]=0000 [7abc]=0000 pc=00073a
[:slot1:storager] LEDGER    12585.2us [768c] pos=56  <= 00 | [7954]=0000 node=0000 n+1=00 [7956]=0000 [7abc]=0000 pc=00073a
[:slot1:storager] LEDGER    12587.0us [768e] pos=58  <= 00 | [7954]=0000 node=0000 n+1=00 [7956]=0000 [7abc]=0000 pc=00073a
[:slot1:storager] LEDGER    12588.8us [7690] pos=60  <= 00 | [7954]=0000 node=0000 n+1=00 [7956]=0000 [7abc]=0000 pc=00073a
[:slot1:storager] LEDGER    12590.6us [7692] pos=62  <= 00 | [7954]=0000 node=0000 n+1=00 [7956]=0000 [7abc]=0000 pc=00073a
[:slot1:storager] LEDGER    12592.4us [7694] pos=64  <= 00 | [7954]=0000 node=0000 n+1=00 [7956]=0000 [7abc]=0000 pc=00073a
[:slot1:storager] LEDGER    12594.2us [7696] pos=66  <= 00 | [7954]=0000 node=0000 n+1=00 [7956]=0000 [7abc]=0000 pc=00073a
[:slot1:storager] LEDGER    12596.0us [7698] pos=68  <= 00 | [7954]=0000 node=0000 n+1=00 [7956]=0000 [7abc]=0000 pc=00073a
[:slot1:storager] LEDGER    12597.8us [769a] pos=70  <= 00 | [7954]=0000 node=0000 n+1=00 [7956]=0000 [7abc]=0000 pc=00073a
[:slot1:storager] LEDGER    12599.6us [769c] pos=72  <= 00 | [7954]=0000 node=0000 n+1=00 [7956]=0000 [7abc]=0000 pc=00073a
[:slot1:storager] LEDGER    12601.4us [769e] pos=74  <= 00 | [7954]=0000 node=0000 n+1=00 [7956]=0000 [7abc]=0000 pc=00073a
[:slot1:storager] LEDGER    12603.2us [76a0] pos=76  <= 00 | [7954]=0000 node=0000 n+1=00 [7956]=0000 [7abc]=0000 pc=00073a
[:slot1:storager] LEDGER    12605.0us [76a2] pos=78  <= 00 | [7954]=0000 node=0000 n+1=00 [7956]=0000 [7abc]=0000 pc=00073a
[:slot1:storager] LEDGER    12606.8us [76a4] pos=80  <= 00 | [7954]=0000 node=0000 n+1=00 [7956]=0000 [7abc]=0000 pc=00073a
[:slot1:storager] REMAIN    13227.8us [7956] <= 0000 pc=00073a
[:slot1:storager] DESC    13229.6us [7958] word<=0000 mask=ffff pc=00073a | [7abe]=00000000 [7958]=00000000 [7abc]=0000
[:slot1:storager] DESC    13231.4us [7958] word<=0000 mask=ffff pc=00073a | [7abe]=00000000 [7958]=00000000 [7abc]=0000
[:slot1:storager] XSTATE    13244.0us [7968] <= 0000
[:slot1:storager] PHASE    13244.0us [7968] <= 0000 pc=00073a
[:slot1:storager] CTX    13244.0us [7968] <= 0000 pc=00073a IPL=7  <-- IN ISR
[:slot1:storager] CTX    13247.6us [796c] <= 0000 pc=00073a IPL=7  <-- IN ISR
[:slot1:storager] SEEKF    13278.2us [798e] <= 0000 pc=00073a
[:slot1:storager] CTX    13278.2us [798e] <= 0000 pc=00073a IPL=7  <-- IN ISR
[:slot1:storager] SEEKF    13280.0us [7990] <= 0000 pc=00073a
[:slot1:storager] CUR    13289.0us [799a] <= 0000 pc=00073a
[:slot1:storager] CNT    13296.2us [79a2] <= 0000 pc=00073a
[:slot1:storager] CNT    13298.0us [79a4] <= 0000 pc=00073a
[:slot1:storager] XSTATE    13404.2us [7a1a] <= 0000
[:slot1:storager] A30    13424.0us [7a30] <= 0000 pc=00073a
[:slot1:storager] CTX    13424.0us [7a30] <= 0000 pc=00073a IPL=7  <-- IN ISR
[:slot1:storager] SFLAG    13429.4us [7a36] <= 0000 pc=00073a
[:slot1:storager] CTX    13429.4us [7a36] <= 0000 pc=00073a IPL=7  <-- IN ISR
[:slot1:storager] SFLAG    13431.2us [7a38] <= 0000 pc=00073a
[:slot1:storager] GUARD    13436.6us [7a3e] <= 0000 pc=00073a
[:slot1:storager] CTX    13436.6us [7a3e] <= 0000 pc=00073a IPL=7  <-- IN ISR
[:slot1:storager] GUARD    13438.4us [7a40] <= 0000 pc=00073a
[:slot1:storager] CTX    13438.4us [7a40] <= 0000 pc=00073a IPL=7  <-- IN ISR
[:slot1:storager] TEMPCNT 7abc <= 0000 mask=ffff pc=00073a
[:slot1:storager] DESC    13551.8us [7abe] word<=0000 mask=ffff pc=00073a | [7abe]=00000000 [7958]=00000000 [7abc]=0000
[:slot1:storager] TEMPCNT 7abe <= 0000 mask=ffff pc=00073a
[:slot1:storager] DESC    13553.6us [7abe] word<=0000 mask=ffff pc=00073a | [7abe]=00000000 [7958]=00000000 [7abc]=0000
[:slot1:storager] AAPATH    13557.2us [7ac4] <= 0000 pc=00073a  [7968]=0000
[:slot1:storager] AAPATH    13625.6us [7b10] <= 0000 pc=00073a  [7968]=0000
[:slot1:storager] CTX    13625.6us [7b10] <= 0000 pc=00073a IPL=7  <-- IN ISR
[:slot3:serad:cpu] ':slot3:serad:cpu' (0069): unmapped program memory write to 1FFF = 81 & FF
[:slot3:serad] 8085 mbx WR [0] = 00 @0.06401
[:slot3:serad] 8085 mbx[0] = 00 @0.06401
[:slot3:serad] 8085 mbx WR [1] = 00 @0.06402
[:slot3:serad] 8085 mbx[1] = 00 @0.06402
[:slot3:serad] 8085 mbx WR [2] = 00 @0.06403
[:slot3:serad] 8085 mbx[2] = 00 @0.06403
[:slot3:serad] 8085 mbx WR [3] = 00 @0.06404
[:slot3:serad] 8085 mbx[3] = 00 @0.06404
[:slot3:serad] 8085 mbx[4] = 00 @0.06404
[:slot3:serad] 8085 mbx[5] = 00 @0.06405
[:slot3:serad] 8085 mbx[6] = 00 @0.06406
[:slot3:serad] 8085 mbx[7] = 00 @0.06407
[:slot3:serad] 8085 mbxhi WR [098] = 00 @0.06535
[:slot3:serad] 8085 mbxhi WR [099] = 00 @0.06536
[:slot3:serad] 8085 mbxhi WR [09a] = 00 @0.06536
[:slot3:serad] 8085 mbxhi WR [09b] = 00 @0.06537
[:slot3:serad] 8085 mbxhi WR [09d] = 00 @0.06539
[:slot3:serad] 8085 mbxhi WR [09e] = 00 @0.06540
[:slot3:serad] 8085 mbxhi WR [09f] = 00 @0.06541
[:slot3:serad] 8085 mbxhi WR [0a0] = 00 @0.06542
[:slot3:serad] 8085 mbxhi WR [0a1] = 00 @0.06543
[:slot3:serad] 8085 mbxhi WR [0a2] = 00 @0.06544
[:slot3:serad] 8085 mbxhi WR [0a3] = 00 @0.06544
[:slot1:storager] TEMP6000 rd  a=6000 mask=ffff data=0000 pc=009d34
[:slot1:storager] TEMP6000 rd  a=6002 mask=ffff data=0000 pc=009d34
[:slot1:storager] TEMP6000 rd  a=6004 mask=ffff data=0000 pc=009d34
[:slot1:storager] TEMP6000 rd  a=6006 mask=ffff data=0000 pc=009d34
[:slot1:storager] TEMP6000 rd  a=6008 mask=ffff data=0000 pc=009d34
[:slot1:storager] TEMP6000 rd  a=600a mask=ffff data=0000 pc=009d34
[:slot1:storager] TEMP6000 rd  a=600c mask=ffff data=0000 pc=009d34
[:slot1:storager] TEMP6000 rd  a=600e mask=ffff data=0000 pc=009d34
[:slot1:storager] TEMP6000 rd  a=6010 mask=ffff data=0000 pc=009d34
[:slot1:storager] TEMP6000 rd  a=6012 mask=ffff data=0000 pc=009d34
[:slot1:storager] TEMP6000 rd  a=6014 mask=ffff data=0000 pc=009d34
[:slot1:storager] TEMP6000 rd  a=6016 mask=ffff data=0000 pc=009d34
[:slot1:storager] TEMP6000 rd  a=6018 mask=ffff data=0000 pc=009d34
[:slot1:storager] TEMP6000 rd  a=601a mask=ffff data=0000 pc=009d34
[:slot1:storager] TEMP6000 rd  a=601c mask=ffff data=0000 pc=009d34
[:slot1:storager] TEMP6000 rd  a=601e mask=ffff data=0000 pc=009d34
[:slot1:storager] TEMP6000 rd  a=6020 mask=ffff data=0000 pc=009d34
[:slot1:storager] TEMP6000 rd  a=6022 mask=ffff data=0000 pc=009d34
[:slot1:storager] TEMP6000 rd  a=6024 mask=ffff data=0000 pc=009d34
[:slot1:storager] TEMP6000 rd  a=6026 mask=ffff data=0000 pc=009d34
[:slot1:storager] TEMP6000 rd  a=6028 mask=ffff data=0000 pc=009d34
[:slot1:storager] TEMP6000 rd  a=602a mask=ffff data=0000 pc=009d34
[:slot1:storager] TEMP6000 rd  a=602c mask=ffff data=0000 pc=009d34
[:slot1:storager] TEMP6000 rd  a=602e mask=ffff data=0000 pc=009d34
[:slot1:storager] TEMP6000 rd  a=6030 mask=ffff data=0000 pc=009d34
[:slot1:storager] TEMP6000 rd  a=6032 mask=ffff data=0000 pc=009d34
[:slot1:storager] TEMP6000 rd  a=6034 mask=ffff data=0000 pc=009d34
[:slot1:storager] TEMP6000 rd  a=6036 mask=ffff data=0000 pc=009d34
[:slot1:storager] TEMP6000 rd  a=6038 mask=ffff data=0000 pc=009d34
[:slot1:storager] TEMP6000 rd  a=603a mask=ffff data=0000 pc=009d34
[:slot1:storager] TEMP6000 rd  a=603c mask=ffff data=0000 pc=009d34
[:slot1:storager] TEMP6000 rd  a=603e mask=ffff data=0000 pc=009d34
[:slot1:storager] TEMP6000 rd  a=6040 mask=ffff data=0000 pc=009d34
[:slot1:storager] TEMP6000 rd  a=6042 mask=ffff data=0000 pc=009d34
[:slot1:storager] TEMP6000 rd  a=6044 mask=ffff data=0000 pc=009d34
[:slot1:storager] TEMP6000 rd  a=6046 mask=ffff data=0000 pc=009d34
[:slot1:storager] TEMP6000 rd  a=6048 mask=ffff data=0000 pc=009d34
[:slot1:storager] TEMP6000 rd  a=604a mask=ffff data=0000 pc=009d34
[:slot1:storager] TEMP6000 rd  a=604c mask=ffff data=0000 pc=009d34
[:slot1:storager] TEMP6000 rd  a=604e mask=ffff data=0000 pc=009d34
[:slot1:storager] TEMP6000 rd  a=6050 mask=ffff data=0000 pc=009d34
[:slot1:storager] TEMP6000 rd  a=6052 mask=ffff data=0000 pc=009d34
[:slot1:storager] TEMP6000 rd  a=6054 mask=ffff data=0000 pc=009d34
[:slot1:storager] TEMP6000 rd  a=6056 mask=ffff data=0000 pc=009d34
[:slot1:storager] TEMP6000 rd  a=6058 mask=ffff data=0000 pc=009d34
[:slot1:storager] TEMP6000 rd  a=605a mask=ffff data=0000 pc=009d34
[:slot1:storager] TEMP6000 rd  a=605c mask=ffff data=0000 pc=009d34
[:slot1:storager] TEMP6000 rd  a=605e mask=ffff data=0000 pc=009d34
[:slot1:storager] TEMP6000 rd  a=6060 mask=ffff data=0000 pc=009d34
[:slot1:storager] TEMP6000 rd  a=6062 mask=ffff data=0000 pc=009d34
[:slot1:storager] TEMP6000 rd  a=6064 mask=ffff data=0000 pc=009d34
[:slot1:storager] TEMP6000 rd  a=6066 mask=ffff data=0000 pc=009d34
[:slot1:storager] TEMP6000 rd  a=6068 mask=ffff data=0000 pc=009d34
[:slot1:storager] TEMP6000 rd  a=606a mask=ffff data=0000 pc=009d34
[:slot1:storager] TEMP6000 rd  a=606c mask=ffff data=0000 pc=009d34
[:slot1:storager] TEMP6000 rd  a=606e mask=ffff data=0000 pc=009d34
[:slot1:storager] TEMP6000 rd  a=6070 mask=ffff data=0000 pc=009d34
[:slot1:storager] TEMP6000 rd  a=6072 mask=ffff data=0000 pc=009d34
[:slot1:storager] TEMP6000 rd  a=6074 mask=ffff data=0000 pc=009d34
[:slot1:storager] TEMP6000 rd  a=6076 mask=ffff data=0000 pc=009d34
[:slot1:storager] TEMP6000 rd  a=6078 mask=ffff data=0000 pc=009d34
[:slot1:storager] TEMP6000 rd  a=607a mask=ffff data=0000 pc=009d34
[:slot1:storager] TEMP6000 rd  a=607c mask=ffff data=0000 pc=009d34
[:slot1:storager] TEMP6000 rd  a=607e mask=ffff data=0000 pc=009d34
[:slot1:storager] TEMP6000 rd  a=6080 mask=ffff data=0000 pc=009d34
[:slot1:storager] TEMP6000 rd  a=6082 mask=ffff data=0000 pc=009d34
[:slot1:storager] TEMP6000 rd  a=6084 mask=ffff data=0000 pc=009d34
[:slot1:storager] TEMP6000 rd  a=6086 mask=ffff data=0000 pc=009d34
[:slot1:storager] TEMP6000 rd  a=6088 mask=ffff data=0000 pc=009d34
[:slot1:storager] TEMP6000 rd  a=608a mask=ffff data=0000 pc=009d34
[:slot1:storager] TEMP6000 rd  a=608c mask=ffff data=0000 pc=009d34
[:slot1:storager] TEMP6000 rd  a=608e mask=ffff data=0000 pc=009d34
[:slot1:storager] TEMP6000 rd  a=6090 mask=ffff data=0000 pc=009d34
[:slot1:storager] TEMP6000 rd  a=6092 mask=ffff data=0000 pc=009d34
[:slot1:storager] TEMP6000 rd  a=6094 mask=ffff data=0000 pc=009d34
[:slot1:storager] TEMP6000 rd  a=6096 mask=ffff data=0000 pc=009d34
[:slot1:storager] TEMP6000 rd  a=6098 mask=ffff data=0000 pc=009d34
[:slot1:storager] TEMP6000 rd  a=609a mask=ffff data=0000 pc=009d34
[:slot1:storager] TEMP6000 rd  a=609c mask=ffff data=0000 pc=009d34
[:slot1:storager] TEMP6000 rd  a=609e mask=ffff data=0000 pc=009d34
[:slot1:storager] TEMP6000 rd  a=60a0 mask=ffff data=0000 pc=009d34
[:slot1:storager] TEMP6000 rd  a=60a2 mask=ffff data=0000 pc=009d34
[:slot1:storager] TEMP6000 rd  a=60a4 mask=ffff data=0000 pc=009d34
[:slot1:storager] TEMP6000 rd  a=60a6 mask=ffff data=0000 pc=009d34
[:slot1:storager] TEMP6000 rd  a=60a8 mask=ffff data=0000 pc=009d34
[:slot1:storager] TEMP6000 rd  a=60aa mask=ffff data=0000 pc=009d34
[:slot1:storager] TEMP6000 rd  a=60ac mask=ffff data=0000 pc=009d34
[:slot1:storager] TEMP6000 rd  a=60ae mask=ffff data=0000 pc=009d34
[:slot1:storager] TEMP6000 rd  a=60b0 mask=ffff data=0000 pc=009d34
[:slot1:storager] TEMP6000 rd  a=60b2 mask=ffff data=0000 pc=009d34
[:slot1:storager] TEMP6000 rd  a=60b4 mask=ffff data=0000 pc=009d34
[:slot1:storager] TEMP6000 rd  a=60b6 mask=ffff data=0000 pc=009d34
[:slot1:storager] TEMP6000 rd  a=60b8 mask=ffff data=0000 pc=009d34
[:slot1:storager] TEMP6000 rd  a=60ba mask=ffff data=0000 pc=009d34
[:slot1:storager] TEMP6000 rd  a=60bc mask=ffff data=0000 pc=009d34
[:slot1:storager] TEMP6000 rd  a=60be mask=ffff data=0000 pc=009d34
[:slot1:storager] TEMP6000 rd  a=60c0 mask=ffff data=0000 pc=009d34
[:slot1:storager] TEMP6000 rd  a=60c2 mask=ffff data=0000 pc=009d34
[:slot1:storager] TEMP6000 rd  a=60c4 mask=ffff data=0000 pc=009d34
[:slot1:storager] TEMP6000 rd  a=60c6 mask=ffff data=0000 pc=009d34
[:slot1:storager] TEMP6000 rd  a=60c8 mask=ffff data=0000 pc=009d34
[:slot1:storager] TEMP6000 rd  a=60ca mask=ffff data=0000 pc=009d34
[:slot1:storager] TEMP6000 rd  a=60cc mask=ffff data=0000 pc=009d34
[:slot1:storager] TEMP6000 rd  a=60ce mask=ffff data=0000 pc=009d34
[:slot1:storager] TEMP6000 rd  a=60d0 mask=ffff data=0000 pc=009d34
[:slot1:storager] TEMP6000 rd  a=60d2 mask=ffff data=0000 pc=009d34
[:slot1:storager] TEMP6000 rd  a=60d4 mask=ffff data=0000 pc=009d34
[:slot1:storager] TEMP6000 rd  a=60d6 mask=ffff data=0000 pc=009d34
[:slot1:storager] TEMP6000 rd  a=60d8 mask=ffff data=0000 pc=009d34
[:slot1:storager] TEMP6000 rd  a=60da mask=ffff data=0000 pc=009d34
[:slot1:storager] TEMP6000 rd  a=60dc mask=ffff data=0000 pc=009d34
[:slot1:storager] TEMP6000 rd  a=60de mask=ffff data=0000 pc=009d34
[:slot1:storager] TEMP6000 rd  a=60e0 mask=ffff data=0000 pc=009d34
[:slot1:storager] TEMP6000 rd  a=60e2 mask=ffff data=0000 pc=009d34
[:slot1:storager] TEMP6000 rd  a=60e4 mask=ffff data=0000 pc=009d34
[:slot1:storager] TEMP6000 rd  a=60e6 mask=ffff data=0000 pc=009d34
[:slot1:storager] TEMP6000 rd  a=60e8 mask=ffff data=0000 pc=009d34
[:slot1:storager] TEMP6000 rd  a=60ea mask=ffff data=0000 pc=009d34
[:slot1:storager] TEMP6000 rd  a=60ec mask=ffff data=0000 pc=009d34
[:slot1:storager] TEMP6000 rd  a=60ee mask=ffff data=0000 pc=009d34
[:slot1:storager] TEMP6000 rd  a=60f0 mask=ffff data=0000 pc=009d34
[:slot1:storager] TEMP6000 rd  a=60f2 mask=ffff data=0000 pc=009d34
[:slot1:storager] TEMP6000 rd  a=60f4 mask=ffff data=0000 pc=009d34
[:slot1:storager] TEMP6000 rd  a=60f6 mask=ffff data=0000 pc=009d34
[:slot1:storager] TEMP6000 rd  a=60f8 mask=ffff data=0000 pc=009d34
[:slot1:storager] TEMP6000 rd  a=60fa mask=ffff data=0000 pc=009d34
[:slot1:storager] TEMP6000 rd  a=60fc mask=ffff data=0000 pc=009d34
[:slot1:storager] TEMP6000 rd  a=60fe mask=ffff data=0000 pc=009d34
[:slot1:storager] TEMP6000 WR  a=6000 data=0101 mask=ff00 pc=009ce6
[:slot1:storager] TEMP6000 WR  a=6000 data=0202 mask=00ff pc=009ce6
[:slot1:storager] TEMP6000 WR  a=6002 data=0303 mask=ff00 pc=009ce6
[:slot1:storager] TEMP6000 WR  a=6002 data=0404 mask=00ff pc=009ce6
[:slot1:storager] TEMP6000 WR  a=6004 data=0505 mask=ff00 pc=009ce6
[:slot1:storager] TEMP6000 WR  a=6004 data=0606 mask=00ff pc=009ce6
[:slot1:storager] TEMP6000 WR  a=6006 data=0707 mask=ff00 pc=009ce6
[:slot1:storager] TEMP6000 WR  a=6006 data=0808 mask=00ff pc=009ce6
[:slot1:storager] TEMP6000 WR  a=6008 data=0909 mask=ff00 pc=009ce6
[:slot1:storager] TEMP6000 WR  a=6008 data=0a0a mask=00ff pc=009ce6
[:slot1:storager] TEMP6000 WR  a=600a data=0b0b mask=ff00 pc=009ce6
[:slot1:storager] TEMP6000 WR  a=600a data=0c0c mask=00ff pc=009ce6
[:slot1:storager] TEMP6000 WR  a=600c data=0d0d mask=ff00 pc=009ce6
[:slot1:storager] TEMP6000 WR  a=600c data=0e0e mask=00ff pc=009ce6
[:slot1:storager] TEMP6000 WR  a=600e data=0f0f mask=ff00 pc=009ce6
[:slot1:storager] TEMP6000 WR  a=600e data=1010 mask=00ff pc=009ce6
[:slot1:storager] TEMP6000 WR  a=6010 data=1111 mask=ff00 pc=009ce6
[:slot1:storager] TEMP6000 WR  a=6010 data=1212 mask=00ff pc=009ce6
[:slot1:storager] TEMP6000 WR  a=6012 data=1313 mask=ff00 pc=009ce6
[:slot1:storager] TEMP6000 WR  a=6012 data=1414 mask=00ff pc=009ce6
[:slot1:storager] TEMP6000 WR  a=6014 data=1515 mask=ff00 pc=009ce6
[:slot1:storager] TEMP6000 WR  a=6014 data=1616 mask=00ff pc=009ce6
[:slot1:storager] TEMP6000 WR  a=6016 data=1717 mask=ff00 pc=009ce6
[:slot1:storager] TEMP6000 WR  a=6016 data=1818 mask=00ff pc=009ce6
[:slot1:storager] TEMP6000 WR  a=6018 data=1919 mask=ff00 pc=009ce6
[:slot1:storager] TEMP6000 WR  a=6018 data=1a1a mask=00ff pc=009ce6
[:slot1:storager] TEMP6000 WR  a=601a data=1b1b mask=ff00 pc=009ce6
[:slot1:storager] TEMP6000 WR  a=601a data=1c1c mask=00ff pc=009ce6
[:slot1:storager] TEMP6000 WR  a=601c data=1d1d mask=ff00 pc=009ce6
[:slot1:storager] TEMP6000 WR  a=601c data=1e1e mask=00ff pc=009ce6
[:slot1:storager] TEMP6000 WR  a=601e data=1f1f mask=ff00 pc=009ce6
[:slot1:storager] TEMP6000 WR  a=601e data=2020 mask=00ff pc=009ce6
[:slot1:storager] TEMP6000 WR  a=6020 data=2121 mask=ff00 pc=009ce6
[:slot1:storager] TEMP6000 WR  a=6020 data=2222 mask=00ff pc=009ce6
[:slot1:storager] TEMP6000 WR  a=6022 data=2323 mask=ff00 pc=009ce6
[:slot1:storager] TEMP6000 WR  a=6022 data=2424 mask=00ff pc=009ce6
[:slot1:storager] TEMP6000 WR  a=6024 data=2525 mask=ff00 pc=009ce6
[:slot1:storager] TEMP6000 WR  a=6024 data=2626 mask=00ff pc=009ce6
[:slot1:storager] TEMP6000 WR  a=6026 data=2727 mask=ff00 pc=009ce6
[:slot1:storager] TEMP6000 WR  a=6026 data=2828 mask=00ff pc=009ce6
[:slot1:storager] TEMP6000 WR  a=6028 data=2929 mask=ff00 pc=009ce6
[:slot1:storager] TEMP6000 WR  a=6028 data=2a2a mask=00ff pc=009ce6
[:slot1:storager] TEMP6000 WR  a=602a data=2b2b mask=ff00 pc=009ce6
[:slot1:storager] TEMP6000 WR  a=602a data=2c2c mask=00ff pc=009ce6
[:slot1:storager] TEMP6000 WR  a=602c data=2d2d mask=ff00 pc=009ce6
[:slot1:storager] TEMP6000 WR  a=602c data=2e2e mask=00ff pc=009ce6
[:slot1:storager] TEMP6000 WR  a=602e data=2f2f mask=ff00 pc=009ce6
[:slot1:storager] TEMP6000 WR  a=602e data=3030 mask=00ff pc=009ce6
[:slot1:storager] TEMP6000 WR  a=6030 data=3131 mask=ff00 pc=009ce6
[:slot1:storager] TEMP6000 WR  a=6030 data=3232 mask=00ff pc=009ce6
[:slot1:storager] TEMP6000 WR  a=6032 data=3333 mask=ff00 pc=009ce6
[:slot1:storager] TEMP6000 WR  a=6032 data=3434 mask=00ff pc=009ce6
[:slot1:storager] TEMP6000 WR  a=6034 data=3535 mask=ff00 pc=009ce6
[:slot1:storager] TEMP6000 WR  a=6034 data=3636 mask=00ff pc=009ce6
[:slot1:storager] TEMP6000 WR  a=6036 data=3737 mask=ff00 pc=009ce6
[:slot1:storager] TEMP6000 WR  a=6036 data=3838 mask=00ff pc=009ce6
[:slot1:storager] TEMP6000 WR  a=6038 data=3939 mask=ff00 pc=009ce6
[:slot1:storager] TEMP6000 WR  a=6038 data=3a3a mask=00ff pc=009ce6
[:slot1:storager] TEMP6000 WR  a=603a data=3b3b mask=ff00 pc=009ce6
[:slot1:storager] TEMP6000 WR  a=603a data=3c3c mask=00ff pc=009ce6
[:slot1:storager] TEMP6000 WR  a=603c data=3d3d mask=ff00 pc=009ce6
[:slot1:storager] TEMP6000 WR  a=603c data=3e3e mask=00ff pc=009ce6
[:slot1:storager] TEMP6000 WR  a=603e data=3f3f mask=ff00 pc=009ce6
[:slot1:storager] TEMP6000 WR  a=603e data=4040 mask=00ff pc=009ce6
[:slot1:storager] TEMP6000 WR  a=6040 data=4141 mask=ff00 pc=009ce6
[:slot1:storager] TEMP6000 WR  a=6040 data=4242 mask=00ff pc=009ce6
[:slot1:storager] TEMP6000 WR  a=6042 data=4343 mask=ff00 pc=009ce6
[:slot1:storager] TEMP6000 WR  a=6042 data=4444 mask=00ff pc=009ce6
[:slot1:storager] TEMP6000 WR  a=6044 data=4545 mask=ff00 pc=009ce6
[:slot1:storager] TEMP6000 WR  a=6044 data=4646 mask=00ff pc=009ce6
[:slot1:storager] TEMP6000 WR  a=6046 data=4747 mask=ff00 pc=009ce6
[:slot1:storager] TEMP6000 WR  a=6046 data=4848 mask=00ff pc=009ce6
[:slot1:storager] TEMP6000 WR  a=6048 data=4949 mask=ff00 pc=009ce6
[:slot1:storager] TEMP6000 WR  a=6048 data=4a4a mask=00ff pc=009ce6
[:slot1:storager] TEMP6000 WR  a=604a data=4b4b mask=ff00 pc=009ce6
[:slot1:storager] TEMP6000 WR  a=604a data=4c4c mask=00ff pc=009ce6
[:slot1:storager] TEMP6000 WR  a=604c data=4d4d mask=ff00 pc=009ce6
[:slot1:storager] TEMP6000 WR  a=604c data=4e4e mask=00ff pc=009ce6
[:slot1:storager] TEMP6000 WR  a=604e data=4f4f mask=ff00 pc=009ce6
[:slot1:storager] TEMP6000 WR  a=604e data=5050 mask=00ff pc=009ce6
[:slot1:storager] TEMP6000 WR  a=6050 data=5151 mask=ff00 pc=009ce6
[:slot1:storager] TEMP6000 WR  a=6050 data=5252 mask=00ff pc=009ce6
[:slot1:storager] TEMP6000 WR  a=6052 data=5353 mask=ff00 pc=009ce6
[:slot1:storager] TEMP6000 WR  a=6052 data=5454 mask=00ff pc=009ce6
[:slot1:storager] TEMP6000 WR  a=6054 data=5555 mask=ff00 pc=009ce6
[:slot1:storager] TEMP6000 WR  a=6054 data=5656 mask=00ff pc=009ce6
[:slot1:storager] TEMP6000 WR  a=6056 data=5757 mask=ff00 pc=009ce6
[:slot1:storager] TEMP6000 WR  a=6056 data=5858 mask=00ff pc=009ce6
[:slot1:storager] TEMP6000 WR  a=6058 data=5959 mask=ff00 pc=009ce6
[:slot1:storager] TEMP6000 WR  a=6058 data=5a5a mask=00ff pc=009ce6
[:slot1:storager] TEMP6000 WR  a=605a data=5b5b mask=ff00 pc=009ce6
[:slot1:storager] TEMP6000 WR  a=605a data=5c5c mask=00ff pc=009ce6
[:slot1:storager] TEMP6000 WR  a=605c data=5d5d mask=ff00 pc=009ce6
[:slot1:storager] TEMP6000 WR  a=605c data=5e5e mask=00ff pc=009ce6
[:slot1:storager] TEMP6000 WR  a=605e data=5f5f mask=ff00 pc=009ce6
[:slot1:storager] TEMP6000 WR  a=605e data=6060 mask=00ff pc=009ce6
[:slot1:storager] TEMP6000 WR  a=6060 data=6161 mask=ff00 pc=009ce6
[:slot1:storager] TEMP6000 WR  a=6060 data=6262 mask=00ff pc=009ce6
[:slot1:storager] TEMP6000 WR  a=6062 data=6363 mask=ff00 pc=009ce6
[:slot1:storager] TEMP6000 WR  a=6062 data=6464 mask=00ff pc=009ce6
[:slot1:storager] TEMP6000 WR  a=6064 data=6565 mask=ff00 pc=009ce6
[:slot1:storager] TEMP6000 WR  a=6064 data=6666 mask=00ff pc=009ce6
[:slot1:storager] TEMP6000 WR  a=6066 data=6767 mask=ff00 pc=009ce6
[:slot1:storager] TEMP6000 WR  a=6066 data=6868 mask=00ff pc=009ce6
[:slot1:storager] TEMP6000 WR  a=6068 data=6969 mask=ff00 pc=009ce6
[:slot1:storager] TEMP6000 WR  a=6068 data=6a6a mask=00ff pc=009ce6
[:slot1:storager] TEMP6000 WR  a=606a data=6b6b mask=ff00 pc=009ce6
[:slot1:storager] TEMP6000 WR  a=606a data=6c6c mask=00ff pc=009ce6
[:slot1:storager] TEMP6000 WR  a=606c data=6d6d mask=ff00 pc=009ce6
[:slot1:storager] TEMP6000 WR  a=606c data=6e6e mask=00ff pc=009ce6
[:slot1:storager] TEMP6000 WR  a=606e data=6f6f mask=ff00 pc=009ce6
[:slot1:storager] TEMP6000 WR  a=606e data=7070 mask=00ff pc=009ce6
[:slot1:storager] TEMP6000 WR  a=6070 data=7171 mask=ff00 pc=009ce6
[:slot1:storager] TEMP6000 WR  a=6070 data=7272 mask=00ff pc=009ce6
[:slot1:storager] TEMP6000 WR  a=6072 data=7373 mask=ff00 pc=009ce6
[:slot1:storager] TEMP6000 WR  a=6072 data=7474 mask=00ff pc=009ce6
[:slot1:storager] TEMP6000 WR  a=6074 data=7575 mask=ff00 pc=009ce6
[:slot1:storager] TEMP6000 WR  a=6074 data=7676 mask=00ff pc=009ce6
[:slot1:storager] TEMP6000 WR  a=6076 data=7777 mask=ff00 pc=009ce6
[:slot1:storager] TEMP6000 WR  a=6076 data=7878 mask=00ff pc=009ce6
[:slot1:storager] TEMP6000 WR  a=6078 data=7979 mask=ff00 pc=009ce6
[:slot1:storager] TEMP6000 WR  a=6078 data=7a7a mask=00ff pc=009ce6
[:slot1:storager] TEMP6000 WR  a=607a data=7b7b mask=ff00 pc=009ce6
[:slot1:storager] TEMP6000 WR  a=607a data=7c7c mask=00ff pc=009ce6
[:slot1:storager] TEMP6000 WR  a=607c data=7d7d mask=ff00 pc=009ce6
[:slot1:storager] TEMP6000 WR  a=607c data=7e7e mask=00ff pc=009ce6
[:slot1:storager] TEMP6000 WR  a=607e data=7f7f mask=ff00 pc=009ce6
[:slot1:storager] TEMP6000 WR  a=607e data=8080 mask=00ff pc=009ce6
[:slot1:storager] TEMP6000 WR  a=6080 data=8181 mask=ff00 pc=009ce6
[:slot1:storager] TEMP6000 WR  a=6080 data=8282 mask=00ff pc=009ce6
[:slot1:storager] TEMP6000 WR  a=6082 data=8383 mask=ff00 pc=009ce6
[:slot1:storager] TEMP6000 WR  a=6082 data=8484 mask=00ff pc=009ce6
[:slot1:storager] TEMP6000 WR  a=6084 data=8585 mask=ff00 pc=009ce6
[:slot1:storager] TEMP6000 WR  a=6084 data=8686 mask=00ff pc=009ce6
[:slot1:storager] TEMP6000 WR  a=6086 data=8787 mask=ff00 pc=009ce6
[:slot1:storager] TEMP6000 WR  a=6086 data=8888 mask=00ff pc=009ce6
[:slot1:storager] TEMP6000 WR  a=6088 data=8989 mask=ff00 pc=009ce6
[:slot1:storager] TEMP6000 WR  a=6088 data=8a8a mask=00ff pc=009ce6
[:slot1:storager] TEMP6000 WR  a=608a data=8b8b mask=ff00 pc=009ce6
[:slot1:storager] TEMP6000 WR  a=608a data=8c8c mask=00ff pc=009ce6
[:slot1:storager] TEMP6000 WR  a=608c data=8d8d mask=ff00 pc=009ce6
[:slot1:storager] TEMP6000 WR  a=608c data=8e8e mask=00ff pc=009ce6
[:slot1:storager] TEMP6000 WR  a=608e data=8f8f mask=ff00 pc=009ce6
[:slot1:storager] TEMP6000 WR  a=608e data=9090 mask=00ff pc=009ce6
[:slot1:storager] TEMP6000 WR  a=6090 data=9191 mask=ff00 pc=009ce6
[:slot1:storager] TEMP6000 WR  a=6090 data=9292 mask=00ff pc=009ce6
[:slot1:storager] TEMP6000 WR  a=6092 data=9393 mask=ff00 pc=009ce6
[:slot1:storager] TEMP6000 WR  a=6092 data=9494 mask=00ff pc=009ce6
[:slot1:storager] TEMP6000 WR  a=6094 data=9595 mask=ff00 pc=009ce6
[:slot1:storager] TEMP6000 WR  a=6094 data=9696 mask=00ff pc=009ce6
[:slot1:storager] TEMP6000 WR  a=6096 data=9797 mask=ff00 pc=009ce6
[:slot1:storager] TEMP6000 WR  a=6096 data=9898 mask=00ff pc=009ce6
[:slot1:storager] TEMP6000 WR  a=6098 data=9999 mask=ff00 pc=009ce6
[:slot1:storager] TEMP6000 WR  a=6098 data=9a9a mask=00ff pc=009ce6
[:slot1:storager] TEMP6000 WR  a=609a data=9b9b mask=ff00 pc=009ce6
[:slot1:storager] TEMP6000 WR  a=609a data=9c9c mask=00ff pc=009ce6
[:slot1:storager] TEMP6000 WR  a=609c data=9d9d mask=ff00 pc=009ce6
[:slot1:storager] TEMP6000 WR  a=609c data=9e9e mask=00ff pc=009ce6
[:slot1:storager] TEMP6000 WR  a=609e data=9f9f mask=ff00 pc=009ce6
[:slot1:storager] TEMP6000 WR  a=609e data=a0a0 mask=00ff pc=009ce6
[:slot1:storager] TEMP6000 WR  a=60a0 data=a1a1 mask=ff00 pc=009ce6
[:slot1:storager] TEMP6000 WR  a=60a0 data=a2a2 mask=00ff pc=009ce6
[:slot1:storager] TEMP6000 WR  a=60a2 data=a3a3 mask=ff00 pc=009ce6
[:slot1:storager] TEMP6000 WR  a=60a2 data=a4a4 mask=00ff pc=009ce6
[:slot1:storager] TEMP6000 WR  a=60a4 data=a5a5 mask=ff00 pc=009ce6
[:slot1:storager] TEMP6000 WR  a=60a4 data=a6a6 mask=00ff pc=009ce6
[:slot1:storager] TEMP6000 WR  a=60a6 data=a7a7 mask=ff00 pc=009ce6
[:slot1:storager] TEMP6000 WR  a=60a6 data=a8a8 mask=00ff pc=009ce6
[:slot1:storager] TEMP6000 WR  a=60a8 data=a9a9 mask=ff00 pc=009ce6
[:slot1:storager] TEMP6000 WR  a=60a8 data=aaaa mask=00ff pc=009ce6
[:slot1:storager] TEMP6000 WR  a=60aa data=abab mask=ff00 pc=009ce6
[:slot1:storager] TEMP6000 WR  a=60aa data=acac mask=00ff pc=009ce6
[:slot1:storager] TEMP6000 WR  a=60ac data=adad mask=ff00 pc=009ce6
[:slot1:storager] TEMP6000 WR  a=60ac data=aeae mask=00ff pc=009ce6
[:slot1:storager] TEMP6000 WR  a=60ae data=afaf mask=ff00 pc=009ce6
[:slot1:storager] TEMP6000 WR  a=60ae data=b0b0 mask=00ff pc=009ce6
[:slot1:storager] TEMP6000 WR  a=60b0 data=b1b1 mask=ff00 pc=009ce6
[:slot1:storager] TEMP6000 WR  a=60b0 data=b2b2 mask=00ff pc=009ce6
[:slot1:storager] TEMP6000 WR  a=60b2 data=b3b3 mask=ff00 pc=009ce6
[:slot1:storager] TEMP6000 WR  a=60b2 data=b4b4 mask=00ff pc=009ce6
[:slot1:storager] TEMP6000 WR  a=60b4 data=b5b5 mask=ff00 pc=009ce6
[:slot1:storager] TEMP6000 WR  a=60b4 data=b6b6 mask=00ff pc=009ce6
[:slot1:storager] TEMP6000 WR  a=60b6 data=b7b7 mask=ff00 pc=009ce6
[:slot1:storager] TEMP6000 WR  a=60b6 data=b8b8 mask=00ff pc=009ce6
[:slot1:storager] TEMP6000 WR  a=60b8 data=b9b9 mask=ff00 pc=009ce6
[:slot1:storager] TEMP6000 WR  a=60b8 data=baba mask=00ff pc=009ce6
[:slot1:storager] TEMP6000 WR  a=60ba data=bbbb mask=ff00 pc=009ce6
[:slot1:storager] TEMP6000 WR  a=60ba data=bcbc mask=00ff pc=009ce6
[:slot1:storager] TEMP6000 WR  a=60bc data=bdbd mask=ff00 pc=009ce6
[:slot1:storager] TEMP6000 WR  a=60bc data=bebe mask=00ff pc=009ce6
[:slot1:storager] TEMP6000 WR  a=60be data=bfbf mask=ff00 pc=009ce6
[:slot1:storager] TEMP6000 WR  a=60be data=c0c0 mask=00ff pc=009ce6
[:slot1:storager] TEMP6000 WR  a=60c0 data=c1c1 mask=ff00 pc=009ce6
[:slot1:storager] TEMP6000 WR  a=60c0 data=c2c2 mask=00ff pc=009ce6
[:slot1:storager] TEMP6000 WR  a=60c2 data=c3c3 mask=ff00 pc=009ce6
[:slot1:storager] TEMP6000 WR  a=60c2 data=c4c4 mask=00ff pc=009ce6
[:slot1:storager] TEMP6000 WR  a=60c4 data=c5c5 mask=ff00 pc=009ce6
[:slot1:storager] TEMP6000 WR  a=60c4 data=c6c6 mask=00ff pc=009ce6
[:slot1:storager] TEMP6000 WR  a=60c6 data=c7c7 mask=ff00 pc=009ce6
[:slot1:storager] TEMP6000 WR  a=60c6 data=c8c8 mask=00ff pc=009ce6
[:slot1:storager] TEMP6000 WR  a=60c8 data=c9c9 mask=ff00 pc=009ce6
[:slot1:storager] TEMP6000 WR  a=60c8 data=caca mask=00ff pc=009ce6
[:slot1:storager] TEMP6000 WR  a=60ca data=cbcb mask=ff00 pc=009ce6
[:slot1:storager] TEMP6000 WR  a=60ca data=cccc mask=00ff pc=009ce6
[:slot1:storager] TEMP6000 WR  a=60cc data=cdcd mask=ff00 pc=009ce6
[:slot1:storager] TEMP6000 WR  a=60cc data=cece mask=00ff pc=009ce6
[:slot1:storager] TEMP6000 WR  a=60ce data=cfcf mask=ff00 pc=009ce6
[:slot1:storager] TEMP6000 WR  a=60ce data=d0d0 mask=00ff pc=009ce6
[:slot1:storager] TEMP6000 WR  a=60d0 data=d1d1 mask=ff00 pc=009ce6
[:slot1:storager] TEMP6000 WR  a=60d0 data=d2d2 mask=00ff pc=009ce6
[:slot1:storager] TEMP6000 WR  a=60d2 data=d3d3 mask=ff00 pc=009ce6
[:slot1:storager] TEMP6000 WR  a=60d2 data=d4d4 mask=00ff pc=009ce6
[:slot1:storager] TEMP6000 WR  a=60d4 data=d5d5 mask=ff00 pc=009ce6
[:slot1:storager] TEMP6000 WR  a=60d4 data=d6d6 mask=00ff pc=009ce6
[:slot1:storager] TEMP6000 WR  a=60d6 data=d7d7 mask=ff00 pc=009ce6
[:slot1:storager] TEMP6000 WR  a=60d6 data=d8d8 mask=00ff pc=009ce6
[:slot1:storager] TEMP6000 WR  a=60d8 data=d9d9 mask=ff00 pc=009ce6
[:slot1:storager] TEMP6000 WR  a=60d8 data=dada mask=00ff pc=009ce6
[:slot1:storager] TEMP6000 WR  a=60da data=dbdb mask=ff00 pc=009ce6
[:slot1:storager] TEMP6000 WR  a=60da data=dcdc mask=00ff pc=009ce6
[:slot1:storager] TEMP6000 WR  a=60dc data=dddd mask=ff00 pc=009ce6
[:slot1:storager] TEMP6000 WR  a=60dc data=dede mask=00ff pc=009ce6
[:slot1:storager] TEMP6000 WR  a=60de data=dfdf mask=ff00 pc=009ce6
[:slot1:storager] TEMP6000 WR  a=60de data=e0e0 mask=00ff pc=009ce6
[:slot1:storager] TEMP6000 WR  a=60e0 data=e1e1 mask=ff00 pc=009ce6
[:slot1:storager] TEMP6000 WR  a=60e0 data=e2e2 mask=00ff pc=009ce6
[:slot1:storager] TEMP6000 WR  a=60e2 data=e3e3 mask=ff00 pc=009ce6
[:slot1:storager] TEMP6000 WR  a=60e2 data=e4e4 mask=00ff pc=009ce6
[:slot1:storager] TEMP6000 WR  a=60e4 data=e5e5 mask=ff00 pc=009ce6
[:slot1:storager] TEMP6000 WR  a=60e4 data=e6e6 mask=00ff pc=009ce6
[:slot1:storager] TEMP6000 WR  a=60e6 data=e7e7 mask=ff00 pc=009ce6
[:slot1:storager] TEMP6000 WR  a=60e6 data=e8e8 mask=00ff pc=009ce6
[:slot1:storager] TEMP6000 WR  a=60e8 data=e9e9 mask=ff00 pc=009ce6
[:slot1:storager] TEMP6000 WR  a=60e8 data=eaea mask=00ff pc=009ce6
[:slot1:storager] TEMP6000 WR  a=60ea data=ebeb mask=ff00 pc=009ce6
[:slot1:storager] TEMP6000 WR  a=60ea data=ecec mask=00ff pc=009ce6
[:slot1:storager] TEMP6000 WR  a=60ec data=eded mask=ff00 pc=009ce6
[:slot1:storager] TEMP6000 WR  a=60ec data=eeee mask=00ff pc=009ce6
[:slot1:storager] TEMP6000 WR  a=60ee data=efef mask=ff00 pc=009ce6
[:slot1:storager] TEMP6000 WR  a=60ee data=f0f0 mask=00ff pc=009ce6
[:slot1:storager] TEMP6000 WR  a=60f0 data=f1f1 mask=ff00 pc=009ce6
[:slot1:storager] TEMP6000 WR  a=60f0 data=f2f2 mask=00ff pc=009ce6
[:slot1:storager] TEMP6000 WR  a=60f2 data=f3f3 mask=ff00 pc=009ce6
[:slot1:storager] TEMP6000 WR  a=60f2 data=f4f4 mask=00ff pc=009ce6
[:slot1:storager] TEMP6000 WR  a=60f4 data=f5f5 mask=ff00 pc=009ce6
[:slot1:storager] TEMP6000 WR  a=60f4 data=f6f6 mask=00ff pc=009ce6
[:slot1:storager] TEMP6000 WR  a=60f6 data=f7f7 mask=ff00 pc=009ce6
[:slot1:storager] TEMP6000 WR  a=60f6 data=f8f8 mask=00ff pc=009ce6
[:slot1:storager] TEMP6000 WR  a=60f8 data=f9f9 mask=ff00 pc=009ce6
[:slot1:storager] TEMP6000 WR  a=60f8 data=fafa mask=00ff pc=009ce6
[:slot1:storager] TEMP6000 WR  a=60fa data=fbfb mask=ff00 pc=009ce6
[:slot1:storager] TEMP6000 WR  a=60fa data=fcfc mask=00ff pc=009ce6
[:slot1:storager] TEMP6000 WR  a=60fc data=fdfd mask=ff00 pc=009ce6
[:slot1:storager] TEMP6000 WR  a=60fc data=fefe mask=00ff pc=009ce6
[:slot1:storager] TEMP6000 WR  a=60fe data=ffff mask=ff00 pc=009ce6
[:slot1:storager] TEMP6000 WR  a=60fe data=0101 mask=00ff pc=009ce6
[:slot1:storager] ERRFLD   121510.2us [6e78] <= 8787 pc=009ce6
[:slot1:storager] ERRFLD   121513.4us [6e78] <= 8888 pc=009ce6
[:slot1:storager] UIB20   121535.8us [6e80] <= 8f8f pc=009ce6
[:slot1:storager] UIB20   121539.0us [6e80] <= 9090 pc=009ce6
[:slot1:storager] ERRFLD   124429.4us [7208] <= 1b1b pc=009ce6
[:slot1:storager] ERRFLD   124432.6us [7208] <= 1c1c pc=009ce6
[:slot1:storager] NODE20   124455.0us [7210] <= 2323 pc=009ce6
[:slot1:storager] NODE20   124458.2us [7210] <= 2424 pc=009ce6
[:slot1:storager] PHASE   124474.2us [7216] <= 2929 pc=009ce6
[:slot1:storager] PHASE   124477.4us [7216] <= 2a2a pc=009ce6
[:slot1:storager] PHASE   124807.0us [727e] <= 9191 pc=009ce6
[:slot1:storager] CTX   124807.0us [727e] <= 9191 pc=009ce6 IPL=7  <-- IN ISR
[:slot1:storager] PHASE   124810.2us [727e] <= 9292 pc=009ce6
[:slot1:storager] CTX   124810.2us [727e] <= 9292 pc=009ce6 IPL=7  <-- IN ISR
[:slot1:storager] QHEAD   125568.8us [736c] <= 8080 pc=009ce6
[:slot1:storager] QHEAD   125572.0us [736c] <= 8181 pc=009ce6
[:slot1:storager] QHEAD   125575.2us [736e] <= 8282 pc=009ce6
[:slot1:storager] QHEAD   125578.4us [736e] <= 8383 pc=009ce6
[:slot1:storager] QHEAD   125581.6us [7370] <= 8484 pc=009ce6
[:slot1:storager] QHEAD   125584.8us [7370] <= 8585 pc=009ce6
[:slot1:storager] QHEAD   125588.0us [7372] <= 8686 pc=009ce6
[:slot1:storager] QHEAD   125591.2us [7372] <= 8787 pc=009ce6
[:slot1:storager] XSTATE   126132.2us [741c] <= 3131
[:slot1:storager] PHASE   126132.2us [741c] <= 3131 pc=009ce6
[:slot1:storager] CTX   126132.2us [741c] <= 3131 pc=009ce6 IPL=7  <-- IN ISR
[:slot1:storager] XSTATE   126135.4us [741c] <= 3232
[:slot1:storager] PHASE   126135.4us [741c] <= 3232 pc=009ce6
[:slot1:storager] CTX   126135.4us [741c] <= 3232 pc=009ce6 IPL=7  <-- IN ISR
[:slot1:storager] BUFPTR   126138.6us [741e] <= 3333 (byte 6666) pc=009ce6
[:slot1:storager] CTX   126138.6us [741e] <= 3333 pc=009ce6 IPL=7  <-- IN ISR
[:slot1:storager] BUFPTR   126141.8us [741e] <= 3434 (byte 6868) pc=009ce6
[:slot1:storager] CTX   126141.8us [741e] <= 3434 pc=009ce6 IPL=7  <-- IN ISR
[:slot1:storager] CTX   126157.8us [7424] <= 3939 pc=009ce6 IPL=7  <-- IN ISR
[:slot1:storager] CTX   126161.0us [7424] <= 3a3a pc=009ce6 IPL=7  <-- IN ISR
[:slot1:storager] ACCEPT   126170.6us [7428] <= 3d3d pc=009ce6
[:slot1:storager] CTX   126170.6us [7428] <= 3d3d pc=009ce6 IPL=7  <-- IN ISR
[:slot1:storager] ACCEPT   126173.8us [7428] <= 3e3e pc=009ce6
[:slot1:storager] CTX   126173.8us [7428] <= 3e3e pc=009ce6 IPL=7  <-- IN ISR
[:slot1:storager] SCAN   126196.2us halted at pos=17733 (byte ff) [7956]=0000 | ledger: 00 00 00 00 00 00 00 00 00 00 00 00 00 00 00 00 00 00 00 00 00 00 00 00 00 00 00 00 00 00 
[:slot1:storager] SCAN   126199.4us halted at pos=17990 (byte ff) [7956]=0000 | ledger: 00 00 00 00 00 00 00 00 00 00 00 00 00 00 00 00 00 00 00 00 00 00 00 00 00 00 00 00 00 00 
[:slot1:storager] XSTATE   126228.2us [743a] <= 4f4f
[:slot1:storager] XSTATE   126231.4us [743a] <= 5050
[:slot1:storager] XSTATE   126311.4us [7454] <= 6969
[:slot1:storager] XSTATE   126314.6us [7454] <= 6a6a
[:slot1:storager] I7462   126356.2us [7462] <= 7777 pc=009ce6
[:slot1:storager] I7462   126359.4us [7462] <= 7878 pc=009ce6
[:slot1:storager] POOL   126593.0us [74ac] <= c1c1 pc=009ce6
[:slot1:storager] CTX   126593.0us [74ac] <= c1c1 pc=009ce6 IPL=7  <-- IN ISR
[:slot1:storager] POOL   126596.2us [74ac] <= c2c2 pc=009ce6
[:slot1:storager] CTX   126596.2us [74ac] <= c2c2 pc=009ce6 IPL=7  <-- IN ISR
[:slot1:storager] XSTATE   126618.6us [74b4] <= c9c9
[:slot1:storager] XSTATE   126621.8us [74b4] <= caca
[:slot1:storager] AABOUND UIB+00..0f: 00 00 7d 96 00 00 07 00 00 00 02 4a 00 00 02 4a 
[:slot1:storager] AABOUND ledger[0..31]: 6b 6c 6d 6e 6f 70 71 72 73 74 75 76 77 78 79 7a 7b 7c 7d 7e 7f 80 81 82 83 84 85 86 87 88 89 8a 
[:slot1:storager] LEDGER   128151.8us [7693] pos=63  <= aa  <=== 0xAA BOUNDARY | [7954]=0000 node=0000 n+1=00 [7956]=0000 [7abc]=0000 pc=009ce6
[:slot1:storager] REMAIN   130414.8us [7956] <= 7070 pc=009ce6
[:slot1:storager] REMAIN   130418.0us [7956] <= 7171 pc=009ce6
[:slot1:storager] DESC   130421.2us [7958] word<=7272 mask=ff00 pc=009ce6 | [7abe]=00000000 [7958]=00000000 [7abc]=0000
[:slot1:storager] DESC   130424.4us [7958] word<=7373 mask=00ff pc=009ce6 | [7abe]=00000000 [7958]=72000000 [7abc]=0000
[:slot1:storager] DESC   130427.6us [7958] word<=7474 mask=ff00 pc=009ce6 | [7abe]=00000000 [7958]=72730000 [7abc]=0000
[:slot1:storager] DESC   130430.8us [7958] word<=7575 mask=00ff pc=009ce6 | [7abe]=00000000 [7958]=72737400 [7abc]=0000
[:slot1:storager] XSTATE   130472.4us [7968] <= 8282
[:slot1:storager] PHASE   130472.4us [7968] <= 8282 pc=009ce6
[:slot1:storager] CTX   130472.4us [7968] <= 8282 pc=009ce6 IPL=7  <-- IN ISR
[:slot1:storager] XSTATE   130475.6us [7968] <= 8383
[:slot1:storager] PHASE   130475.6us [7968] <= 8383 pc=009ce6
[:slot1:storager] CTX   130475.6us [7968] <= 8383 pc=009ce6 IPL=7  <-- IN ISR
[:slot1:storager] CTX   130485.2us [796c] <= 8686 pc=009ce6 IPL=7  <-- IN ISR
[:slot1:storager] CTX   130488.4us [796c] <= 8787 pc=009ce6 IPL=7  <-- IN ISR
[:slot1:storager] SEEKF   130594.0us [798e] <= a8a8 pc=009ce6
[:slot1:storager] CTX   130594.0us [798e] <= a8a8 pc=009ce6 IPL=7  <-- IN ISR
[:slot1:storager] SEEKF   130597.2us [798e] <= a9a9 pc=009ce6
[:slot1:storager] CTX   130597.2us [798e] <= a9a9 pc=009ce6 IPL=7  <-- IN ISR
[:slot1:storager] SEEKF   130600.4us [7990] <= aaaa pc=009ce6
[:slot1:storager] SEEKF   130603.6us [7990] <= abab pc=009ce6
[:slot1:storager] CUR   130632.4us [799a] <= b4b4 pc=009ce6
[:slot1:storager] CUR   130635.6us [799a] <= b5b5 pc=009ce6
[:slot1:storager] CNT   130658.0us [79a2] <= bcbc pc=009ce6
[:slot1:storager] CNT   130661.2us [79a2] <= bdbd pc=009ce6
[:slot1:storager] CNT   130664.4us [79a4] <= bebe pc=009ce6
[:slot1:storager] CNT   130667.6us [79a4] <= bfbf pc=009ce6
[:slot1:storager] XSTATE   131042.2us [7a1a] <= 3535
[:slot1:storager] XSTATE   131045.4us [7a1a] <= 3636
[:slot1:storager] A30   131112.6us [7a30] <= 4b4b pc=009ce6
[:slot1:storager] CTX   131112.6us [7a30] <= 4b4b pc=009ce6 IPL=7  <-- IN ISR
[:slot1:storager] A30   131115.8us [7a30] <= 4c4c pc=009ce6
[:slot1:storager] CTX   131115.8us [7a30] <= 4c4c pc=009ce6 IPL=7  <-- IN ISR
[:slot1:storager] SFLAG   131131.8us [7a36] <= 5151 pc=009ce6
[:slot1:storager] CTX   131131.8us [7a36] <= 5151 pc=009ce6 IPL=7  <-- IN ISR
[:slot1:storager] SFLAG   131135.0us [7a36] <= 5252 pc=009ce6
[:slot1:storager] CTX   131135.0us [7a36] <= 5252 pc=009ce6 IPL=7  <-- IN ISR
[:slot1:storager] SFLAG   131138.2us [7a38] <= 5353 pc=009ce6
[:slot1:storager] SFLAG   131141.4us [7a38] <= 5454 pc=009ce6
[:slot1:storager] GUARD   131157.4us [7a3e] <= 5959 pc=009ce6
[:slot1:storager] CTX   131157.4us [7a3e] <= 5959 pc=009ce6 IPL=7  <-- IN ISR
[:slot1:storager] GUARD   131160.6us [7a3e] <= 5a5a pc=009ce6
[:slot1:storager] CTX   131160.6us [7a3e] <= 5a5a pc=009ce6 IPL=7  <-- IN ISR
[:slot1:storager] GUARD   131163.8us [7a40] <= 5b5b pc=009ce6
[:slot1:storager] CTX   131163.8us [7a40] <= 5b5b pc=009ce6 IPL=7  <-- IN ISR
[:slot1:storager] GUARD   131167.0us [7a40] <= 5c5c pc=009ce6
[:slot1:storager] CTX   131167.0us [7a40] <= 5c5c pc=009ce6 IPL=7  <-- IN ISR
[:slot1:storager] TEMPCNT 7abc <= d7d7 mask=ff00 pc=009ce6
[:slot1:storager] TEMPCNT 7abc <= d8d8 mask=00ff pc=009ce6
[:slot1:storager] DESC   131567.0us [7abe] word<=d9d9 mask=ff00 pc=009ce6 | [7abe]=00000000 [7958]=72737475 [7abc]=d7d8
[:slot1:storager] TEMPCNT 7abe <= d9d9 mask=ff00 pc=009ce6
[:slot1:storager] DESC   131570.2us [7abe] word<=dada mask=00ff pc=009ce6 | [7abe]=d9000000 [7958]=72737475 [7abc]=d7d8
[:slot1:storager] TEMPCNT 7abe <= dada mask=00ff pc=009ce6
[:slot1:storager] DESC   131573.4us [7abe] word<=dbdb mask=ff00 pc=009ce6 | [7abe]=d9da0000 [7958]=72737475 [7abc]=d7d8
[:slot1:storager] DESC   131576.6us [7abe] word<=dcdc mask=00ff pc=009ce6 | [7abe]=d9dadb00 [7958]=72737475 [7abc]=d7d8
[:slot1:storager] AAPATH   131586.2us [7ac4] <= dfdf pc=009ce6  [7968]=8283
[:slot1:storager] AAPATH   131589.4us [7ac4] <= e0e0 pc=009ce6  [7968]=8283
[:slot1:storager] AAPATH   131829.6us [7b10] <= 2c2c pc=009ce6  [7968]=8283
[:slot1:storager] CTX   131829.6us [7b10] <= 2c2c pc=009ce6 IPL=7  <-- IN ISR
[:slot1:storager] AAPATH   131832.8us [7b10] <= 2d2d pc=009ce6  [7968]=8283
[:slot1:storager] CTX   131832.8us [7b10] <= 2d2d pc=009ce6 IPL=7  <-- IN ISR
[:slot1:storager] TEMP6000 rd  a=6000 mask=ff00 data=0102 pc=009cfa
[:slot1:storager] TEMP6000 rd  a=6000 mask=00ff data=0102 pc=009cfa
[:slot1:storager] TEMP6000 rd  a=6002 mask=ff00 data=0304 pc=009cfa
[:slot1:storager] TEMP6000 rd  a=6002 mask=00ff data=0304 pc=009cfa
[:slot1:storager] TEMP6000 rd  a=6004 mask=ff00 data=0506 pc=009cfa
[:slot1:storager] TEMP6000 rd  a=6004 mask=00ff data=0506 pc=009cfa
[:slot1:storager] TEMP6000 rd  a=6006 mask=ff00 data=0708 pc=009cfa
[:slot1:storager] TEMP6000 rd  a=6006 mask=00ff data=0708 pc=009cfa
[:slot1:storager] TEMP6000 rd  a=6008 mask=ff00 data=090a pc=009cfa
[:slot1:storager] TEMP6000 rd  a=6008 mask=00ff data=090a pc=009cfa
[:slot1:storager] TEMP6000 rd  a=600a mask=ff00 data=0b0c pc=009cfa
[:slot1:storager] TEMP6000 rd  a=600a mask=00ff data=0b0c pc=009cfa
[:slot1:storager] TEMP6000 rd  a=600c mask=ff00 data=0d0e pc=009cfa
[:slot1:storager] TEMP6000 rd  a=600c mask=00ff data=0d0e pc=009cfa
[:slot1:storager] TEMP6000 rd  a=600e mask=ff00 data=0f10 pc=009cfa
[:slot1:storager] TEMP6000 rd  a=600e mask=00ff data=0f10 pc=009cfa
[:slot1:storager] TEMP6000 rd  a=6010 mask=ff00 data=1112 pc=009cfa
[:slot1:storager] TEMP6000 rd  a=6010 mask=00ff data=1112 pc=009cfa
[:slot1:storager] TEMP6000 rd  a=6012 mask=ff00 data=1314 pc=009cfa
[:slot1:storager] TEMP6000 rd  a=6012 mask=00ff data=1314 pc=009cfa
[:slot1:storager] TEMP6000 rd  a=6014 mask=ff00 data=1516 pc=009cfa
[:slot1:storager] TEMP6000 rd  a=6014 mask=00ff data=1516 pc=009cfa
[:slot1:storager] TEMP6000 rd  a=6016 mask=ff00 data=1718 pc=009cfa
[:slot1:storager] TEMP6000 rd  a=6016 mask=00ff data=1718 pc=009cfa
[:slot1:storager] TEMP6000 rd  a=6018 mask=ff00 data=191a pc=009cfa
[:slot1:storager] TEMP6000 rd  a=6018 mask=00ff data=191a pc=009cfa
[:slot1:storager] TEMP6000 rd  a=601a mask=ff00 data=1b1c pc=009cfa
[:slot1:storager] TEMP6000 rd  a=601a mask=00ff data=1b1c pc=009cfa
[:slot1:storager] TEMP6000 rd  a=601c mask=ff00 data=1d1e pc=009cfa
[:slot1:storager] TEMP6000 rd  a=601c mask=00ff data=1d1e pc=009cfa
[:slot1:storager] TEMP6000 rd  a=601e mask=ff00 data=1f20 pc=009cfa
[:slot1:storager] TEMP6000 rd  a=601e mask=00ff data=1f20 pc=009cfa
[:slot1:storager] TEMP6000 rd  a=6020 mask=ff00 data=2122 pc=009cfa
[:slot1:storager] TEMP6000 rd  a=6020 mask=00ff data=2122 pc=009cfa
[:slot1:storager] TEMP6000 rd  a=6022 mask=ff00 data=2324 pc=009cfa
[:slot1:storager] TEMP6000 rd  a=6022 mask=00ff data=2324 pc=009cfa
[:slot1:storager] TEMP6000 rd  a=6024 mask=ff00 data=2526 pc=009cfa
[:slot1:storager] TEMP6000 rd  a=6024 mask=00ff data=2526 pc=009cfa
[:slot1:storager] TEMP6000 rd  a=6026 mask=ff00 data=2728 pc=009cfa
[:slot1:storager] TEMP6000 rd  a=6026 mask=00ff data=2728 pc=009cfa
[:slot1:storager] TEMP6000 rd  a=6028 mask=ff00 data=292a pc=009cfa
[:slot1:storager] TEMP6000 rd  a=6028 mask=00ff data=292a pc=009cfa
[:slot1:storager] TEMP6000 rd  a=602a mask=ff00 data=2b2c pc=009cfa
[:slot1:storager] TEMP6000 rd  a=602a mask=00ff data=2b2c pc=009cfa
[:slot1:storager] TEMP6000 rd  a=602c mask=ff00 data=2d2e pc=009cfa
[:slot1:storager] TEMP6000 rd  a=602c mask=00ff data=2d2e pc=009cfa
[:slot1:storager] TEMP6000 rd  a=602e mask=ff00 data=2f30 pc=009cfa
[:slot1:storager] TEMP6000 rd  a=602e mask=00ff data=2f30 pc=009cfa
[:slot1:storager] TEMP6000 rd  a=6030 mask=ff00 data=3132 pc=009cfa
[:slot1:storager] TEMP6000 rd  a=6030 mask=00ff data=3132 pc=009cfa
[:slot1:storager] TEMP6000 rd  a=6032 mask=ff00 data=3334 pc=009cfa
[:slot1:storager] TEMP6000 rd  a=6032 mask=00ff data=3334 pc=009cfa
[:slot1:storager] TEMP6000 rd  a=6034 mask=ff00 data=3536 pc=009cfa
[:slot1:storager] TEMP6000 rd  a=6034 mask=00ff data=3536 pc=009cfa
[:slot1:storager] TEMP6000 rd  a=6036 mask=ff00 data=3738 pc=009cfa
[:slot1:storager] TEMP6000 rd  a=6036 mask=00ff data=3738 pc=009cfa
[:slot1:storager] TEMP6000 rd  a=6038 mask=ff00 data=393a pc=009cfa
[:slot1:storager] TEMP6000 rd  a=6038 mask=00ff data=393a pc=009cfa
[:slot1:storager] TEMP6000 rd  a=603a mask=ff00 data=3b3c pc=009cfa
[:slot1:storager] TEMP6000 rd  a=603a mask=00ff data=3b3c pc=009cfa
[:slot1:storager] TEMP6000 rd  a=603c mask=ff00 data=3d3e pc=009cfa
[:slot1:storager] TEMP6000 rd  a=603c mask=00ff data=3d3e pc=009cfa
[:slot1:storager] TEMP6000 rd  a=603e mask=ff00 data=3f40 pc=009cfa
[:slot1:storager] TEMP6000 rd  a=603e mask=00ff data=3f40 pc=009cfa
[:slot1:storager] TEMP6000 rd  a=6040 mask=ff00 data=4142 pc=009cfa
[:slot1:storager] TEMP6000 rd  a=6040 mask=00ff data=4142 pc=009cfa
[:slot1:storager] TEMP6000 rd  a=6042 mask=ff00 data=4344 pc=009cfa
[:slot1:storager] TEMP6000 rd  a=6042 mask=00ff data=4344 pc=009cfa
[:slot1:storager] TEMP6000 rd  a=6044 mask=ff00 data=4546 pc=009cfa
[:slot1:storager] TEMP6000 rd  a=6044 mask=00ff data=4546 pc=009cfa
[:slot1:storager] TEMP6000 rd  a=6046 mask=ff00 data=4748 pc=009cfa
[:slot1:storager] TEMP6000 rd  a=6046 mask=00ff data=4748 pc=009cfa
[:slot1:storager] TEMP6000 rd  a=6048 mask=ff00 data=494a pc=009cfa
[:slot1:storager] TEMP6000 rd  a=6048 mask=00ff data=494a pc=009cfa
[:slot1:storager] TEMP6000 rd  a=604a mask=ff00 data=4b4c pc=009cfa
[:slot1:storager] TEMP6000 rd  a=604a mask=00ff data=4b4c pc=009cfa
[:slot1:storager] TEMP6000 rd  a=604c mask=ff00 data=4d4e pc=009cfa
[:slot1:storager] TEMP6000 rd  a=604c mask=00ff data=4d4e pc=009cfa
[:slot1:storager] TEMP6000 rd  a=604e mask=ff00 data=4f50 pc=009cfa
[:slot1:storager] TEMP6000 rd  a=604e mask=00ff data=4f50 pc=009cfa
[:slot1:storager] TEMP6000 rd  a=6050 mask=ff00 data=5152 pc=009cfa
[:slot1:storager] TEMP6000 rd  a=6050 mask=00ff data=5152 pc=009cfa
[:slot1:storager] TEMP6000 rd  a=6052 mask=ff00 data=5354 pc=009cfa
[:slot1:storager] TEMP6000 rd  a=6052 mask=00ff data=5354 pc=009cfa
[:slot1:storager] TEMP6000 rd  a=6054 mask=ff00 data=5556 pc=009cfa
[:slot1:storager] TEMP6000 rd  a=6054 mask=00ff data=5556 pc=009cfa
[:slot1:storager] TEMP6000 rd  a=6056 mask=ff00 data=5758 pc=009cfa
[:slot1:storager] TEMP6000 rd  a=6056 mask=00ff data=5758 pc=009cfa
[:slot1:storager] TEMP6000 rd  a=6058 mask=ff00 data=595a pc=009cfa
[:slot1:storager] TEMP6000 rd  a=6058 mask=00ff data=595a pc=009cfa
[:slot1:storager] TEMP6000 rd  a=605a mask=ff00 data=5b5c pc=009cfa
[:slot1:storager] TEMP6000 rd  a=605a mask=00ff data=5b5c pc=009cfa
[:slot1:storager] TEMP6000 rd  a=605c mask=ff00 data=5d5e pc=009cfa
[:slot1:storager] TEMP6000 rd  a=605c mask=00ff data=5d5e pc=009cfa
[:slot1:storager] TEMP6000 rd  a=605e mask=ff00 data=5f60 pc=009cfa
[:slot1:storager] TEMP6000 rd  a=605e mask=00ff data=5f60 pc=009cfa
[:slot1:storager] TEMP6000 rd  a=6060 mask=ff00 data=6162 pc=009cfa
[:slot1:storager] TEMP6000 rd  a=6060 mask=00ff data=6162 pc=009cfa
[:slot1:storager] TEMP6000 rd  a=6062 mask=ff00 data=6364 pc=009cfa
[:slot1:storager] TEMP6000 rd  a=6062 mask=00ff data=6364 pc=009cfa
[:slot1:storager] TEMP6000 rd  a=6064 mask=ff00 data=6566 pc=009cfa
[:slot1:storager] TEMP6000 rd  a=6064 mask=00ff data=6566 pc=009cfa
[:slot1:storager] TEMP6000 rd  a=6066 mask=ff00 data=6768 pc=009cfa
[:slot1:storager] TEMP6000 rd  a=6066 mask=00ff data=6768 pc=009cfa
[:slot1:storager] TEMP6000 rd  a=6068 mask=ff00 data=696a pc=009cfa
[:slot1:storager] TEMP6000 rd  a=6068 mask=00ff data=696a pc=009cfa
[:slot1:storager] TEMP6000 rd  a=606a mask=ff00 data=6b6c pc=009cfa
[:slot1:storager] TEMP6000 rd  a=606a mask=00ff data=6b6c pc=009cfa
[:slot1:storager] TEMP6000 rd  a=606c mask=ff00 data=6d6e pc=009cfa
[:slot1:storager] TEMP6000 rd  a=606c mask=00ff data=6d6e pc=009cfa
[:slot1:storager] TEMP6000 rd  a=606e mask=ff00 data=6f70 pc=009cfa
[:slot1:storager] TEMP6000 rd  a=606e mask=00ff data=6f70 pc=009cfa
[:slot1:storager] TEMP6000 rd  a=6070 mask=ff00 data=7172 pc=009cfa
[:slot1:storager] TEMP6000 rd  a=6070 mask=00ff data=7172 pc=009cfa
[:slot1:storager] TEMP6000 rd  a=6072 mask=ff00 data=7374 pc=009cfa
[:slot1:storager] TEMP6000 rd  a=6072 mask=00ff data=7374 pc=009cfa
[:slot1:storager] TEMP6000 rd  a=6074 mask=ff00 data=7576 pc=009cfa
[:slot1:storager] TEMP6000 rd  a=6074 mask=00ff data=7576 pc=009cfa
[:slot1:storager] TEMP6000 rd  a=6076 mask=ff00 data=7778 pc=009cfa
[:slot1:storager] TEMP6000 rd  a=6076 mask=00ff data=7778 pc=009cfa
[:slot1:storager] TEMP6000 rd  a=6078 mask=ff00 data=797a pc=009cfa
[:slot1:storager] TEMP6000 rd  a=6078 mask=00ff data=797a pc=009cfa
[:slot1:storager] TEMP6000 rd  a=607a mask=ff00 data=7b7c pc=009cfa
[:slot1:storager] TEMP6000 rd  a=607a mask=00ff data=7b7c pc=009cfa
[:slot1:storager] TEMP6000 rd  a=607c mask=ff00 data=7d7e pc=009cfa
[:slot1:storager] TEMP6000 rd  a=607c mask=00ff data=7d7e pc=009cfa
[:slot1:storager] TEMP6000 rd  a=607e mask=ff00 data=7f80 pc=009cfa
[:slot1:storager] TEMP6000 rd  a=607e mask=00ff data=7f80 pc=009cfa
[:slot1:storager] TEMP6000 rd  a=6080 mask=ff00 data=8182 pc=009cfa
[:slot1:storager] TEMP6000 rd  a=6080 mask=00ff data=8182 pc=009cfa
[:slot1:storager] TEMP6000 rd  a=6082 mask=ff00 data=8384 pc=009cfa
[:slot1:storager] TEMP6000 rd  a=6082 mask=00ff data=8384 pc=009cfa
[:slot1:storager] TEMP6000 rd  a=6084 mask=ff00 data=8586 pc=009cfa
[:slot1:storager] TEMP6000 rd  a=6084 mask=00ff data=8586 pc=009cfa
[:slot1:storager] TEMP6000 rd  a=6086 mask=ff00 data=8788 pc=009cfa
[:slot1:storager] TEMP6000 rd  a=6086 mask=00ff data=8788 pc=009cfa
[:slot1:storager] TEMP6000 rd  a=6088 mask=ff00 data=898a pc=009cfa
[:slot1:storager] TEMP6000 rd  a=6088 mask=00ff data=898a pc=009cfa
[:slot1:storager] TEMP6000 rd  a=608a mask=ff00 data=8b8c pc=009cfa
[:slot1:storager] TEMP6000 rd  a=608a mask=00ff data=8b8c pc=009cfa
[:slot1:storager] TEMP6000 rd  a=608c mask=ff00 data=8d8e pc=009cfa
[:slot1:storager] TEMP6000 rd  a=608c mask=00ff data=8d8e pc=009cfa
[:slot1:storager] TEMP6000 rd  a=608e mask=ff00 data=8f90 pc=009cfa
[:slot1:storager] TEMP6000 rd  a=608e mask=00ff data=8f90 pc=009cfa
[:slot1:storager] TEMP6000 rd  a=6090 mask=ff00 data=9192 pc=009cfa
[:slot1:storager] TEMP6000 rd  a=6090 mask=00ff data=9192 pc=009cfa
[:slot1:storager] TEMP6000 rd  a=6092 mask=ff00 data=9394 pc=009cfa
[:slot1:storager] TEMP6000 rd  a=6092 mask=00ff data=9394 pc=009cfa
[:slot1:storager] TEMP6000 rd  a=6094 mask=ff00 data=9596 pc=009cfa
[:slot1:storager] TEMP6000 rd  a=6094 mask=00ff data=9596 pc=009cfa
[:slot1:storager] TEMP6000 rd  a=6096 mask=ff00 data=9798 pc=009cfa
[:slot1:storager] TEMP6000 rd  a=6096 mask=00ff data=9798 pc=009cfa
[:slot1:storager] TEMP6000 rd  a=6098 mask=ff00 data=999a pc=009cfa
[:slot1:storager] TEMP6000 rd  a=6098 mask=00ff data=999a pc=009cfa
[:slot1:storager] TEMP6000 rd  a=609a mask=ff00 data=9b9c pc=009cfa
[:slot1:storager] TEMP6000 rd  a=609a mask=00ff data=9b9c pc=009cfa
[:slot1:storager] TEMP6000 rd  a=609c mask=ff00 data=9d9e pc=009cfa
[:slot1:storager] TEMP6000 rd  a=609c mask=00ff data=9d9e pc=009cfa
[:slot1:storager] TEMP6000 rd  a=609e mask=ff00 data=9fa0 pc=009cfa
[:slot1:storager] TEMP6000 rd  a=609e mask=00ff data=9fa0 pc=009cfa
[:slot1:storager] TEMP6000 rd  a=60a0 mask=ff00 data=a1a2 pc=009cfa
[:slot1:storager] TEMP6000 rd  a=60a0 mask=00ff data=a1a2 pc=009cfa
[:slot1:storager] TEMP6000 rd  a=60a2 mask=ff00 data=a3a4 pc=009cfa
[:slot1:storager] TEMP6000 rd  a=60a2 mask=00ff data=a3a4 pc=009cfa
[:slot1:storager] TEMP6000 rd  a=60a4 mask=ff00 data=a5a6 pc=009cfa
[:slot1:storager] TEMP6000 rd  a=60a4 mask=00ff data=a5a6 pc=009cfa
[:slot1:storager] TEMP6000 rd  a=60a6 mask=ff00 data=a7a8 pc=009cfa
[:slot1:storager] TEMP6000 rd  a=60a6 mask=00ff data=a7a8 pc=009cfa
[:slot1:storager] TEMP6000 rd  a=60a8 mask=ff00 data=a9aa pc=009cfa
[:slot1:storager] TEMP6000 rd  a=60a8 mask=00ff data=a9aa pc=009cfa
[:slot1:storager] TEMP6000 rd  a=60aa mask=ff00 data=abac pc=009cfa
[:slot1:storager] TEMP6000 rd  a=60aa mask=00ff data=abac pc=009cfa
[:slot1:storager] TEMP6000 rd  a=60ac mask=ff00 data=adae pc=009cfa
[:slot1:storager] TEMP6000 rd  a=60ac mask=00ff data=adae pc=009cfa
[:slot1:storager] TEMP6000 rd  a=60ae mask=ff00 data=afb0 pc=009cfa
[:slot1:storager] TEMP6000 rd  a=60ae mask=00ff data=afb0 pc=009cfa
[:slot1:storager] TEMP6000 rd  a=60b0 mask=ff00 data=b1b2 pc=009cfa
[:slot1:storager] TEMP6000 rd  a=60b0 mask=00ff data=b1b2 pc=009cfa
[:slot1:storager] TEMP6000 rd  a=60b2 mask=ff00 data=b3b4 pc=009cfa
[:slot1:storager] TEMP6000 rd  a=60b2 mask=00ff data=b3b4 pc=009cfa
[:slot1:storager] TEMP6000 rd  a=60b4 mask=ff00 data=b5b6 pc=009cfa
[:slot1:storager] TEMP6000 rd  a=60b4 mask=00ff data=b5b6 pc=009cfa
[:slot1:storager] TEMP6000 rd  a=60b6 mask=ff00 data=b7b8 pc=009cfa
[:slot1:storager] TEMP6000 rd  a=60b6 mask=00ff data=b7b8 pc=009cfa
[:slot1:storager] TEMP6000 rd  a=60b8 mask=ff00 data=b9ba pc=009cfa
[:slot1:storager] TEMP6000 rd  a=60b8 mask=00ff data=b9ba pc=009cfa
[:slot1:storager] TEMP6000 rd  a=60ba mask=ff00 data=bbbc pc=009cfa
[:slot1:storager] TEMP6000 rd  a=60ba mask=00ff data=bbbc pc=009cfa
[:slot1:storager] TEMP6000 rd  a=60bc mask=ff00 data=bdbe pc=009cfa
[:slot1:storager] TEMP6000 rd  a=60bc mask=00ff data=bdbe pc=009cfa
[:slot1:storager] TEMP6000 rd  a=60be mask=ff00 data=bfc0 pc=009cfa
[:slot1:storager] TEMP6000 rd  a=60be mask=00ff data=bfc0 pc=009cfa
[:slot1:storager] TEMP6000 rd  a=60c0 mask=ff00 data=c1c2 pc=009cfa
[:slot1:storager] TEMP6000 rd  a=60c0 mask=00ff data=c1c2 pc=009cfa
[:slot1:storager] TEMP6000 rd  a=60c2 mask=ff00 data=c3c4 pc=009cfa
[:slot1:storager] TEMP6000 rd  a=60c2 mask=00ff data=c3c4 pc=009cfa
[:slot1:storager] TEMP6000 rd  a=60c4 mask=ff00 data=c5c6 pc=009cfa
[:slot1:storager] TEMP6000 rd  a=60c4 mask=00ff data=c5c6 pc=009cfa
[:slot1:storager] TEMP6000 rd  a=60c6 mask=ff00 data=c7c8 pc=009cfa
[:slot1:storager] TEMP6000 rd  a=60c6 mask=00ff data=c7c8 pc=009cfa
[:slot1:storager] TEMP6000 rd  a=60c8 mask=ff00 data=c9ca pc=009cfa
[:slot1:storager] TEMP6000 rd  a=60c8 mask=00ff data=c9ca pc=009cfa
[:slot1:storager] TEMP6000 rd  a=60ca mask=ff00 data=cbcc pc=009cfa
[:slot1:storager] TEMP6000 rd  a=60ca mask=00ff data=cbcc pc=009cfa
[:slot1:storager] TEMP6000 rd  a=60cc mask=ff00 data=cdce pc=009cfa
[:slot1:storager] TEMP6000 rd  a=60cc mask=00ff data=cdce pc=009cfa
[:slot1:storager] TEMP6000 rd  a=60ce mask=ff00 data=cfd0 pc=009cfa
[:slot1:storager] TEMP6000 rd  a=60ce mask=00ff data=cfd0 pc=009cfa
[:slot1:storager] TEMP6000 rd  a=60d0 mask=ff00 data=d1d2 pc=009cfa
[:slot1:storager] TEMP6000 rd  a=60d0 mask=00ff data=d1d2 pc=009cfa
[:slot1:storager] TEMP6000 rd  a=60d2 mask=ff00 data=d3d4 pc=009cfa
[:slot1:storager] TEMP6000 rd  a=60d2 mask=00ff data=d3d4 pc=009cfa
[:slot1:storager] TEMP6000 rd  a=60d4 mask=ff00 data=d5d6 pc=009cfa
[:slot1:storager] TEMP6000 rd  a=60d4 mask=00ff data=d5d6 pc=009cfa
[:slot1:storager] TEMP6000 rd  a=60d6 mask=ff00 data=d7d8 pc=009cfa
[:slot1:storager] TEMP6000 rd  a=60d6 mask=00ff data=d7d8 pc=009cfa
[:slot1:storager] TEMP6000 rd  a=60d8 mask=ff00 data=d9da pc=009cfa
[:slot1:storager] TEMP6000 rd  a=60d8 mask=00ff data=d9da pc=009cfa
[:slot1:storager] TEMP6000 rd  a=60da mask=ff00 data=dbdc pc=009cfa
[:slot1:storager] TEMP6000 rd  a=60da mask=00ff data=dbdc pc=009cfa
[:slot1:storager] TEMP6000 rd  a=60dc mask=ff00 data=ddde pc=009cfa
[:slot1:storager] TEMP6000 rd  a=60dc mask=00ff data=ddde pc=009cfa
[:slot1:storager] TEMP6000 rd  a=60de mask=ff00 data=dfe0 pc=009cfa
[:slot1:storager] TEMP6000 rd  a=60de mask=00ff data=dfe0 pc=009cfa
[:slot1:storager] TEMP6000 rd  a=60e0 mask=ff00 data=e1e2 pc=009cfa
[:slot1:storager] TEMP6000 rd  a=60e0 mask=00ff data=e1e2 pc=009cfa
[:slot1:storager] TEMP6000 rd  a=60e2 mask=ff00 data=e3e4 pc=009cfa
[:slot1:storager] TEMP6000 rd  a=60e2 mask=00ff data=e3e4 pc=009cfa
[:slot1:storager] TEMP6000 rd  a=60e4 mask=ff00 data=e5e6 pc=009cfa
[:slot1:storager] TEMP6000 rd  a=60e4 mask=00ff data=e5e6 pc=009cfa
[:slot1:storager] TEMP6000 rd  a=60e6 mask=ff00 data=e7e8 pc=009cfa
[:slot1:storager] TEMP6000 rd  a=60e6 mask=00ff data=e7e8 pc=009cfa
[:slot1:storager] TEMP6000 rd  a=60e8 mask=ff00 data=e9ea pc=009cfa
[:slot1:storager] TEMP6000 rd  a=60e8 mask=00ff data=e9ea pc=009cfa
[:slot1:storager] TEMP6000 rd  a=60ea mask=ff00 data=ebec pc=009cfa
[:slot1:storager] TEMP6000 rd  a=60ea mask=00ff data=ebec pc=009cfa
[:slot1:storager] TEMP6000 rd  a=60ec mask=ff00 data=edee pc=009cfa
[:slot1:storager] TEMP6000 rd  a=60ec mask=00ff data=edee pc=009cfa
[:slot1:storager] TEMP6000 rd  a=60ee mask=ff00 data=eff0 pc=009cfa
[:slot1:storager] TEMP6000 rd  a=60ee mask=00ff data=eff0 pc=009cfa
[:slot1:storager] TEMP6000 rd  a=60f0 mask=ff00 data=f1f2 pc=009cfa
[:slot1:storager] TEMP6000 rd  a=60f0 mask=00ff data=f1f2 pc=009cfa
[:slot1:storager] TEMP6000 rd  a=60f2 mask=ff00 data=f3f4 pc=009cfa
[:slot1:storager] TEMP6000 rd  a=60f2 mask=00ff data=f3f4 pc=009cfa
[:slot1:storager] TEMP6000 rd  a=60f4 mask=ff00 data=f5f6 pc=009cfa
[:slot1:storager] TEMP6000 rd  a=60f4 mask=00ff data=f5f6 pc=009cfa
[:slot1:storager] TEMP6000 rd  a=60f6 mask=ff00 data=f7f8 pc=009cfa
[:slot1:storager] TEMP6000 rd  a=60f6 mask=00ff data=f7f8 pc=009cfa
[:slot1:storager] TEMP6000 rd  a=60f8 mask=ff00 data=f9fa pc=009cfa
[:slot1:storager] TEMP6000 rd  a=60f8 mask=00ff data=f9fa pc=009cfa
[:slot1:storager] TEMP6000 rd  a=60fa mask=ff00 data=fbfc pc=009cfa
[:slot1:storager] TEMP6000 rd  a=60fa mask=00ff data=fbfc pc=009cfa
[:slot1:storager] TEMP6000 rd  a=60fc mask=ff00 data=fdfe pc=009cfa
[:slot1:storager] TEMP6000 rd  a=60fc mask=00ff data=fdfe pc=009cfa
[:slot1:storager] TEMP6000 rd  a=60fe mask=ff00 data=ff01 pc=009cfa
[:slot1:storager] TEMP6000 rd  a=60fe mask=00ff data=ff01 pc=009cfa
[:slot1:storager] TEMP6000 WR  a=6000 data=0000 mask=ff00 pc=009d10
[:slot1:storager] TEMP6000 WR  a=6000 data=0000 mask=00ff pc=009d10
[:slot1:storager] TEMP6000 WR  a=6002 data=0000 mask=ff00 pc=009d10
[:slot1:storager] TEMP6000 WR  a=6002 data=0000 mask=00ff pc=009d10
[:slot1:storager] TEMP6000 WR  a=6004 data=0000 mask=ff00 pc=009d10
[:slot1:storager] TEMP6000 WR  a=6004 data=0000 mask=00ff pc=009d10
[:slot1:storager] TEMP6000 WR  a=6006 data=0000 mask=ff00 pc=009d10
[:slot1:storager] TEMP6000 WR  a=6006 data=0000 mask=00ff pc=009d10
[:slot1:storager] TEMP6000 WR  a=6008 data=0000 mask=ff00 pc=009d10
[:slot1:storager] TEMP6000 WR  a=6008 data=0000 mask=00ff pc=009d10
[:slot1:storager] TEMP6000 WR  a=600a data=0000 mask=ff00 pc=009d10
[:slot1:storager] TEMP6000 WR  a=600a data=0000 mask=00ff pc=009d10
[:slot1:storager] TEMP6000 WR  a=600c data=0000 mask=ff00 pc=009d10
[:slot1:storager] TEMP6000 WR  a=600c data=0000 mask=00ff pc=009d10
[:slot1:storager] TEMP6000 WR  a=600e data=0000 mask=ff00 pc=009d10
[:slot1:storager] TEMP6000 WR  a=600e data=0000 mask=00ff pc=009d10
[:slot1:storager] TEMP6000 WR  a=6010 data=0000 mask=ff00 pc=009d10
[:slot1:storager] TEMP6000 WR  a=6010 data=0000 mask=00ff pc=009d10
[:slot1:storager] TEMP6000 WR  a=6012 data=0000 mask=ff00 pc=009d10
[:slot1:storager] TEMP6000 WR  a=6012 data=0000 mask=00ff pc=009d10
[:slot1:storager] TEMP6000 WR  a=6014 data=0000 mask=ff00 pc=009d10
[:slot1:storager] TEMP6000 WR  a=6014 data=0000 mask=00ff pc=009d10
[:slot1:storager] TEMP6000 WR  a=6016 data=0000 mask=ff00 pc=009d10
[:slot1:storager] TEMP6000 WR  a=6016 data=0000 mask=00ff pc=009d10
[:slot1:storager] TEMP6000 WR  a=6018 data=0000 mask=ff00 pc=009d10
[:slot1:storager] TEMP6000 WR  a=6018 data=0000 mask=00ff pc=009d10
[:slot1:storager] TEMP6000 WR  a=601a data=0000 mask=ff00 pc=009d10
[:slot1:storager] TEMP6000 WR  a=601a data=0000 mask=00ff pc=009d10
[:slot1:storager] TEMP6000 WR  a=601c data=0000 mask=ff00 pc=009d10
[:slot1:storager] TEMP6000 WR  a=601c data=0000 mask=00ff pc=009d10
[:slot1:storager] TEMP6000 WR  a=601e data=0000 mask=ff00 pc=009d10
[:slot1:storager] TEMP6000 WR  a=601e data=0000 mask=00ff pc=009d10
[:slot1:storager] TEMP6000 WR  a=6020 data=0000 mask=ff00 pc=009d10
[:slot1:storager] TEMP6000 WR  a=6020 data=0000 mask=00ff pc=009d10
[:slot1:storager] TEMP6000 WR  a=6022 data=0000 mask=ff00 pc=009d10
[:slot1:storager] TEMP6000 WR  a=6022 data=0000 mask=00ff pc=009d10
[:slot1:storager] TEMP6000 WR  a=6024 data=0000 mask=ff00 pc=009d10
[:slot1:storager] TEMP6000 WR  a=6024 data=0000 mask=00ff pc=009d10
[:slot1:storager] TEMP6000 WR  a=6026 data=0000 mask=ff00 pc=009d10
[:slot1:storager] TEMP6000 WR  a=6026 data=0000 mask=00ff pc=009d10
[:slot1:storager] TEMP6000 WR  a=6028 data=0000 mask=ff00 pc=009d10
[:slot1:storager] TEMP6000 WR  a=6028 data=0000 mask=00ff pc=009d10
[:slot1:storager] TEMP6000 WR  a=602a data=0000 mask=ff00 pc=009d10
[:slot1:storager] TEMP6000 WR  a=602a data=0000 mask=00ff pc=009d10
[:slot1:storager] TEMP6000 WR  a=602c data=0000 mask=ff00 pc=009d10
[:slot1:storager] TEMP6000 WR  a=602c data=0000 mask=00ff pc=009d10
[:slot1:storager] TEMP6000 WR  a=602e data=0000 mask=ff00 pc=009d10
[:slot1:storager] TEMP6000 WR  a=602e data=0000 mask=00ff pc=009d10
[:slot1:storager] TEMP6000 WR  a=6030 data=0000 mask=ff00 pc=009d10
[:slot1:storager] TEMP6000 WR  a=6030 data=0000 mask=00ff pc=009d10
[:slot1:storager] TEMP6000 WR  a=6032 data=0000 mask=ff00 pc=009d10
[:slot1:storager] TEMP6000 WR  a=6032 data=0000 mask=00ff pc=009d10
[:slot1:storager] TEMP6000 WR  a=6034 data=0000 mask=ff00 pc=009d10
[:slot1:storager] TEMP6000 WR  a=6034 data=0000 mask=00ff pc=009d10
[:slot1:storager] TEMP6000 WR  a=6036 data=0000 mask=ff00 pc=009d10
[:slot1:storager] TEMP6000 WR  a=6036 data=0000 mask=00ff pc=009d10
[:slot1:storager] TEMP6000 WR  a=6038 data=0000 mask=ff00 pc=009d10
[:slot1:storager] TEMP6000 WR  a=6038 data=0000 mask=00ff pc=009d10
[:slot1:storager] TEMP6000 WR  a=603a data=0000 mask=ff00 pc=009d10
[:slot1:storager] TEMP6000 WR  a=603a data=0000 mask=00ff pc=009d10
[:slot1:storager] TEMP6000 WR  a=603c data=0000 mask=ff00 pc=009d10
[:slot1:storager] TEMP6000 WR  a=603c data=0000 mask=00ff pc=009d10
[:slot1:storager] TEMP6000 WR  a=603e data=0000 mask=ff00 pc=009d10
[:slot1:storager] TEMP6000 WR  a=603e data=0000 mask=00ff pc=009d10
[:slot1:storager] TEMP6000 WR  a=6040 data=0000 mask=ff00 pc=009d10
[:slot1:storager] TEMP6000 WR  a=6040 data=0000 mask=00ff pc=009d10
[:slot1:storager] TEMP6000 WR  a=6042 data=0000 mask=ff00 pc=009d10
[:slot1:storager] TEMP6000 WR  a=6042 data=0000 mask=00ff pc=009d10
[:slot1:storager] TEMP6000 WR  a=6044 data=0000 mask=ff00 pc=009d10
[:slot1:storager] TEMP6000 WR  a=6044 data=0000 mask=00ff pc=009d10
[:slot1:storager] TEMP6000 WR  a=6046 data=0000 mask=ff00 pc=009d10
[:slot1:storager] TEMP6000 WR  a=6046 data=0000 mask=00ff pc=009d10
[:slot1:storager] TEMP6000 WR  a=6048 data=0000 mask=ff00 pc=009d10
[:slot1:storager] TEMP6000 WR  a=6048 data=0000 mask=00ff pc=009d10
[:slot1:storager] TEMP6000 WR  a=604a data=0000 mask=ff00 pc=009d10
[:slot1:storager] TEMP6000 WR  a=604a data=0000 mask=00ff pc=009d10
[:slot1:storager] TEMP6000 WR  a=604c data=0000 mask=ff00 pc=009d10
[:slot1:storager] TEMP6000 WR  a=604c data=0000 mask=00ff pc=009d10
[:slot1:storager] TEMP6000 WR  a=604e data=0000 mask=ff00 pc=009d10
[:slot1:storager] TEMP6000 WR  a=604e data=0000 mask=00ff pc=009d10
[:slot1:storager] TEMP6000 WR  a=6050 data=0000 mask=ff00 pc=009d10
[:slot1:storager] TEMP6000 WR  a=6050 data=0000 mask=00ff pc=009d10
[:slot1:storager] TEMP6000 WR  a=6052 data=0000 mask=ff00 pc=009d10
[:slot1:storager] TEMP6000 WR  a=6052 data=0000 mask=00ff pc=009d10
[:slot1:storager] TEMP6000 WR  a=6054 data=0000 mask=ff00 pc=009d10
[:slot1:storager] TEMP6000 WR  a=6054 data=0000 mask=00ff pc=009d10
[:slot1:storager] TEMP6000 WR  a=6056 data=0000 mask=ff00 pc=009d10
[:slot1:storager] TEMP6000 WR  a=6056 data=0000 mask=00ff pc=009d10
[:slot1:storager] TEMP6000 WR  a=6058 data=0000 mask=ff00 pc=009d10
[:slot1:storager] TEMP6000 WR  a=6058 data=0000 mask=00ff pc=009d10
[:slot1:storager] TEMP6000 WR  a=605a data=0000 mask=ff00 pc=009d10
[:slot1:storager] TEMP6000 WR  a=605a data=0000 mask=00ff pc=009d10
[:slot1:storager] TEMP6000 WR  a=605c data=0000 mask=ff00 pc=009d10
[:slot1:storager] TEMP6000 WR  a=605c data=0000 mask=00ff pc=009d10
[:slot1:storager] TEMP6000 WR  a=605e data=0000 mask=ff00 pc=009d10
[:slot1:storager] TEMP6000 WR  a=605e data=0000 mask=00ff pc=009d10
[:slot1:storager] TEMP6000 WR  a=6060 data=0000 mask=ff00 pc=009d10
[:slot1:storager] TEMP6000 WR  a=6060 data=0000 mask=00ff pc=009d10
[:slot1:storager] TEMP6000 WR  a=6062 data=0000 mask=ff00 pc=009d10
[:slot1:storager] TEMP6000 WR  a=6062 data=0000 mask=00ff pc=009d10
[:slot1:storager] TEMP6000 WR  a=6064 data=0000 mask=ff00 pc=009d10
[:slot1:storager] TEMP6000 WR  a=6064 data=0000 mask=00ff pc=009d10
[:slot1:storager] TEMP6000 WR  a=6066 data=0000 mask=ff00 pc=009d10
[:slot1:storager] TEMP6000 WR  a=6066 data=0000 mask=00ff pc=009d10
[:slot1:storager] TEMP6000 WR  a=6068 data=0000 mask=ff00 pc=009d10
[:slot1:storager] TEMP6000 WR  a=6068 data=0000 mask=00ff pc=009d10
[:slot1:storager] TEMP6000 WR  a=606a data=0000 mask=ff00 pc=009d10
[:slot1:storager] TEMP6000 WR  a=606a data=0000 mask=00ff pc=009d10
[:slot1:storager] TEMP6000 WR  a=606c data=0000 mask=ff00 pc=009d10
[:slot1:storager] TEMP6000 WR  a=606c data=0000 mask=00ff pc=009d10
[:slot1:storager] TEMP6000 WR  a=606e data=0000 mask=ff00 pc=009d10
[:slot1:storager] TEMP6000 WR  a=606e data=0000 mask=00ff pc=009d10
[:slot1:storager] TEMP6000 WR  a=6070 data=0000 mask=ff00 pc=009d10
[:slot1:storager] TEMP6000 WR  a=6070 data=0000 mask=00ff pc=009d10
[:slot1:storager] TEMP6000 WR  a=6072 data=0000 mask=ff00 pc=009d10
[:slot1:storager] TEMP6000 WR  a=6072 data=0000 mask=00ff pc=009d10
[:slot1:storager] TEMP6000 WR  a=6074 data=0000 mask=ff00 pc=009d10
[:slot1:storager] TEMP6000 WR  a=6074 data=0000 mask=00ff pc=009d10
[:slot1:storager] TEMP6000 WR  a=6076 data=0000 mask=ff00 pc=009d10
[:slot1:storager] TEMP6000 WR  a=6076 data=0000 mask=00ff pc=009d10
[:slot1:storager] TEMP6000 WR  a=6078 data=0000 mask=ff00 pc=009d10
[:slot1:storager] TEMP6000 WR  a=6078 data=0000 mask=00ff pc=009d10
[:slot1:storager] TEMP6000 WR  a=607a data=0000 mask=ff00 pc=009d10
[:slot1:storager] TEMP6000 WR  a=607a data=0000 mask=00ff pc=009d10
[:slot1:storager] TEMP6000 WR  a=607c data=0000 mask=ff00 pc=009d10
[:slot1:storager] TEMP6000 WR  a=607c data=0000 mask=00ff pc=009d10
[:slot1:storager] TEMP6000 WR  a=607e data=0000 mask=ff00 pc=009d10
[:slot1:storager] TEMP6000 WR  a=607e data=0000 mask=00ff pc=009d10
[:slot1:storager] TEMP6000 WR  a=6080 data=0000 mask=ff00 pc=009d10
[:slot1:storager] TEMP6000 WR  a=6080 data=0000 mask=00ff pc=009d10
[:slot1:storager] TEMP6000 WR  a=6082 data=0000 mask=ff00 pc=009d10
[:slot1:storager] TEMP6000 WR  a=6082 data=0000 mask=00ff pc=009d10
[:slot1:storager] TEMP6000 WR  a=6084 data=0000 mask=ff00 pc=009d10
[:slot1:storager] TEMP6000 WR  a=6084 data=0000 mask=00ff pc=009d10
[:slot1:storager] TEMP6000 WR  a=6086 data=0000 mask=ff00 pc=009d10
[:slot1:storager] TEMP6000 WR  a=6086 data=0000 mask=00ff pc=009d10
[:slot1:storager] TEMP6000 WR  a=6088 data=0000 mask=ff00 pc=009d10
[:slot1:storager] TEMP6000 WR  a=6088 data=0000 mask=00ff pc=009d10
[:slot1:storager] TEMP6000 WR  a=608a data=0000 mask=ff00 pc=009d10
[:slot1:storager] TEMP6000 WR  a=608a data=0000 mask=00ff pc=009d10
[:slot1:storager] TEMP6000 WR  a=608c data=0000 mask=ff00 pc=009d10
[:slot1:storager] TEMP6000 WR  a=608c data=0000 mask=00ff pc=009d10
[:slot1:storager] TEMP6000 WR  a=608e data=0000 mask=ff00 pc=009d10
[:slot1:storager] TEMP6000 WR  a=608e data=0000 mask=00ff pc=009d10
[:slot1:storager] TEMP6000 WR  a=6090 data=0000 mask=ff00 pc=009d10
[:slot1:storager] TEMP6000 WR  a=6090 data=0000 mask=00ff pc=009d10
[:slot1:storager] TEMP6000 WR  a=6092 data=0000 mask=ff00 pc=009d10
[:slot1:storager] TEMP6000 WR  a=6092 data=0000 mask=00ff pc=009d10
[:slot1:storager] TEMP6000 WR  a=6094 data=0000 mask=ff00 pc=009d10
[:slot1:storager] TEMP6000 WR  a=6094 data=0000 mask=00ff pc=009d10
[:slot1:storager] TEMP6000 WR  a=6096 data=0000 mask=ff00 pc=009d10
[:slot1:storager] TEMP6000 WR  a=6096 data=0000 mask=00ff pc=009d10
[:slot1:storager] TEMP6000 WR  a=6098 data=0000 mask=ff00 pc=009d10
[:slot1:storager] TEMP6000 WR  a=6098 data=0000 mask=00ff pc=009d10
[:slot1:storager] TEMP6000 WR  a=609a data=0000 mask=ff00 pc=009d10
[:slot1:storager] TEMP6000 WR  a=609a data=0000 mask=00ff pc=009d10
[:slot1:storager] TEMP6000 WR  a=609c data=0000 mask=ff00 pc=009d10
[:slot1:storager] TEMP6000 WR  a=609c data=0000 mask=00ff pc=009d10
[:slot1:storager] TEMP6000 WR  a=609e data=0000 mask=ff00 pc=009d10
[:slot1:storager] TEMP6000 WR  a=609e data=0000 mask=00ff pc=009d10
[:slot1:storager] TEMP6000 WR  a=60a0 data=0000 mask=ff00 pc=009d10
[:slot1:storager] TEMP6000 WR  a=60a0 data=0000 mask=00ff pc=009d10
[:slot1:storager] TEMP6000 WR  a=60a2 data=0000 mask=ff00 pc=009d10
[:slot1:storager] TEMP6000 WR  a=60a2 data=0000 mask=00ff pc=009d10
[:slot1:storager] TEMP6000 WR  a=60a4 data=0000 mask=ff00 pc=009d10
[:slot1:storager] TEMP6000 WR  a=60a4 data=0000 mask=00ff pc=009d10
[:slot1:storager] TEMP6000 WR  a=60a6 data=0000 mask=ff00 pc=009d10
[:slot1:storager] TEMP6000 WR  a=60a6 data=0000 mask=00ff pc=009d10
[:slot1:storager] TEMP6000 WR  a=60a8 data=0000 mask=ff00 pc=009d10
[:slot1:storager] TEMP6000 WR  a=60a8 data=0000 mask=00ff pc=009d10
[:slot1:storager] TEMP6000 WR  a=60aa data=0000 mask=ff00 pc=009d10
[:slot1:storager] TEMP6000 WR  a=60aa data=0000 mask=00ff pc=009d10
[:slot1:storager] TEMP6000 WR  a=60ac data=0000 mask=ff00 pc=009d10
[:slot1:storager] TEMP6000 WR  a=60ac data=0000 mask=00ff pc=009d10
[:slot1:storager] TEMP6000 WR  a=60ae data=0000 mask=ff00 pc=009d10
[:slot1:storager] TEMP6000 WR  a=60ae data=0000 mask=00ff pc=009d10
[:slot1:storager] TEMP6000 WR  a=60b0 data=0000 mask=ff00 pc=009d10
[:slot1:storager] TEMP6000 WR  a=60b0 data=0000 mask=00ff pc=009d10
[:slot1:storager] TEMP6000 WR  a=60b2 data=0000 mask=ff00 pc=009d10
[:slot1:storager] TEMP6000 WR  a=60b2 data=0000 mask=00ff pc=009d10
[:slot1:storager] TEMP6000 WR  a=60b4 data=0000 mask=ff00 pc=009d10
[:slot1:storager] TEMP6000 WR  a=60b4 data=0000 mask=00ff pc=009d10
[:slot1:storager] TEMP6000 WR  a=60b6 data=0000 mask=ff00 pc=009d10
[:slot1:storager] TEMP6000 WR  a=60b6 data=0000 mask=00ff pc=009d10
[:slot1:storager] TEMP6000 WR  a=60b8 data=0000 mask=ff00 pc=009d10
[:slot1:storager] TEMP6000 WR  a=60b8 data=0000 mask=00ff pc=009d10
[:slot1:storager] TEMP6000 WR  a=60ba data=0000 mask=ff00 pc=009d10
[:slot1:storager] TEMP6000 WR  a=60ba data=0000 mask=00ff pc=009d10
[:slot1:storager] TEMP6000 WR  a=60bc data=0000 mask=ff00 pc=009d10
[:slot1:storager] TEMP6000 WR  a=60bc data=0000 mask=00ff pc=009d10
[:slot1:storager] TEMP6000 WR  a=60be data=0000 mask=ff00 pc=009d10
[:slot1:storager] TEMP6000 WR  a=60be data=0000 mask=00ff pc=009d10
[:slot1:storager] TEMP6000 WR  a=60c0 data=0000 mask=ff00 pc=009d10
[:slot1:storager] TEMP6000 WR  a=60c0 data=0000 mask=00ff pc=009d10
[:slot1:storager] TEMP6000 WR  a=60c2 data=0000 mask=ff00 pc=009d10
[:slot1:storager] TEMP6000 WR  a=60c2 data=0000 mask=00ff pc=009d10
[:slot1:storager] TEMP6000 WR  a=60c4 data=0000 mask=ff00 pc=009d10
[:slot1:storager] TEMP6000 WR  a=60c4 data=0000 mask=00ff pc=009d10
[:slot1:storager] TEMP6000 WR  a=60c6 data=0000 mask=ff00 pc=009d10
[:slot1:storager] TEMP6000 WR  a=60c6 data=0000 mask=00ff pc=009d10
[:slot1:storager] TEMP6000 WR  a=60c8 data=0000 mask=ff00 pc=009d10
[:slot1:storager] TEMP6000 WR  a=60c8 data=0000 mask=00ff pc=009d10
[:slot1:storager] TEMP6000 WR  a=60ca data=0000 mask=ff00 pc=009d10
[:slot1:storager] TEMP6000 WR  a=60ca data=0000 mask=00ff pc=009d10
[:slot1:storager] TEMP6000 WR  a=60cc data=0000 mask=ff00 pc=009d10
[:slot1:storager] TEMP6000 WR  a=60cc data=0000 mask=00ff pc=009d10
[:slot1:storager] TEMP6000 WR  a=60ce data=0000 mask=ff00 pc=009d10
[:slot1:storager] TEMP6000 WR  a=60ce data=0000 mask=00ff pc=009d10
[:slot1:storager] TEMP6000 WR  a=60d0 data=0000 mask=ff00 pc=009d10
[:slot1:storager] TEMP6000 WR  a=60d0 data=0000 mask=00ff pc=009d10
[:slot1:storager] TEMP6000 WR  a=60d2 data=0000 mask=ff00 pc=009d10
[:slot1:storager] TEMP6000 WR  a=60d2 data=0000 mask=00ff pc=009d10
[:slot1:storager] TEMP6000 WR  a=60d4 data=0000 mask=ff00 pc=009d10
[:slot1:storager] TEMP6000 WR  a=60d4 data=0000 mask=00ff pc=009d10
[:slot1:storager] TEMP6000 WR  a=60d6 data=0000 mask=ff00 pc=009d10
[:slot1:storager] TEMP6000 WR  a=60d6 data=0000 mask=00ff pc=009d10
[:slot1:storager] TEMP6000 WR  a=60d8 data=0000 mask=ff00 pc=009d10
[:slot1:storager] TEMP6000 WR  a=60d8 data=0000 mask=00ff pc=009d10
[:slot1:storager] TEMP6000 WR  a=60da data=0000 mask=ff00 pc=009d10
[:slot1:storager] TEMP6000 WR  a=60da data=0000 mask=00ff pc=009d10
[:slot1:storager] TEMP6000 WR  a=60dc data=0000 mask=ff00 pc=009d10
[:slot1:storager] TEMP6000 WR  a=60dc data=0000 mask=00ff pc=009d10
[:slot1:storager] TEMP6000 WR  a=60de data=0000 mask=ff00 pc=009d10
[:slot1:storager] TEMP6000 WR  a=60de data=0000 mask=00ff pc=009d10
[:slot1:storager] TEMP6000 WR  a=60e0 data=0000 mask=ff00 pc=009d10
[:slot1:storager] TEMP6000 WR  a=60e0 data=0000 mask=00ff pc=009d10
[:slot1:storager] TEMP6000 WR  a=60e2 data=0000 mask=ff00 pc=009d10
[:slot1:storager] TEMP6000 WR  a=60e2 data=0000 mask=00ff pc=009d10
[:slot1:storager] TEMP6000 WR  a=60e4 data=0000 mask=ff00 pc=009d10
[:slot1:storager] TEMP6000 WR  a=60e4 data=0000 mask=00ff pc=009d10
[:slot1:storager] TEMP6000 WR  a=60e6 data=0000 mask=ff00 pc=009d10
[:slot1:storager] TEMP6000 WR  a=60e6 data=0000 mask=00ff pc=009d10
[:slot1:storager] TEMP6000 WR  a=60e8 data=0000 mask=ff00 pc=009d10
[:slot1:storager] TEMP6000 WR  a=60e8 data=0000 mask=00ff pc=009d10
[:slot1:storager] TEMP6000 WR  a=60ea data=0000 mask=ff00 pc=009d10
[:slot1:storager] TEMP6000 WR  a=60ea data=0000 mask=00ff pc=009d10
[:slot1:storager] TEMP6000 WR  a=60ec data=0000 mask=ff00 pc=009d10
[:slot1:storager] TEMP6000 WR  a=60ec data=0000 mask=00ff pc=009d10
[:slot1:storager] TEMP6000 WR  a=60ee data=0000 mask=ff00 pc=009d10
[:slot1:storager] TEMP6000 WR  a=60ee data=0000 mask=00ff pc=009d10
[:slot1:storager] TEMP6000 WR  a=60f0 data=0000 mask=ff00 pc=009d10
[:slot1:storager] TEMP6000 WR  a=60f0 data=0000 mask=00ff pc=009d10
[:slot1:storager] TEMP6000 WR  a=60f2 data=0000 mask=ff00 pc=009d10
[:slot1:storager] TEMP6000 WR  a=60f2 data=0000 mask=00ff pc=009d10
[:slot1:storager] TEMP6000 WR  a=60f4 data=0000 mask=ff00 pc=009d10
[:slot1:storager] TEMP6000 WR  a=60f4 data=0000 mask=00ff pc=009d10
[:slot1:storager] TEMP6000 WR  a=60f6 data=0000 mask=ff00 pc=009d10
[:slot1:storager] TEMP6000 WR  a=60f6 data=0000 mask=00ff pc=009d10
[:slot1:storager] TEMP6000 WR  a=60f8 data=0000 mask=ff00 pc=009d10
[:slot1:storager] TEMP6000 WR  a=60f8 data=0000 mask=00ff pc=009d10
[:slot1:storager] TEMP6000 WR  a=60fa data=0000 mask=ff00 pc=009d10
[:slot1:storager] TEMP6000 WR  a=60fa data=0000 mask=00ff pc=009d10
[:slot1:storager] TEMP6000 WR  a=60fc data=0000 mask=ff00 pc=009d10
[:slot1:storager] TEMP6000 WR  a=60fc data=0000 mask=00ff pc=009d10
[:slot1:storager] TEMP6000 WR  a=60fe data=0000 mask=ff00 pc=009d10
[:slot1:storager] TEMP6000 WR  a=60fe data=0000 mask=00ff pc=009d10
[:slot1:storager] UIB20   171648.2us [6e80] <= 0000 pc=009d10
[:slot1:storager] UIB20   171650.0us [6e80] <= 0000 pc=009d10
[:slot1:storager] NODE20   173289.8us [7210] <= 0000 pc=009d10
[:slot1:storager] NODE20   173291.6us [7210] <= 0000 pc=009d10
[:slot1:storager] PHASE   173300.6us [7216] <= 0000 pc=009d10
[:slot1:storager] PHASE   173302.4us [7216] <= 0000 pc=009d10
[:slot1:storager] PHASE   173487.8us [727e] <= 0000 pc=009d10
[:slot1:storager] CTX   173487.8us [727e] <= 0000 pc=009d10 IPL=7  <-- IN ISR
[:slot1:storager] PHASE   173489.6us [727e] <= 0000 pc=009d10
[:slot1:storager] CTX   173489.6us [727e] <= 0000 pc=009d10 IPL=7  <-- IN ISR
[:slot1:storager] QHEAD   173916.2us [736c] <= 0000 pc=009d10
[:slot1:storager] QHEAD   173918.0us [736c] <= 0000 pc=009d10
[:slot1:storager] QHEAD   173919.8us [736e] <= 0000 pc=009d10
[:slot1:storager] QHEAD   173921.6us [736e] <= 0000 pc=009d10
[:slot1:storager] QHEAD   173923.4us [7370] <= 0000 pc=009d10
[:slot1:storager] QHEAD   173925.2us [7370] <= 0000 pc=009d10
[:slot1:storager] QHEAD   173927.0us [7372] <= 0000 pc=009d10
[:slot1:storager] QHEAD   173928.8us [7372] <= 0000 pc=009d10
[:slot1:storager] XSTATE   174233.0us [741c] <= 0000
[:slot1:storager] PHASE   174233.0us [741c] <= 0000 pc=009d10
[:slot1:storager] CTX   174233.0us [741c] <= 0000 pc=009d10 IPL=7  <-- IN ISR
[:slot1:storager] XSTATE   174234.8us [741c] <= 0000
[:slot1:storager] PHASE   174234.8us [741c] <= 0000 pc=009d10
[:slot1:storager] CTX   174234.8us [741c] <= 0000 pc=009d10 IPL=7  <-- IN ISR
[:slot1:storager] BUFPTR   174236.6us [741e] <= 0000 (byte 0000) pc=009d10
[:slot1:storager] CTX   174236.6us [741e] <= 0000 pc=009d10 IPL=7  <-- IN ISR
[:slot1:storager] BUFPTR   174238.4us [741e] <= 0000 (byte 0000) pc=009d10
[:slot1:storager] CTX   174238.4us [741e] <= 0000 pc=009d10 IPL=7  <-- IN ISR
[:slot1:storager] CTX   174247.4us [7424] <= 0000 pc=009d10 IPL=7  <-- IN ISR
[:slot1:storager] CTX   174249.2us [7424] <= 0000 pc=009d10 IPL=7  <-- IN ISR
[:slot1:storager] ACCEPT   174254.6us [7428] <= 0000 pc=009d10
[:slot1:storager] CTX   174254.6us [7428] <= 0000 pc=009d10 IPL=7  <-- IN ISR
[:slot1:storager] ACCEPT   174256.4us [7428] <= 0000 pc=009d10
[:slot1:storager] CTX   174256.4us [7428] <= 0000 pc=009d10 IPL=7  <-- IN ISR
[:slot1:storager] SCAN   174269.0us halted at pos=0   (byte 6b) [7956]=7071 | ledger: 6b 6c 6d 6e 6f 70 71 72 73 74 75 76 77 78 79 7a 7b 7c 7d 7e 7f 80 81 82 83 84 85 86 87 88 
[:slot1:storager] SCAN   174270.8us halted at pos=0   (byte 6b) [7956]=7071 | ledger: 6b 6c 6d 6e 6f 70 71 72 73 74 75 76 77 78 79 7a 7b 7c 7d 7e 7f 80 81 82 83 84 85 86 87 88 
[:slot1:storager] XSTATE   174287.0us [743a] <= 0000
[:slot1:storager] XSTATE   174288.8us [743a] <= 0000
[:slot1:storager] XSTATE   174333.8us [7454] <= 0000
[:slot1:storager] XSTATE   174335.6us [7454] <= 0000
[:slot1:storager] I7462   174359.0us [7462] <= 0000 pc=009d10
[:slot1:storager] I7462   174360.8us [7462] <= 0000 pc=009d10
[:slot1:storager] POOL   174492.2us [74ac] <= 0000 pc=009d10
[:slot1:storager] CTX   174492.2us [74ac] <= 0000 pc=009d10 IPL=7  <-- IN ISR
[:slot1:storager] POOL   174494.0us [74ac] <= 0000 pc=009d10
[:slot1:storager] CTX   174494.0us [74ac] <= 0000 pc=009d10 IPL=7  <-- IN ISR
[:slot1:storager] XSTATE   174506.6us [74b4] <= 0000
[:slot1:storager] XSTATE   174508.4us [74b4] <= 0000
[:slot1:storager] REMAIN   176641.4us [7956] <= 0000 pc=009d10
[:slot1:storager] REMAIN   176643.2us [7956] <= 0000 pc=009d10
[:slot1:storager] DESC   176645.0us [7958] word<=0000 mask=ff00 pc=009d10 | [7abe]=d9dadbdc [7958]=72737475 [7abc]=d7d8
[:slot1:storager] DESC   176646.8us [7958] word<=0000 mask=00ff pc=009d10 | [7abe]=d9dadbdc [7958]=00737475 [7abc]=d7d8
[:slot1:storager] DESC   176648.6us [7958] word<=0000 mask=ff00 pc=009d10 | [7abe]=d9dadbdc [7958]=00007475 [7abc]=d7d8
[:slot1:storager] DESC   176650.4us [7958] word<=0000 mask=00ff pc=009d10 | [7abe]=d9dadbdc [7958]=00000075 [7abc]=d7d8
[:slot1:storager] XSTATE   176673.8us [7968] <= 0000
[:slot1:storager] PHASE   176673.8us [7968] <= 0000 pc=009d10
[:slot1:storager] CTX   176673.8us [7968] <= 0000 pc=009d10 IPL=7  <-- IN ISR
[:slot1:storager] XSTATE   176675.6us [7968] <= 0000
[:slot1:storager] PHASE   176675.6us [7968] <= 0000 pc=009d10
[:slot1:storager] CTX   176675.6us [7968] <= 0000 pc=009d10 IPL=7  <-- IN ISR
[:slot1:storager] CTX   176681.0us [796c] <= 0000 pc=009d10 IPL=7  <-- IN ISR
[:slot1:storager] CTX   176682.8us [796c] <= 0000 pc=009d10 IPL=7  <-- IN ISR
[:slot1:storager] SEEKF   176742.2us [798e] <= 0000 pc=009d10
[:slot1:storager] CTX   176742.2us [798e] <= 0000 pc=009d10 IPL=7  <-- IN ISR
[:slot1:storager] SEEKF   176744.0us [798e] <= 0000 pc=009d10
[:slot1:storager] CTX   176744.0us [798e] <= 0000 pc=009d10 IPL=7  <-- IN ISR
[:slot1:storager] SEEKF   176745.8us [7990] <= 0000 pc=009d10
[:slot1:storager] SEEKF   176747.6us [7990] <= 0000 pc=009d10
[:slot1:storager] CUR   176763.8us [799a] <= 0000 pc=009d10
[:slot1:storager] CUR   176765.6us [799a] <= 0000 pc=009d10
[:slot1:storager] CNT   176778.2us [79a2] <= 0000 pc=009d10
[:slot1:storager] CNT   176780.0us [79a2] <= 0000 pc=009d10
[:slot1:storager] CNT   176781.8us [79a4] <= 0000 pc=009d10
[:slot1:storager] CNT   176783.6us [79a4] <= 0000 pc=009d10
[:slot1:storager] XSTATE   176994.2us [7a1a] <= 0000
[:slot1:storager] XSTATE   176996.0us [7a1a] <= 0000
[:slot1:storager] A30   177033.8us [7a30] <= 0000 pc=009d10
[:slot1:storager] CTX   177033.8us [7a30] <= 0000 pc=009d10 IPL=7  <-- IN ISR
[:slot1:storager] A30   177035.6us [7a30] <= 0000 pc=009d10
[:slot1:storager] CTX   177035.6us [7a30] <= 0000 pc=009d10 IPL=7  <-- IN ISR
[:slot1:storager] SFLAG   177044.6us [7a36] <= 0000 pc=009d10
[:slot1:storager] CTX   177044.6us [7a36] <= 0000 pc=009d10 IPL=7  <-- IN ISR
[:slot1:storager] SFLAG   177046.4us [7a36] <= 0000 pc=009d10
[:slot1:storager] CTX   177046.4us [7a36] <= 0000 pc=009d10 IPL=7  <-- IN ISR
[:slot1:storager] SFLAG   177048.2us [7a38] <= 0000 pc=009d10
[:slot1:storager] SFLAG   177050.0us [7a38] <= 0000 pc=009d10
[:slot1:storager] GUARD   177059.0us [7a3e] <= 0000 pc=009d10
[:slot1:storager] CTX   177059.0us [7a3e] <= 0000 pc=009d10 IPL=7  <-- IN ISR
[:slot1:storager] GUARD   177060.8us [7a3e] <= 0000 pc=009d10
[:slot1:storager] CTX   177060.8us [7a3e] <= 0000 pc=009d10 IPL=7  <-- IN ISR
[:slot1:storager] GUARD   177062.6us [7a40] <= 0000 pc=009d10
[:slot1:storager] CTX   177062.6us [7a40] <= 0000 pc=009d10 IPL=7  <-- IN ISR
[:slot1:storager] GUARD   177064.4us [7a40] <= 0000 pc=009d10
[:slot1:storager] CTX   177064.4us [7a40] <= 0000 pc=009d10 IPL=7  <-- IN ISR
[:slot1:storager] TEMPCNT 7abc <= 0000 mask=ff00 pc=009d10
[:slot1:storager] TEMPCNT 7abc <= 0000 mask=00ff pc=009d10
[:slot1:storager] DESC   177289.4us [7abe] word<=0000 mask=ff00 pc=009d10 | [7abe]=d9dadbdc [7958]=00000000 [7abc]=0000
[:slot1:storager] TEMPCNT 7abe <= 0000 mask=ff00 pc=009d10
[:slot1:storager] DESC   177291.2us [7abe] word<=0000 mask=00ff pc=009d10 | [7abe]=00dadbdc [7958]=00000000 [7abc]=0000
[:slot1:storager] TEMPCNT 7abe <= 0000 mask=00ff pc=009d10
[:slot1:storager] DESC   177293.0us [7abe] word<=0000 mask=ff00 pc=009d10 | [7abe]=0000dbdc [7958]=00000000 [7abc]=0000
[:slot1:storager] DESC   177294.8us [7abe] word<=0000 mask=00ff pc=009d10 | [7abe]=000000dc [7958]=00000000 [7abc]=0000
[:slot1:storager] AAPATH   177300.2us [7ac4] <= 0000 pc=009d10  [7968]=0000
[:slot1:storager] AAPATH   177302.0us [7ac4] <= 0000 pc=009d10  [7968]=0000
[:slot1:storager] AAPATH   177437.0us [7b10] <= 0000 pc=009d10  [7968]=0000
[:slot1:storager] CTX   177437.0us [7b10] <= 0000 pc=009d10 IPL=7  <-- IN ISR
[:slot1:storager] AAPATH   177438.8us [7b10] <= 0000 pc=009d10  [7968]=0000
[:slot1:storager] CTX   177438.8us [7b10] <= 0000 pc=009d10 IPL=7  <-- IN ISR
[:slot1:storager] TEMP6000 rd  a=6000 mask=ff00 data=0000 pc=009d1c
[:slot1:storager] TEMP6000 rd  a=6000 mask=00ff data=0000 pc=009d1c
[:slot1:storager] TEMP6000 rd  a=6002 mask=ff00 data=0000 pc=009d1c
[:slot1:storager] TEMP6000 rd  a=6002 mask=00ff data=0000 pc=009d1c
[:slot1:storager] TEMP6000 rd  a=6004 mask=ff00 data=0000 pc=009d1c
[:slot1:storager] TEMP6000 rd  a=6004 mask=00ff data=0000 pc=009d1c
[:slot1:storager] TEMP6000 rd  a=6006 mask=ff00 data=0000 pc=009d1c
[:slot1:storager] TEMP6000 rd  a=6006 mask=00ff data=0000 pc=009d1c
[:slot1:storager] TEMP6000 rd  a=6008 mask=ff00 data=0000 pc=009d1c
[:slot1:storager] TEMP6000 rd  a=6008 mask=00ff data=0000 pc=009d1c
[:slot1:storager] TEMP6000 rd  a=600a mask=ff00 data=0000 pc=009d1c
[:slot1:storager] TEMP6000 rd  a=600a mask=00ff data=0000 pc=009d1c
[:slot1:storager] TEMP6000 rd  a=600c mask=ff00 data=0000 pc=009d1c
[:slot1:storager] TEMP6000 rd  a=600c mask=00ff data=0000 pc=009d1c
[:slot1:storager] TEMP6000 rd  a=600e mask=ff00 data=0000 pc=009d1c
[:slot1:storager] TEMP6000 rd  a=600e mask=00ff data=0000 pc=009d1c
[:slot1:storager] TEMP6000 rd  a=6010 mask=ff00 data=0000 pc=009d1c
[:slot1:storager] TEMP6000 rd  a=6010 mask=00ff data=0000 pc=009d1c
[:slot1:storager] TEMP6000 rd  a=6012 mask=ff00 data=0000 pc=009d1c
[:slot1:storager] TEMP6000 rd  a=6012 mask=00ff data=0000 pc=009d1c
[:slot1:storager] TEMP6000 rd  a=6014 mask=ff00 data=0000 pc=009d1c
[:slot1:storager] TEMP6000 rd  a=6014 mask=00ff data=0000 pc=009d1c
[:slot1:storager] TEMP6000 rd  a=6016 mask=ff00 data=0000 pc=009d1c
[:slot1:storager] TEMP6000 rd  a=6016 mask=00ff data=0000 pc=009d1c
[:slot1:storager] TEMP6000 rd  a=6018 mask=ff00 data=0000 pc=009d1c
[:slot1:storager] TEMP6000 rd  a=6018 mask=00ff data=0000 pc=009d1c
[:slot1:storager] TEMP6000 rd  a=601a mask=ff00 data=0000 pc=009d1c
[:slot1:storager] TEMP6000 rd  a=601a mask=00ff data=0000 pc=009d1c
[:slot1:storager] TEMP6000 rd  a=601c mask=ff00 data=0000 pc=009d1c
[:slot1:storager] TEMP6000 rd  a=601c mask=00ff data=0000 pc=009d1c
[:slot1:storager] TEMP6000 rd  a=601e mask=ff00 data=0000 pc=009d1c
[:slot1:storager] TEMP6000 rd  a=601e mask=00ff data=0000 pc=009d1c
[:slot1:storager] TEMP6000 rd  a=6020 mask=ff00 data=0000 pc=009d1c
[:slot1:storager] TEMP6000 rd  a=6020 mask=00ff data=0000 pc=009d1c
[:slot1:storager] TEMP6000 rd  a=6022 mask=ff00 data=0000 pc=009d1c
[:slot1:storager] TEMP6000 rd  a=6022 mask=00ff data=0000 pc=009d1c
[:slot1:storager] TEMP6000 rd  a=6024 mask=ff00 data=0000 pc=009d1c
[:slot1:storager] TEMP6000 rd  a=6024 mask=00ff data=0000 pc=009d1c
[:slot1:storager] TEMP6000 rd  a=6026 mask=ff00 data=0000 pc=009d1c
[:slot1:storager] TEMP6000 rd  a=6026 mask=00ff data=0000 pc=009d1c
[:slot1:storager] TEMP6000 rd  a=6028 mask=ff00 data=0000 pc=009d1c
[:slot1:storager] TEMP6000 rd  a=6028 mask=00ff data=0000 pc=009d1c
[:slot1:storager] TEMP6000 rd  a=602a mask=ff00 data=0000 pc=009d1c
[:slot1:storager] TEMP6000 rd  a=602a mask=00ff data=0000 pc=009d1c
[:slot1:storager] TEMP6000 rd  a=602c mask=ff00 data=0000 pc=009d1c
[:slot1:storager] TEMP6000 rd  a=602c mask=00ff data=0000 pc=009d1c
[:slot1:storager] TEMP6000 rd  a=602e mask=ff00 data=0000 pc=009d1c
[:slot1:storager] TEMP6000 rd  a=602e mask=00ff data=0000 pc=009d1c
[:slot1:storager] TEMP6000 rd  a=6030 mask=ff00 data=0000 pc=009d1c
[:slot1:storager] TEMP6000 rd  a=6030 mask=00ff data=0000 pc=009d1c
[:slot1:storager] TEMP6000 rd  a=6032 mask=ff00 data=0000 pc=009d1c
[:slot1:storager] TEMP6000 rd  a=6032 mask=00ff data=0000 pc=009d1c
[:slot1:storager] TEMP6000 rd  a=6034 mask=ff00 data=0000 pc=009d1c
[:slot1:storager] TEMP6000 rd  a=6034 mask=00ff data=0000 pc=009d1c
[:slot1:storager] TEMP6000 rd  a=6036 mask=ff00 data=0000 pc=009d1c
[:slot1:storager] TEMP6000 rd  a=6036 mask=00ff data=0000 pc=009d1c
[:slot1:storager] TEMP6000 rd  a=6038 mask=ff00 data=0000 pc=009d1c
[:slot1:storager] TEMP6000 rd  a=6038 mask=00ff data=0000 pc=009d1c
[:slot1:storager] TEMP6000 rd  a=603a mask=ff00 data=0000 pc=009d1c
[:slot1:storager] TEMP6000 rd  a=603a mask=00ff data=0000 pc=009d1c
[:slot1:storager] TEMP6000 rd  a=603c mask=ff00 data=0000 pc=009d1c
[:slot1:storager] TEMP6000 rd  a=603c mask=00ff data=0000 pc=009d1c
[:slot1:storager] TEMP6000 rd  a=603e mask=ff00 data=0000 pc=009d1c
[:slot1:storager] TEMP6000 rd  a=603e mask=00ff data=0000 pc=009d1c
[:slot1:storager] TEMP6000 rd  a=6040 mask=ff00 data=0000 pc=009d1c
[:slot1:storager] TEMP6000 rd  a=6040 mask=00ff data=0000 pc=009d1c
[:slot1:storager] TEMP6000 rd  a=6042 mask=ff00 data=0000 pc=009d1c
[:slot1:storager] TEMP6000 rd  a=6042 mask=00ff data=0000 pc=009d1c
[:slot1:storager] TEMP6000 rd  a=6044 mask=ff00 data=0000 pc=009d1c
[:slot1:storager] TEMP6000 rd  a=6044 mask=00ff data=0000 pc=009d1c
[:slot1:storager] TEMP6000 rd  a=6046 mask=ff00 data=0000 pc=009d1c
[:slot1:storager] TEMP6000 rd  a=6046 mask=00ff data=0000 pc=009d1c
[:slot1:storager] TEMP6000 rd  a=6048 mask=ff00 data=0000 pc=009d1c
[:slot1:storager] TEMP6000 rd  a=6048 mask=00ff data=0000 pc=009d1c
[:slot1:storager] TEMP6000 rd  a=604a mask=ff00 data=0000 pc=009d1c
[:slot1:storager] TEMP6000 rd  a=604a mask=00ff data=0000 pc=009d1c
[:slot1:storager] TEMP6000 rd  a=604c mask=ff00 data=0000 pc=009d1c
[:slot1:storager] TEMP6000 rd  a=604c mask=00ff data=0000 pc=009d1c
[:slot1:storager] TEMP6000 rd  a=604e mask=ff00 data=0000 pc=009d1c
[:slot1:storager] TEMP6000 rd  a=604e mask=00ff data=0000 pc=009d1c
[:slot1:storager] TEMP6000 rd  a=6050 mask=ff00 data=0000 pc=009d1c
[:slot1:storager] TEMP6000 rd  a=6050 mask=00ff data=0000 pc=009d1c
[:slot1:storager] TEMP6000 rd  a=6052 mask=ff00 data=0000 pc=009d1c
[:slot1:storager] TEMP6000 rd  a=6052 mask=00ff data=0000 pc=009d1c
[:slot1:storager] TEMP6000 rd  a=6054 mask=ff00 data=0000 pc=009d1c
[:slot1:storager] TEMP6000 rd  a=6054 mask=00ff data=0000 pc=009d1c
[:slot1:storager] TEMP6000 rd  a=6056 mask=ff00 data=0000 pc=009d1c
[:slot1:storager] TEMP6000 rd  a=6056 mask=00ff data=0000 pc=009d1c
[:slot1:storager] TEMP6000 rd  a=6058 mask=ff00 data=0000 pc=009d1c
[:slot1:storager] TEMP6000 rd  a=6058 mask=00ff data=0000 pc=009d1c
[:slot1:storager] TEMP6000 rd  a=605a mask=ff00 data=0000 pc=009d1c
[:slot1:storager] TEMP6000 rd  a=605a mask=00ff data=0000 pc=009d1c
[:slot1:storager] TEMP6000 rd  a=605c mask=ff00 data=0000 pc=009d1c
[:slot1:storager] TEMP6000 rd  a=605c mask=00ff data=0000 pc=009d1c
[:slot1:storager] TEMP6000 rd  a=605e mask=ff00 data=0000 pc=009d1c
[:slot1:storager] TEMP6000 rd  a=605e mask=00ff data=0000 pc=009d1c
[:slot1:storager] TEMP6000 rd  a=6060 mask=ff00 data=0000 pc=009d1c
[:slot1:storager] TEMP6000 rd  a=6060 mask=00ff data=0000 pc=009d1c
[:slot1:storager] TEMP6000 rd  a=6062 mask=ff00 data=0000 pc=009d1c
[:slot1:storager] TEMP6000 rd  a=6062 mask=00ff data=0000 pc=009d1c
[:slot1:storager] TEMP6000 rd  a=6064 mask=ff00 data=0000 pc=009d1c
[:slot1:storager] TEMP6000 rd  a=6064 mask=00ff data=0000 pc=009d1c
[:slot1:storager] TEMP6000 rd  a=6066 mask=ff00 data=0000 pc=009d1c
[:slot1:storager] TEMP6000 rd  a=6066 mask=00ff data=0000 pc=009d1c
[:slot1:storager] TEMP6000 rd  a=6068 mask=ff00 data=0000 pc=009d1c
[:slot1:storager] TEMP6000 rd  a=6068 mask=00ff data=0000 pc=009d1c
[:slot1:storager] TEMP6000 rd  a=606a mask=ff00 data=0000 pc=009d1c
[:slot1:storager] TEMP6000 rd  a=606a mask=00ff data=0000 pc=009d1c
[:slot1:storager] TEMP6000 rd  a=606c mask=ff00 data=0000 pc=009d1c
[:slot1:storager] TEMP6000 rd  a=606c mask=00ff data=0000 pc=009d1c
[:slot1:storager] TEMP6000 rd  a=606e mask=ff00 data=0000 pc=009d1c
[:slot1:storager] TEMP6000 rd  a=606e mask=00ff data=0000 pc=009d1c
[:slot1:storager] TEMP6000 rd  a=6070 mask=ff00 data=0000 pc=009d1c
[:slot1:storager] TEMP6000 rd  a=6070 mask=00ff data=0000 pc=009d1c
[:slot1:storager] TEMP6000 rd  a=6072 mask=ff00 data=0000 pc=009d1c
[:slot1:storager] TEMP6000 rd  a=6072 mask=00ff data=0000 pc=009d1c
[:slot1:storager] TEMP6000 rd  a=6074 mask=ff00 data=0000 pc=009d1c
[:slot1:storager] TEMP6000 rd  a=6074 mask=00ff data=0000 pc=009d1c
[:slot1:storager] TEMP6000 rd  a=6076 mask=ff00 data=0000 pc=009d1c
[:slot1:storager] TEMP6000 rd  a=6076 mask=00ff data=0000 pc=009d1c
[:slot1:storager] TEMP6000 rd  a=6078 mask=ff00 data=0000 pc=009d1c
[:slot1:storager] TEMP6000 rd  a=6078 mask=00ff data=0000 pc=009d1c
[:slot1:storager] TEMP6000 rd  a=607a mask=ff00 data=0000 pc=009d1c
[:slot1:storager] TEMP6000 rd  a=607a mask=00ff data=0000 pc=009d1c
[:slot1:storager] TEMP6000 rd  a=607c mask=ff00 data=0000 pc=009d1c
[:slot1:storager] TEMP6000 rd  a=607c mask=00ff data=0000 pc=009d1c
[:slot1:storager] TEMP6000 rd  a=607e mask=ff00 data=0000 pc=009d1c
[:slot1:storager] TEMP6000 rd  a=607e mask=00ff data=0000 pc=009d1c
[:slot1:storager] TEMP6000 rd  a=6080 mask=ff00 data=0000 pc=009d1c
[:slot1:storager] TEMP6000 rd  a=6080 mask=00ff data=0000 pc=009d1c
[:slot1:storager] TEMP6000 rd  a=6082 mask=ff00 data=0000 pc=009d1c
[:slot1:storager] TEMP6000 rd  a=6082 mask=00ff data=0000 pc=009d1c
[:slot1:storager] TEMP6000 rd  a=6084 mask=ff00 data=0000 pc=009d1c
[:slot1:storager] TEMP6000 rd  a=6084 mask=00ff data=0000 pc=009d1c
[:slot1:storager] TEMP6000 rd  a=6086 mask=ff00 data=0000 pc=009d1c
[:slot1:storager] TEMP6000 rd  a=6086 mask=00ff data=0000 pc=009d1c
[:slot1:storager] TEMP6000 rd  a=6088 mask=ff00 data=0000 pc=009d1c
[:slot1:storager] TEMP6000 rd  a=6088 mask=00ff data=0000 pc=009d1c
[:slot1:storager] TEMP6000 rd  a=608a mask=ff00 data=0000 pc=009d1c
[:slot1:storager] TEMP6000 rd  a=608a mask=00ff data=0000 pc=009d1c
[:slot1:storager] TEMP6000 rd  a=608c mask=ff00 data=0000 pc=009d1c
[:slot1:storager] TEMP6000 rd  a=608c mask=00ff data=0000 pc=009d1c
[:slot1:storager] TEMP6000 rd  a=608e mask=ff00 data=0000 pc=009d1c
[:slot1:storager] TEMP6000 rd  a=608e mask=00ff data=0000 pc=009d1c
[:slot1:storager] TEMP6000 rd  a=6090 mask=ff00 data=0000 pc=009d1c
[:slot1:storager] TEMP6000 rd  a=6090 mask=00ff data=0000 pc=009d1c
[:slot1:storager] TEMP6000 rd  a=6092 mask=ff00 data=0000 pc=009d1c
[:slot1:storager] TEMP6000 rd  a=6092 mask=00ff data=0000 pc=009d1c
[:slot1:storager] TEMP6000 rd  a=6094 mask=ff00 data=0000 pc=009d1c
[:slot1:storager] TEMP6000 rd  a=6094 mask=00ff data=0000 pc=009d1c
[:slot1:storager] TEMP6000 rd  a=6096 mask=ff00 data=0000 pc=009d1c
[:slot1:storager] TEMP6000 rd  a=6096 mask=00ff data=0000 pc=009d1c
[:slot1:storager] TEMP6000 rd  a=6098 mask=ff00 data=0000 pc=009d1c
[:slot1:storager] TEMP6000 rd  a=6098 mask=00ff data=0000 pc=009d1c
[:slot1:storager] TEMP6000 rd  a=609a mask=ff00 data=0000 pc=009d1c
[:slot1:storager] TEMP6000 rd  a=609a mask=00ff data=0000 pc=009d1c
[:slot1:storager] TEMP6000 rd  a=609c mask=ff00 data=0000 pc=009d1c
[:slot1:storager] TEMP6000 rd  a=609c mask=00ff data=0000 pc=009d1c
[:slot1:storager] TEMP6000 rd  a=609e mask=ff00 data=0000 pc=009d1c
[:slot1:storager] TEMP6000 rd  a=609e mask=00ff data=0000 pc=009d1c
[:slot1:storager] TEMP6000 rd  a=60a0 mask=ff00 data=0000 pc=009d1c
[:slot1:storager] TEMP6000 rd  a=60a0 mask=00ff data=0000 pc=009d1c
[:slot1:storager] TEMP6000 rd  a=60a2 mask=ff00 data=0000 pc=009d1c
[:slot1:storager] TEMP6000 rd  a=60a2 mask=00ff data=0000 pc=009d1c
[:slot1:storager] TEMP6000 rd  a=60a4 mask=ff00 data=0000 pc=009d1c
[:slot1:storager] TEMP6000 rd  a=60a4 mask=00ff data=0000 pc=009d1c
[:slot1:storager] TEMP6000 rd  a=60a6 mask=ff00 data=0000 pc=009d1c
[:slot1:storager] TEMP6000 rd  a=60a6 mask=00ff data=0000 pc=009d1c
[:slot1:storager] TEMP6000 rd  a=60a8 mask=ff00 data=0000 pc=009d1c
[:slot1:storager] TEMP6000 rd  a=60a8 mask=00ff data=0000 pc=009d1c
[:slot1:storager] TEMP6000 rd  a=60aa mask=ff00 data=0000 pc=009d1c
[:slot1:storager] TEMP6000 rd  a=60aa mask=00ff data=0000 pc=009d1c
[:slot1:storager] TEMP6000 rd  a=60ac mask=ff00 data=0000 pc=009d1c
[:slot1:storager] TEMP6000 rd  a=60ac mask=00ff data=0000 pc=009d1c
[:slot1:storager] TEMP6000 rd  a=60ae mask=ff00 data=0000 pc=009d1c
[:slot1:storager] TEMP6000 rd  a=60ae mask=00ff data=0000 pc=009d1c
[:slot1:storager] TEMP6000 rd  a=60b0 mask=ff00 data=0000 pc=009d1c
[:slot1:storager] TEMP6000 rd  a=60b0 mask=00ff data=0000 pc=009d1c
[:slot1:storager] TEMP6000 rd  a=60b2 mask=ff00 data=0000 pc=009d1c
[:slot1:storager] TEMP6000 rd  a=60b2 mask=00ff data=0000 pc=009d1c
[:slot1:storager] TEMP6000 rd  a=60b4 mask=ff00 data=0000 pc=009d1c
[:slot1:storager] TEMP6000 rd  a=60b4 mask=00ff data=0000 pc=009d1c
[:slot1:storager] TEMP6000 rd  a=60b6 mask=ff00 data=0000 pc=009d1c
[:slot1:storager] TEMP6000 rd  a=60b6 mask=00ff data=0000 pc=009d1c
[:slot1:storager] TEMP6000 rd  a=60b8 mask=ff00 data=0000 pc=009d1c
[:slot1:storager] TEMP6000 rd  a=60b8 mask=00ff data=0000 pc=009d1c
[:slot1:storager] TEMP6000 rd  a=60ba mask=ff00 data=0000 pc=009d1c
[:slot1:storager] TEMP6000 rd  a=60ba mask=00ff data=0000 pc=009d1c
[:slot1:storager] TEMP6000 rd  a=60bc mask=ff00 data=0000 pc=009d1c
[:slot1:storager] TEMP6000 rd  a=60bc mask=00ff data=0000 pc=009d1c
[:slot1:storager] TEMP6000 rd  a=60be mask=ff00 data=0000 pc=009d1c
[:slot1:storager] TEMP6000 rd  a=60be mask=00ff data=0000 pc=009d1c
[:slot1:storager] TEMP6000 rd  a=60c0 mask=ff00 data=0000 pc=009d1c
[:slot1:storager] TEMP6000 rd  a=60c0 mask=00ff data=0000 pc=009d1c
[:slot1:storager] TEMP6000 rd  a=60c2 mask=ff00 data=0000 pc=009d1c
[:slot1:storager] TEMP6000 rd  a=60c2 mask=00ff data=0000 pc=009d1c
[:slot1:storager] TEMP6000 rd  a=60c4 mask=ff00 data=0000 pc=009d1c
[:slot1:storager] TEMP6000 rd  a=60c4 mask=00ff data=0000 pc=009d1c
[:slot1:storager] TEMP6000 rd  a=60c6 mask=ff00 data=0000 pc=009d1c
[:slot1:storager] TEMP6000 rd  a=60c6 mask=00ff data=0000 pc=009d1c
[:slot1:storager] TEMP6000 rd  a=60c8 mask=ff00 data=0000 pc=009d1c
[:slot1:storager] TEMP6000 rd  a=60c8 mask=00ff data=0000 pc=009d1c
[:slot1:storager] TEMP6000 rd  a=60ca mask=ff00 data=0000 pc=009d1c
[:slot1:storager] TEMP6000 rd  a=60ca mask=00ff data=0000 pc=009d1c
[:slot1:storager] TEMP6000 rd  a=60cc mask=ff00 data=0000 pc=009d1c
[:slot1:storager] TEMP6000 rd  a=60cc mask=00ff data=0000 pc=009d1c
[:slot1:storager] TEMP6000 rd  a=60ce mask=ff00 data=0000 pc=009d1c
[:slot1:storager] TEMP6000 rd  a=60ce mask=00ff data=0000 pc=009d1c
[:slot1:storager] TEMP6000 rd  a=60d0 mask=ff00 data=0000 pc=009d1c
[:slot1:storager] TEMP6000 rd  a=60d0 mask=00ff data=0000 pc=009d1c
[:slot1:storager] TEMP6000 rd  a=60d2 mask=ff00 data=0000 pc=009d1c
[:slot1:storager] TEMP6000 rd  a=60d2 mask=00ff data=0000 pc=009d1c
[:slot1:storager] TEMP6000 rd  a=60d4 mask=ff00 data=0000 pc=009d1c
[:slot1:storager] TEMP6000 rd  a=60d4 mask=00ff data=0000 pc=009d1c
[:slot1:storager] TEMP6000 rd  a=60d6 mask=ff00 data=0000 pc=009d1c
[:slot1:storager] TEMP6000 rd  a=60d6 mask=00ff data=0000 pc=009d1c
[:slot1:storager] TEMP6000 rd  a=60d8 mask=ff00 data=0000 pc=009d1c
[:slot1:storager] TEMP6000 rd  a=60d8 mask=00ff data=0000 pc=009d1c
[:slot1:storager] TEMP6000 rd  a=60da mask=ff00 data=0000 pc=009d1c
[:slot1:storager] TEMP6000 rd  a=60da mask=00ff data=0000 pc=009d1c
[:slot1:storager] TEMP6000 rd  a=60dc mask=ff00 data=0000 pc=009d1c
[:slot1:storager] TEMP6000 rd  a=60dc mask=00ff data=0000 pc=009d1c
[:slot1:storager] TEMP6000 rd  a=60de mask=ff00 data=0000 pc=009d1c
[:slot1:storager] TEMP6000 rd  a=60de mask=00ff data=0000 pc=009d1c
[:slot1:storager] TEMP6000 rd  a=60e0 mask=ff00 data=0000 pc=009d1c
[:slot1:storager] TEMP6000 rd  a=60e0 mask=00ff data=0000 pc=009d1c
[:slot1:storager] TEMP6000 rd  a=60e2 mask=ff00 data=0000 pc=009d1c
[:slot1:storager] TEMP6000 rd  a=60e2 mask=00ff data=0000 pc=009d1c
[:slot1:storager] TEMP6000 rd  a=60e4 mask=ff00 data=0000 pc=009d1c
[:slot1:storager] TEMP6000 rd  a=60e4 mask=00ff data=0000 pc=009d1c
[:slot1:storager] TEMP6000 rd  a=60e6 mask=ff00 data=0000 pc=009d1c
[:slot1:storager] TEMP6000 rd  a=60e6 mask=00ff data=0000 pc=009d1c
[:slot1:storager] TEMP6000 rd  a=60e8 mask=ff00 data=0000 pc=009d1c
[:slot1:storager] TEMP6000 rd  a=60e8 mask=00ff data=0000 pc=009d1c
[:slot1:storager] TEMP6000 rd  a=60ea mask=ff00 data=0000 pc=009d1c
[:slot1:storager] TEMP6000 rd  a=60ea mask=00ff data=0000 pc=009d1c
[:slot1:storager] TEMP6000 rd  a=60ec mask=ff00 data=0000 pc=009d1c
[:slot1:storager] TEMP6000 rd  a=60ec mask=00ff data=0000 pc=009d1c
[:slot1:storager] TEMP6000 rd  a=60ee mask=ff00 data=0000 pc=009d1c
[:slot1:storager] TEMP6000 rd  a=60ee mask=00ff data=0000 pc=009d1c
[:slot1:storager] TEMP6000 rd  a=60f0 mask=ff00 data=0000 pc=009d1c
[:slot1:storager] TEMP6000 rd  a=60f0 mask=00ff data=0000 pc=009d1c
[:slot1:storager] TEMP6000 rd  a=60f2 mask=ff00 data=0000 pc=009d1c
[:slot1:storager] TEMP6000 rd  a=60f2 mask=00ff data=0000 pc=009d1c
[:slot1:storager] TEMP6000 rd  a=60f4 mask=ff00 data=0000 pc=009d1c
[:slot1:storager] TEMP6000 rd  a=60f4 mask=00ff data=0000 pc=009d1c
[:slot1:storager] TEMP6000 rd  a=60f6 mask=ff00 data=0000 pc=009d1c
[:slot1:storager] TEMP6000 rd  a=60f6 mask=00ff data=0000 pc=009d1c
[:slot1:storager] TEMP6000 rd  a=60f8 mask=ff00 data=0000 pc=009d1c
[:slot1:storager] TEMP6000 rd  a=60f8 mask=00ff data=0000 pc=009d1c
[:slot1:storager] TEMP6000 rd  a=60fa mask=ff00 data=0000 pc=009d1c
[:slot1:storager] TEMP6000 rd  a=60fa mask=00ff data=0000 pc=009d1c
[:slot1:storager] TEMP6000 rd  a=60fc mask=ff00 data=0000 pc=009d1c
[:slot1:storager] TEMP6000 rd  a=60fc mask=00ff data=0000 pc=009d1c
[:slot1:storager] TEMP6000 rd  a=60fe mask=ff00 data=0000 pc=009d1c
[:slot1:storager] TEMP6000 rd  a=60fe mask=00ff data=0000 pc=009d1c
[:slot1:storager] TEMP6000 WR  a=6000 data=0000 mask=ffff pc=009d46
[:slot1:storager] TEMP6000 WR  a=6002 data=0000 mask=ffff pc=009d46
[:slot1:storager] TEMP6000 WR  a=6004 data=0000 mask=ffff pc=009d46
[:slot1:storager] TEMP6000 WR  a=6006 data=0000 mask=ffff pc=009d46
[:slot1:storager] TEMP6000 WR  a=6008 data=0000 mask=ffff pc=009d46
[:slot1:storager] TEMP6000 WR  a=600a data=0000 mask=ffff pc=009d46
[:slot1:storager] TEMP6000 WR  a=600c data=0000 mask=ffff pc=009d46
[:slot1:storager] TEMP6000 WR  a=600e data=0000 mask=ffff pc=009d46
[:slot1:storager] TEMP6000 WR  a=6010 data=0000 mask=ffff pc=009d46
[:slot1:storager] TEMP6000 WR  a=6012 data=0000 mask=ffff pc=009d46
[:slot1:storager] TEMP6000 WR  a=6014 data=0000 mask=ffff pc=009d46
[:slot1:storager] TEMP6000 WR  a=6016 data=0000 mask=ffff pc=009d46
[:slot1:storager] TEMP6000 WR  a=6018 data=0000 mask=ffff pc=009d46
[:slot1:storager] TEMP6000 WR  a=601a data=0000 mask=ffff pc=009d46
[:slot1:storager] TEMP6000 WR  a=601c data=0000 mask=ffff pc=009d46
[:slot1:storager] TEMP6000 WR  a=601e data=0000 mask=ffff pc=009d46
[:slot1:storager] TEMP6000 WR  a=6020 data=0000 mask=ffff pc=009d46
[:slot1:storager] TEMP6000 WR  a=6022 data=0000 mask=ffff pc=009d46
[:slot1:storager] TEMP6000 WR  a=6024 data=0000 mask=ffff pc=009d46
[:slot1:storager] TEMP6000 WR  a=6026 data=0000 mask=ffff pc=009d46
[:slot1:storager] TEMP6000 WR  a=6028 data=0000 mask=ffff pc=009d46
[:slot1:storager] TEMP6000 WR  a=602a data=0000 mask=ffff pc=009d46
[:slot1:storager] TEMP6000 WR  a=602c data=0000 mask=ffff pc=009d46
[:slot1:storager] TEMP6000 WR  a=602e data=0000 mask=ffff pc=009d46
[:slot1:storager] TEMP6000 WR  a=6030 data=0000 mask=ffff pc=009d46
[:slot1:storager] TEMP6000 WR  a=6032 data=0000 mask=ffff pc=009d46
[:slot1:storager] TEMP6000 WR  a=6034 data=0000 mask=ffff pc=009d46
[:slot1:storager] TEMP6000 WR  a=6036 data=0000 mask=ffff pc=009d46
[:slot1:storager] TEMP6000 WR  a=6038 data=0000 mask=ffff pc=009d46
[:slot1:storager] TEMP6000 WR  a=603a data=0000 mask=ffff pc=009d46
[:slot1:storager] TEMP6000 WR  a=603c data=0000 mask=ffff pc=009d46
[:slot1:storager] TEMP6000 WR  a=603e data=0000 mask=ffff pc=009d46
[:slot1:storager] TEMP6000 WR  a=6040 data=0000 mask=ffff pc=009d46
[:slot1:storager] TEMP6000 WR  a=6042 data=0000 mask=ffff pc=009d46
[:slot1:storager] TEMP6000 WR  a=6044 data=0000 mask=ffff pc=009d46
[:slot1:storager] TEMP6000 WR  a=6046 data=0000 mask=ffff pc=009d46
[:slot1:storager] TEMP6000 WR  a=6048 data=0000 mask=ffff pc=009d46
[:slot1:storager] TEMP6000 WR  a=604a data=0000 mask=ffff pc=009d46
[:slot1:storager] TEMP6000 WR  a=604c data=0000 mask=ffff pc=009d46
[:slot1:storager] TEMP6000 WR  a=604e data=0000 mask=ffff pc=009d46
[:slot1:storager] TEMP6000 WR  a=6050 data=0000 mask=ffff pc=009d46
[:slot1:storager] TEMP6000 WR  a=6052 data=0000 mask=ffff pc=009d46
[:slot1:storager] TEMP6000 WR  a=6054 data=0000 mask=ffff pc=009d46
[:slot1:storager] TEMP6000 WR  a=6056 data=0000 mask=ffff pc=009d46
[:slot1:storager] TEMP6000 WR  a=6058 data=0000 mask=ffff pc=009d46
[:slot1:storager] TEMP6000 WR  a=605a data=0000 mask=ffff pc=009d46
[:slot1:storager] TEMP6000 WR  a=605c data=0000 mask=ffff pc=009d46
[:slot1:storager] TEMP6000 WR  a=605e data=0000 mask=ffff pc=009d46
[:slot1:storager] TEMP6000 WR  a=6060 data=0000 mask=ffff pc=009d46
[:slot1:storager] TEMP6000 WR  a=6062 data=0000 mask=ffff pc=009d46
[:slot1:storager] TEMP6000 WR  a=6064 data=0000 mask=ffff pc=009d46
[:slot1:storager] TEMP6000 WR  a=6066 data=0000 mask=ffff pc=009d46
[:slot1:storager] TEMP6000 WR  a=6068 data=0000 mask=ffff pc=009d46
[:slot1:storager] TEMP6000 WR  a=606a data=0000 mask=ffff pc=009d46
[:slot1:storager] TEMP6000 WR  a=606c data=0000 mask=ffff pc=009d46
[:slot1:storager] TEMP6000 WR  a=606e data=0000 mask=ffff pc=009d46
[:slot1:storager] TEMP6000 WR  a=6070 data=0000 mask=ffff pc=009d46
[:slot1:storager] TEMP6000 WR  a=6072 data=0000 mask=ffff pc=009d46
[:slot1:storager] TEMP6000 WR  a=6074 data=0000 mask=ffff pc=009d46
[:slot1:storager] TEMP6000 WR  a=6076 data=0000 mask=ffff pc=009d46
[:slot1:storager] TEMP6000 WR  a=6078 data=0000 mask=ffff pc=009d46
[:slot1:storager] TEMP6000 WR  a=607a data=0000 mask=ffff pc=009d46
[:slot1:storager] TEMP6000 WR  a=607c data=0000 mask=ffff pc=009d46
[:slot1:storager] TEMP6000 WR  a=607e data=0000 mask=ffff pc=009d46
[:slot1:storager] TEMP6000 WR  a=6080 data=0000 mask=ffff pc=009d46
[:slot1:storager] TEMP6000 WR  a=6082 data=0000 mask=ffff pc=009d46
[:slot1:storager] TEMP6000 WR  a=6084 data=0000 mask=ffff pc=009d46
[:slot1:storager] TEMP6000 WR  a=6086 data=0000 mask=ffff pc=009d46
[:slot1:storager] TEMP6000 WR  a=6088 data=0000 mask=ffff pc=009d46
[:slot1:storager] TEMP6000 WR  a=608a data=0000 mask=ffff pc=009d46
[:slot1:storager] TEMP6000 WR  a=608c data=0000 mask=ffff pc=009d46
[:slot1:storager] TEMP6000 WR  a=608e data=0000 mask=ffff pc=009d46
[:slot1:storager] TEMP6000 WR  a=6090 data=0000 mask=ffff pc=009d46
[:slot1:storager] TEMP6000 WR  a=6092 data=0000 mask=ffff pc=009d46
[:slot1:storager] TEMP6000 WR  a=6094 data=0000 mask=ffff pc=009d46
[:slot1:storager] TEMP6000 WR  a=6096 data=0000 mask=ffff pc=009d46
[:slot1:storager] TEMP6000 WR  a=6098 data=0000 mask=ffff pc=009d46
[:slot1:storager] TEMP6000 WR  a=609a data=0000 mask=ffff pc=009d46
[:slot1:storager] TEMP6000 WR  a=609c data=0000 mask=ffff pc=009d46
[:slot1:storager] TEMP6000 WR  a=609e data=0000 mask=ffff pc=009d46
[:slot1:storager] TEMP6000 WR  a=60a0 data=0000 mask=ffff pc=009d46
[:slot1:storager] TEMP6000 WR  a=60a2 data=0000 mask=ffff pc=009d46
[:slot1:storager] TEMP6000 WR  a=60a4 data=0000 mask=ffff pc=009d46
[:slot1:storager] TEMP6000 WR  a=60a6 data=0000 mask=ffff pc=009d46
[:slot1:storager] TEMP6000 WR  a=60a8 data=0000 mask=ffff pc=009d46
[:slot1:storager] TEMP6000 WR  a=60aa data=0000 mask=ffff pc=009d46
[:slot1:storager] TEMP6000 WR  a=60ac data=0000 mask=ffff pc=009d46
[:slot1:storager] TEMP6000 WR  a=60ae data=0000 mask=ffff pc=009d46
[:slot1:storager] TEMP6000 WR  a=60b0 data=0000 mask=ffff pc=009d46
[:slot1:storager] TEMP6000 WR  a=60b2 data=0000 mask=ffff pc=009d46
[:slot1:storager] TEMP6000 WR  a=60b4 data=0000 mask=ffff pc=009d46
[:slot1:storager] TEMP6000 WR  a=60b6 data=0000 mask=ffff pc=009d46
[:slot1:storager] TEMP6000 WR  a=60b8 data=0000 mask=ffff pc=009d46
[:slot1:storager] TEMP6000 WR  a=60ba data=0000 mask=ffff pc=009d46
[:slot1:storager] TEMP6000 WR  a=60bc data=0000 mask=ffff pc=009d46
[:slot1:storager] TEMP6000 WR  a=60be data=0000 mask=ffff pc=009d46
[:slot1:storager] TEMP6000 WR  a=60c0 data=0000 mask=ffff pc=009d46
[:slot1:storager] TEMP6000 WR  a=60c2 data=0000 mask=ffff pc=009d46
[:slot1:storager] TEMP6000 WR  a=60c4 data=0000 mask=ffff pc=009d46
[:slot1:storager] TEMP6000 WR  a=60c6 data=0000 mask=ffff pc=009d46
[:slot1:storager] TEMP6000 WR  a=60c8 data=0000 mask=ffff pc=009d46
[:slot1:storager] TEMP6000 WR  a=60ca data=0000 mask=ffff pc=009d46
[:slot1:storager] TEMP6000 WR  a=60cc data=0000 mask=ffff pc=009d46
[:slot1:storager] TEMP6000 WR  a=60ce data=0000 mask=ffff pc=009d46
[:slot1:storager] TEMP6000 WR  a=60d0 data=0000 mask=ffff pc=009d46
[:slot1:storager] TEMP6000 WR  a=60d2 data=0000 mask=ffff pc=009d46
[:slot1:storager] TEMP6000 WR  a=60d4 data=0000 mask=ffff pc=009d46
[:slot1:storager] TEMP6000 WR  a=60d6 data=0000 mask=ffff pc=009d46
[:slot1:storager] TEMP6000 WR  a=60d8 data=0000 mask=ffff pc=009d46
[:slot1:storager] TEMP6000 WR  a=60da data=0000 mask=ffff pc=009d46
[:slot1:storager] TEMP6000 WR  a=60dc data=0000 mask=ffff pc=009d46
[:slot1:storager] TEMP6000 WR  a=60de data=0000 mask=ffff pc=009d46
[:slot1:storager] TEMP6000 WR  a=60e0 data=0000 mask=ffff pc=009d46
[:slot1:storager] TEMP6000 WR  a=60e2 data=0000 mask=ffff pc=009d46
[:slot1:storager] TEMP6000 WR  a=60e4 data=0000 mask=ffff pc=009d46
[:slot1:storager] TEMP6000 WR  a=60e6 data=0000 mask=ffff pc=009d46
[:slot1:storager] TEMP6000 WR  a=60e8 data=0000 mask=ffff pc=009d46
[:slot1:storager] TEMP6000 WR  a=60ea data=0000 mask=ffff pc=009d46
[:slot1:storager] TEMP6000 WR  a=60ec data=0000 mask=ffff pc=009d46
[:slot1:storager] TEMP6000 WR  a=60ee data=0000 mask=ffff pc=009d46
[:slot1:storager] TEMP6000 WR  a=60f0 data=0000 mask=ffff pc=009d46
[:slot1:storager] TEMP6000 WR  a=60f2 data=0000 mask=ffff pc=009d46
[:slot1:storager] TEMP6000 WR  a=60f4 data=0000 mask=ffff pc=009d46
[:slot1:storager] TEMP6000 WR  a=60f6 data=0000 mask=ffff pc=009d46
[:slot1:storager] TEMP6000 WR  a=60f8 data=0000 mask=ffff pc=009d46
[:slot1:storager] TEMP6000 WR  a=60fa data=0000 mask=ffff pc=009d46
[:slot1:storager] TEMP6000 WR  a=60fc data=0000 mask=ffff pc=009d46
[:slot1:storager] TEMP6000 WR  a=60fe data=0000 mask=ffff pc=009d46
[:slot1:storager] UIB20   201548.4us [6e80] <= 0000 pc=009d46
[:slot1:storager] NODE20   202232.4us [7210] <= 0000 pc=009d46
[:slot1:storager] PHASE   202235.8us [7216] <= 0000 pc=009d46
[:slot1:storager] PHASE   202313.8us [727e] <= 0000 pc=009d46
[:slot1:storager] CTX   202313.8us [727e] <= 0000 pc=009d46 IPL=7  <-- IN ISR
[:slot1:storager] QHEAD   202493.4us [736c] <= 0000 pc=009d46
[:slot1:storager] QHEAD   202493.8us [736e] <= 0000 pc=009d46
[:slot1:storager] QHEAD   202496.4us [7370] <= 0000 pc=009d46
[:slot1:storager] QHEAD   202496.8us [7372] <= 0000 pc=009d46
[:slot1:storager] XSTATE   202625.4us [741c] <= 0000
[:slot1:storager] PHASE   202625.4us [741c] <= 0000 pc=009d46
[:slot1:storager] CTX   202625.4us [741c] <= 0000 pc=009d46 IPL=7  <-- IN ISR
[:slot1:storager] BUFPTR   202625.8us [741e] <= 0000 (byte 0000) pc=009d46
[:slot1:storager] CTX   202625.8us [741e] <= 0000 pc=009d46 IPL=7  <-- IN ISR
[:slot1:storager] CTX   202631.4us [7424] <= 0000 pc=009d46 IPL=7  <-- IN ISR
[:slot1:storager] ACCEPT   202634.4us [7428] <= 0000 pc=009d46
[:slot1:storager] CTX   202634.4us [7428] <= 0000 pc=009d46 IPL=7  <-- IN ISR
[:slot1:storager] SCAN   202640.4us halted at pos=0   (byte 00) [7956]=0000 | ledger: 00 00 00 00 00 00 00 00 00 00 00 00 00 00 00 00 00 00 00 00 00 00 00 00 00 00 00 00 00 00 
[:slot1:storager] XSTATE   202646.8us [743a] <= 0000
[:slot1:storager] XSTATE   202667.4us [7454] <= 0000
[:slot1:storager] I7462   202676.8us [7462] <= 0000 pc=009d46
[:slot1:storager] POOL   202733.4us [74ac] <= 0000 pc=009d46
[:slot1:storager] CTX   202733.4us [74ac] <= 0000 pc=009d46 IPL=7  <-- IN ISR
[:slot1:storager] XSTATE   202739.4us [74b4] <= 0000
[:slot1:storager] REMAIN   203627.8us [7956] <= 0000 pc=009d46
[:slot1:storager] DESC   203630.4us [7958] word<=0000 mask=ffff pc=009d46 | [7abe]=00000000 [7958]=00000000 [7abc]=0000
[:slot1:storager] DESC   203630.8us [7958] word<=0000 mask=ffff pc=009d46 | [7abe]=00000000 [7958]=00000000 [7abc]=0000
[:slot1:storager] XSTATE   203642.4us [7968] <= 0000
[:slot1:storager] PHASE   203642.4us [7968] <= 0000 pc=009d46
[:slot1:storager] CTX   203642.4us [7968] <= 0000 pc=009d46 IPL=7  <-- IN ISR
[:slot1:storager] CTX   203645.4us [796c] <= 0000 pc=009d46 IPL=7  <-- IN ISR
[:slot1:storager] SEEKF   203669.8us [798e] <= 0000 pc=009d46
[:slot1:storager] CTX   203669.8us [798e] <= 0000 pc=009d46 IPL=7  <-- IN ISR
[:slot1:storager] SEEKF   203672.4us [7990] <= 0000 pc=009d46
[:slot1:storager] CUR   203678.8us [799a] <= 0000 pc=009d46
[:slot1:storager] CNT   203684.8us [79a2] <= 0000 pc=009d46
[:slot1:storager] CNT   203687.4us [79a4] <= 0000 pc=009d46
[:slot1:storager] XSTATE   203774.8us [7a1a] <= 0000
[:slot1:storager] A30   203792.4us [7a30] <= 0000 pc=009d46
[:slot1:storager] CTX   203792.4us [7a30] <= 0000 pc=009d46 IPL=7  <-- IN ISR
[:slot1:storager] SFLAG   203795.8us [7a36] <= 0000 pc=009d46
[:slot1:storager] CTX   203795.8us [7a36] <= 0000 pc=009d46 IPL=7  <-- IN ISR
[:slot1:storager] SFLAG   203798.4us [7a38] <= 0000 pc=009d46
[:slot1:storager] GUARD   203801.8us [7a3e] <= 0000 pc=009d46
[:slot1:storager] CTX   203801.8us [7a3e] <= 0000 pc=009d46 IPL=7  <-- IN ISR
[:slot1:storager] GUARD   203804.4us [7a40] <= 0000 pc=009d46
[:slot1:storager] CTX   203804.4us [7a40] <= 0000 pc=009d46 IPL=7  <-- IN ISR
[:slot1:storager] TEMPCNT 7abc <= 0000 mask=ffff pc=009d46
[:slot1:storager] DESC   203897.8us [7abe] word<=0000 mask=ffff pc=009d46 | [7abe]=00000000 [7958]=00000000 [7abc]=0000
[:slot1:storager] TEMPCNT 7abe <= 0000 mask=ffff pc=009d46
[:slot1:storager] DESC   203900.4us [7abe] word<=0000 mask=ffff pc=009d46 | [7abe]=00000000 [7958]=00000000 [7abc]=0000
[:slot1:storager] AAPATH   203903.4us [7ac4] <= 0000 pc=009d46  [7968]=0000
[:slot1:storager] AAPATH   203960.4us [7b10] <= 0000 pc=009d46  [7968]=0000
[:slot1:storager] CTX   203960.4us [7b10] <= 0000 pc=009d46 IPL=7  <-- IN ISR
[:slot1:storager] TEMPC800 cell[00] <= 0000 pc=009bee
[:slot1:storager] TEMPC800 cell[00] <= 0000 pc=009cb0
[:slot1:storager] TEMP6000 rd  a=6000 mask=ff00 data=0000 pc=009cb4
[:slot1:storager] TEMPC800 cell[00] <= 0000 pc=009c2e
[:slot3:serad:port0:s97801:term:maincpu] write of un-hooked port 1 cc
[:slot3:serad:port0:s97801:term:maincpu] write of un-hooked port 1 cc
[:slot3:serad:port0:s97801:term:maincpu] write of un-hooked port 1 cc
[:slot3:serad:port0:s97801:term:maincpu] write of un-hooked port 1 cc
[:slot3:serad:port0:s97801:term:maincpu] write of un-hooked port 1 cc
[:slot3:serad:port0:s97801:term:maincpu] write of un-hooked port 1 cc
[:slot3:serad:port0:s97801:term:maincpu] write of un-hooked port 1 cc
[:slot3:serad:port0:s97801:term:maincpu] write of un-hooked port 1 cc
[:slot3:serad] 8085 mbx WR [0] = 55 @0.22644
[:slot3:serad] 8085 mbx[0] = 55 @0.22644
[:slot3:serad] 8085 mbx WR [0] = aa @0.22645
[:slot3:serad] 8085 mbx[0] = aa @0.22645
[:slot3:serad] 8085 mbx WR [0] = 00 @0.22646
[:slot3:serad] 8085 mbx[0] = 00 @0.22646
[:slot3:serad] 8085 mbx WR [0] = 00 @0.22646
[:slot3:serad] 8085 mbx[0] = 00 @0.22646
[:slot3:serad] 8085 mbx WR [1] = 55 @0.22647
[:slot3:serad] 8085 mbx[1] = 55 @0.22647
[:slot3:serad] 8085 mbx WR [1] = aa @0.22648
[:slot3:serad] 8085 mbx[1] = aa @0.22648
[:slot3:serad] 8085 mbx WR [1] = 00 @0.22649
[:slot3:serad] 8085 mbx[1] = 00 @0.22649
[:slot3:serad] 8085 mbx WR [1] = 00 @0.22649
[:slot3:serad] 8085 mbx[1] = 00 @0.22649
[:slot3:serad] 8085 mbx WR [2] = 55 @0.22650
[:slot3:serad] 8085 mbx[2] = 55 @0.22650
[:slot3:serad] 8085 mbx WR [2] = aa @0.22651
[:slot3:serad] 8085 mbx[2] = aa @0.22651
[:slot3:serad] 8085 mbx WR [2] = 00 @0.22651
[:slot3:serad] 8085 mbx[2] = 00 @0.22651
[:slot3:serad] 8085 mbx WR [2] = 00 @0.22652
[:slot3:serad] 8085 mbx[2] = 00 @0.22652
[:slot3:serad] 8085 mbx WR [3] = 55 @0.22653
[:slot3:serad] 8085 mbx[3] = 55 @0.22653
[:slot3:serad] 8085 mbx WR [3] = aa @0.22654
[:slot3:serad] 8085 mbx[3] = aa @0.22654
[:slot3:serad] 8085 mbx WR [3] = 00 @0.22654
[:slot3:serad] 8085 mbx[3] = 00 @0.22654
[:slot3:serad] 8085 mbx WR [3] = 00 @0.22655
[:slot3:serad] 8085 mbx[3] = 00 @0.22655
[:slot3:serad] 8085 mbx[4] = 55 @0.22656
[:slot3:serad] 8085 mbx[4] = aa @0.22657
[:slot3:serad] 8085 mbx[4] = 00 @0.22657
[:slot3:serad] 8085 mbx[4] = 00 @0.22658
[:slot3:serad] 8085 mbx[5] = 55 @0.22659
[:slot3:serad] 8085 mbx[5] = aa @0.22660
[:slot3:serad] 8085 mbx[5] = 00 @0.22660
[:slot3:serad] 8085 mbx[5] = 00 @0.22661
[:slot3:serad] 8085 mbx[6] = 55 @0.22662
[:slot3:serad] 8085 mbx[6] = aa @0.22663
[:slot3:serad] 8085 mbx[6] = 00 @0.22663
[:slot3:serad] 8085 mbx[6] = 00 @0.22664
[:slot3:serad] 8085 mbx[7] = 55 @0.22665
[:slot3:serad] 8085 mbx[7] = aa @0.22666
[:slot3:serad] 8085 mbx[7] = 00 @0.22666
[:slot3:serad] 8085 mbx[7] = 00 @0.22667
[:slot3:serad:port0:s97801:term:maincpu] write of un-hooked port 1 cd
[:slot3:serad:port0:s97801:term:maincpu] write of un-hooked port 1 cf
[:slot3:serad:port0:s97801:term:maincpu] write of un-hooked port 1 cf
[:slot3:serad:port0:s97801:term:maincpu] write of un-hooked port 1 cf
[:slot3:serad] 8085 mbxhi WR [098] = 55 @0.23094
[:slot3:serad] 8085 mbxhi WR [098] = aa @0.23095
[:slot3:serad] 8085 mbxhi WR [098] = 00 @0.23095
[:slot3:serad] 8085 mbxhi WR [098] = 00 @0.23096
[:slot3:serad] 8085 mbxhi WR [099] = 55 @0.23097
[:slot3:serad] 8085 mbxhi WR [099] = aa @0.23098
[:slot3:serad] 8085 mbxhi WR [099] = 00 @0.23098
[:slot3:serad] 8085 mbxhi WR [099] = 00 @0.23099
[:slot3:serad] 8085 mbxhi WR [09a] = 55 @0.23100
[:slot3:serad] 8085 mbxhi WR [09a] = aa @0.23101
[:slot3:serad] 8085 mbxhi WR [09a] = 00 @0.23101
[:slot3:serad] 8085 mbxhi WR [09a] = 00 @0.23102
[:slot3:serad] 8085 mbxhi WR [09b] = 55 @0.23103
[:slot3:serad] 8085 mbxhi WR [09b] = aa @0.23104
[:slot3:serad] 8085 mbxhi WR [09b] = 00 @0.23104
[:slot3:serad] 8085 mbxhi WR [09b] = 00 @0.23105
[:slot3:serad] 8085 sem rd [09c] = 00 @0.23106
[:slot3:serad] 8085 sem rd [09c] = 55 @0.23106
[:slot3:serad] 8085 sem rd [09c] = aa @0.23107
[:slot3:serad] 8085 sem rd [09c] = 00 @0.23107
[:slot3:serad] 8085 mbxhi WR [09d] = 55 @0.23109
[:slot3:serad] 8085 mbxhi WR [09d] = aa @0.23110
[:slot3:serad] 8085 mbxhi WR [09d] = 00 @0.23110
[:slot3:serad] 8085 mbxhi WR [09d] = 00 @0.23111
[:slot3:serad] 8085 mbxhi WR [09e] = 55 @0.23112
[:slot3:serad] 8085 mbxhi WR [09e] = aa @0.23113
[:slot3:serad] 8085 mbxhi WR [09e] = 00 @0.23113
[:slot3:serad] 8085 mbxhi WR [09e] = 00 @0.23114
[:slot3:serad] 8085 mbxhi WR [09f] = 55 @0.23115
[:slot3:serad] 8085 mbxhi WR [09f] = aa @0.23116
[:slot3:serad] 8085 mbxhi WR [09f] = 00 @0.23116
[:slot3:serad] 8085 mbxhi WR [09f] = 00 @0.23117
[:slot3:serad] 8085 mbxhi WR [0a0] = 55 @0.23118
[:slot3:serad] 8085 mbxhi WR [0a0] = aa @0.23119
[:slot3:serad] 8085 mbxhi WR [0a0] = 00 @0.23119
[:slot3:serad] 8085 mbxhi WR [0a0] = 00 @0.23120
[:slot3:serad] 8085 mbxhi WR [0a1] = 55 @0.23121
[:slot3:serad] 8085 mbxhi WR [0a1] = aa @0.23122
[:slot3:serad] 8085 mbxhi WR [0a1] = 00 @0.23122
[:slot3:serad] 8085 mbxhi WR [0a1] = 00 @0.23123
[:slot3:serad] 8085 mbxhi WR [0a2] = 55 @0.23124
[:slot3:serad] 8085 mbxhi WR [0a2] = aa @0.23124
[:slot3:serad] 8085 mbxhi WR [0a2] = 00 @0.23125
[:slot3:serad] 8085 mbxhi WR [0a2] = 00 @0.23126
[:slot3:serad] 8085 mbxhi WR [0a3] = 55 @0.23127
[:slot3:serad] 8085 mbxhi WR [0a3] = aa @0.23127
[:slot3:serad] 8085 mbxhi WR [0a3] = 00 @0.23128
[:slot3:serad] 8085 mbxhi WR [0a3] = 00 @0.23129
[:slot1:storager] TEMPC800 cell[00] <= 0000 pc=009cb0
[:slot1:storager] TEMPC800 cell[00] <= 0001 pc=009cb0
[:slot1:storager] TEMP6000 rd  a=6000 mask=ff00 data=0000 pc=009cb4
[:slot1:storager] TEMPC800 cell[00] <= 0000 pc=009c2e
[:slot1:storager] TEMPC800 cell[00] <= 0001 pc=009cb0
[:slot1:storager] TEMPC800 cell[00] <= 0002 pc=009cb0
[:slot1:storager] TEMP6000 rd  a=6000 mask=00ff data=0000 pc=009cb4
[:slot1:storager] TEMPC800 cell[00] <= 0000 pc=009c2e
[:slot1:storager] TEMPC800 cell[00] <= 0002 pc=009cb0
[:slot1:storager] TEMPC800 cell[00] <= 0005 pc=009cb0
[:slot1:storager] TEMP6000 rd  a=6000 mask=ff00 data=0000 pc=009cb4
[:slot1:storager] TEMPC800 cell[00] <= 0000 pc=009c2e
[:slot1:storager] TEMPC800 cell[00] <= 0005 pc=009cb0
[:slot1:storager] TEMPC800 cell[00] <= 0009 pc=009cb0
[:slot1:storager] TEMP6000 rd  a=6000 mask=00ff data=0000 pc=009cb4
[:slot1:storager] TEMPC800 cell[00] <= 0000 pc=009c2e
[:slot1:storager] TEMPC800 cell[00] <= 0009 pc=009cb0
[:slot1:storager] TEMPC800 cell[00] <= 0012 pc=009cb0
[:slot1:storager] TEMP6000 rd  a=6000 mask=ff00 data=0000 pc=009cb4
[:slot1:storager] TEMPC800 cell[00] <= 0000 pc=009c2e
[:slot1:storager] TEMPC800 cell[00] <= 0012 pc=009cb0
[:slot1:storager] TEMPC800 cell[00] <= 0022 pc=009cb0
[:slot1:storager] TEMP6000 rd  a=6000 mask=00ff data=0000 pc=009cb4
[:slot1:storager] TEMPC800 cell[00] <= 0000 pc=009c2e
[:slot1:storager] TEMPC800 cell[00] <= 0022 pc=009cb0
[:slot1:storager] TEMPC800 cell[01] <= 0003 pc=009cb0
[:slot1:storager] TEMP6000 rd  a=6000 mask=ff00 data=0000 pc=009cb4
[:slot1:storager] TEMPC800 cell[00] <= 0000 pc=009c2e
[:slot1:storager] TEMPC800 cell[01] <= 0003 pc=009cb0
[:slot1:storager] TEMPC800 cell[02] <= 0003 pc=009cb0
[:slot1:storager] TEMP6000 rd  a=6000 mask=00ff data=0000 pc=009cb4
[:slot1:storager] TEMPC800 cell[00] <= 0000 pc=009c2e
[:slot3:serad] 8085 mbxhi WR [098] = 5a @0.40862
[:slot3:serad] 8085 mbxhi WR [099] = 3f @0.40862
[:slot3:serad] 8085 mbxhi WR [09a] = 10 @0.40864
[:slot3:serad] 8085 mbx WR [1] = 3f @0.40865
[:slot3:serad] 8085 mbx[1] = 3f @0.40865
[:slot3:serad] 8085 mbx WR [0] = 00 @0.40880
[:slot3:serad] 8085 mbx[0] = 00 @0.40880
[:slot3:serad] 8085 mbx WR [1] = 00 @0.40880
[:slot3:serad] 8085 mbx[1] = 00 @0.40880
[:slot3:serad] 8085 CR io02 = 1a (pc=18be) @0.40881
[:slot3:serad] 8085 CR io02 = 20 (pc=18c2) @0.40881
[:slot3:serad] 8085 CR io02 = 30 (pc=18c6) @0.40881
[:slot3:serad] 8085 CR io02 = 05 (pc=18e4) @0.40884
[:slot3:serad:duart0:cha] TXEN ch0 SR=0c @0.40884
[:slot3:serad] 8085 d0rd[01] -> 00 (pc=18f3) @0.408852
[:slot3:serad] 8085 d0rd[01] -> 00 (pc=18f3) @0.408861
[:slot3:serad] 8085 d0rd[01] -> 00 (pc=18f3) @0.408870
[:slot3:serad] 8085 d0rd[01] -> 00 (pc=18f3) @0.408879
[:slot3:serad] 8085 d0rd[01] -> 00 (pc=18f3) @0.408888
[:slot3:serad] 8085 d0rd[01] -> 00 (pc=18f3) @0.408897
[:slot3:serad] 8085 d0rd[01] -> 00 (pc=18f3) @0.408906
[:slot3:serad] 8085 d0rd[01] -> 00 (pc=18f3) @0.408915
[:slot3:serad] 8085 d0rd[01] -> 00 (pc=18f3) @0.408924
[:slot3:serad] 8085 d0rd[01] -> 00 (pc=18f3) @0.408933
[:slot3:serad] 8085 d0rd[01] -> 00 (pc=18f3) @0.408942
[:slot3:serad] 8085 d0rd[01] -> 00 (pc=18f3) @0.408951
[:slot3:serad] 8085 d0rd[01] -> 00 (pc=18f3) @0.408960
[:slot3:serad] 8085 d0rd[01] -> 00 (pc=18f3) @0.408969
[:slot3:serad] 8085 d0rd[01] -> 00 (pc=18f3) @0.408978
[:slot3:serad] 8085 d0rd[01] -> 00 (pc=18f3) @0.408987
[:slot3:serad] 8085 d0rd[01] -> 00 (pc=18f3) @0.408996
[:slot3:serad] 8085 d0rd[01] -> 00 (pc=18f3) @0.409005
[:slot3:serad] 8085 d0rd[01] -> 00 (pc=18f3) @0.409014
[:slot3:serad] 8085 d0rd[01] -> 00 (pc=18f3) @0.409023
[:slot3:serad] 8085 d0rd[01] -> 00 (pc=18f3) @0.409032
[:slot3:serad] 8085 d0rd[01] -> 00 (pc=18f3) @0.409041
[:slot3:serad] 8085 d0rd[01] -> 00 (pc=18f3) @0.409050
[:slot3:serad] 8085 d0rd[01] -> 00 (pc=18f3) @0.409059
[:slot3:serad] 8085 d0rd[01] -> 00 (pc=18f3) @0.409068
[:slot3:serad] 8085 d0rd[01] -> 00 (pc=18f3) @0.409077
[:slot3:serad] 8085 d0rd[01] -> 00 (pc=18f3) @0.409086
[:slot3:serad] 8085 d0rd[01] -> 00 (pc=18f3) @0.409095
[:slot3:serad] 8085 d0rd[01] -> 00 (pc=18f3) @0.409104
[:slot3:serad] 8085 d0rd[01] -> 00 (pc=18f3) @0.409113
[:slot3:serad] 8085 d0rd[01] -> 00 (pc=18f3) @0.409122
[:slot3:serad] 8085 d0rd[01] -> 00 (pc=18f3) @0.409131
[:slot3:serad] 8085 d0rd[01] -> 00 (pc=18f3) @0.409140
[:slot3:serad] 8085 d0rd[01] -> 00 (pc=18f3) @0.409149
[:slot3:serad] 8085 d0rd[01] -> 00 (pc=18f3) @0.409158
[:slot3:serad] 8085 d0rd[01] -> 00 (pc=18f3) @0.409167
[:slot3:serad] 8085 d0rd[01] -> 00 (pc=18f3) @0.409176
[:slot3:serad] 8085 d0rd[01] -> 00 (pc=18f3) @0.409185
[:slot3:serad] 8085 d0rd[01] -> 00 (pc=18f3) @0.409194
[:slot3:serad] 8085 d0rd[01] -> 00 (pc=18f3) @0.409203
[:slot3:serad] 8085 d0rd[01] -> 00 (pc=18f3) @0.409212
[:slot3:serad] 8085 d0rd[01] -> 00 (pc=18f3) @0.409221
[:slot3:serad] 8085 d0rd[01] -> 00 (pc=18f3) @0.409230
[:slot3:serad] 8085 d0rd[01] -> 00 (pc=18f3) @0.409239
[:slot3:serad] 8085 d0rd[01] -> 00 (pc=18f3) @0.409248
[:slot3:serad] 8085 d0rd[01] -> 00 (pc=18f3) @0.409257
[:slot3:serad] 8085 d0rd[01] -> 04 (pc=18f3) @0.409266
[:slot3:serad] 8085 d0rd[01] -> 04 (pc=18f3) @0.409275
[:slot3:serad] 8085 d0rd[01] -> 04 (pc=18f3) @0.409284
[:slot3:serad] 8085 d0rd[01] -> 04 (pc=18f3) @0.409293
[:slot3:serad] 8085 d0rd[01] -> 04 (pc=18f3) @0.409302
[:slot3:serad] 8085 d0rd[01] -> 04 (pc=18f3) @0.409311
[:slot3:serad] 8085 d0rd[01] -> 04 (pc=18f3) @0.409320
[:slot3:serad] 8085 d0rd[01] -> 04 (pc=18f3) @0.409329
[:slot3:serad] 8085 d0rd[01] -> 04 (pc=18f3) @0.409338
[:slot3:serad] 8085 d0rd[01] -> 04 (pc=18f3) @0.409347
[:slot3:serad] 8085 d0rd[01] -> 04 (pc=18f3) @0.409356
[:slot3:serad] 8085 d0rd[01] -> 04 (pc=18f3) @0.409365
[:slot3:serad] 8085 d0rd[01] -> 04 (pc=18f3) @0.409374
[:slot3:serad] 8085 d0rd[01] -> 04 (pc=18f3) @0.409383
[:slot3:serad] 8085 d0rd[01] -> 04 (pc=18f3) @0.409392
[:slot3:serad] 8085 d0rd[01] -> 04 (pc=18f3) @0.409401
[:slot3:serad] 8085 d0rd[01] -> 04 (pc=18f3) @0.409410
[:slot3:serad] 8085 d0rd[01] -> 04 (pc=18f3) @0.409419
[:slot3:serad] 8085 d0rd[01] -> 04 (pc=18f3) @0.409428
[:slot3:serad] 8085 d0rd[01] -> 04 (pc=18f3) @0.409437
[:slot3:serad] 8085 d0rd[01] -> 04 (pc=18f3) @0.409446
[:slot3:serad] 8085 d0rd[01] -> 04 (pc=18f3) @0.409455
[:slot3:serad] 8085 d0rd[01] -> 04 (pc=18f3) @0.409464
[:slot3:serad] 8085 d0rd[01] -> 04 (pc=18f3) @0.409473
[:slot3:serad] 8085 d0rd[01] -> 04 (pc=18f3) @0.409482
[:slot3:serad] 8085 d0rd[01] -> 04 (pc=18f3) @0.409491
[:slot3:serad:duart0:cha] RXPUSH 55 err=00 @0.409492
[:slot3:serad] 8085 d0rd[01] -> 0d (pc=18f3) @0.409500
[:slot3:serad] 8085 d0rd[03] -> 55 (pc=18f9) @0.409504
[:slot3:serad] 8085 d0rd[01] -> 00 (pc=190d) @0.409519
[:slot3:serad] 8085 d0rd[01] -> 00 (pc=190d) @0.409528
[:slot3:serad] 8085 d0rd[01] -> 00 (pc=190d) @0.409537
[:slot3:serad] 8085 d0rd[01] -> 04 (pc=190d) @0.409546
[:slot3:serad] 8085 d0rd[01] -> 04 (pc=190d) @0.409555
[:slot3:serad] 8085 d0rd[01] -> 04 (pc=190d) @0.409564
[:slot3:serad] 8085 d0rd[01] -> 04 (pc=190d) @0.409573
[:slot3:serad] 8085 d0rd[01] -> 04 (pc=190d) @0.409582
[:slot3:serad] 8085 d0rd[01] -> 04 (pc=190d) @0.409591
[:slot3:serad] 8085 d0rd[01] -> 04 (pc=190d) @0.409600
[:slot3:serad] 8085 d0rd[01] -> 04 (pc=190d) @0.409609
[:slot3:serad] 8085 d0rd[01] -> 04 (pc=190d) @0.409618
[:slot3:serad] 8085 d0rd[01] -> 04 (pc=190d) @0.409627
[:slot3:serad] 8085 d0rd[01] -> 04 (pc=190d) @0.409636
[:slot3:serad] 8085 d0rd[01] -> 04 (pc=190d) @0.409645
[:slot3:serad] 8085 d0rd[01] -> 04 (pc=190d) @0.409654
[:slot3:serad] 8085 d0rd[01] -> 04 (pc=190d) @0.409663
[:slot3:serad] 8085 d0rd[01] -> 04 (pc=190d) @0.409672
[:slot3:serad] 8085 d0rd[01] -> 04 (pc=190d) @0.409681
[:slot3:serad] 8085 d0rd[01] -> 04 (pc=190d) @0.409690
[:slot3:serad] 8085 d0rd[01] -> 04 (pc=190d) @0.409699
[:slot3:serad] 8085 d0rd[01] -> 04 (pc=190d) @0.409708
[:slot3:serad] 8085 d0rd[01] -> 04 (pc=190d) @0.409717
[:slot3:serad] 8085 d0rd[01] -> 04 (pc=190d) @0.409726
[:slot3:serad] 8085 d0rd[01] -> 04 (pc=190d) @0.409735
[:slot3:serad] 8085 d0rd[01] -> 04 (pc=190d) @0.409744
[:slot3:serad:duart0:cha] RXPUSH aa err=00 @0.409778
[:slot3:serad] 8085 CR io0A = 1a (pc=1935) @0.40980
[:slot3:serad] 8085 CR io0A = 20 (pc=1939) @0.40980
[:slot3:serad] 8085 CR io0A = 30 (pc=193d) @0.40981
[:slot3:serad] 8085 CR io0A = 05 (pc=195b) @0.40983
[:slot3:serad:duart0:chb] TXEN ch1 SR=0c @0.40983
[:slot3:serad:duart0:chb] RXPUSH 55 err=00 @0.410484
[:slot3:serad:duart0:chb] RXPUSH aa err=00 @0.410771
[:slot3:serad:duart1:cha] TXEN ch0 SR=0c @0.41083
[:slot3:serad:duart1:cha] RXPUSH 55 err=00 @0.411477
[:slot3:serad:duart1:cha] RXPUSH aa err=00 @0.411763
[:slot3:serad:duart1:chb] TXEN ch1 SR=0c @0.41182
[:slot3:serad:duart1:chb] RXPUSH 55 err=00 @0.412469
[:slot3:serad:duart1:chb] RXPUSH aa err=00 @0.412756
[:slot3:serad:duart2:cha] TXEN ch0 SR=0c @0.41281
[:slot3:serad:duart2:cha] RXPUSH 55 err=00 @0.413462
[:slot3:serad:duart2:cha] RXPUSH aa err=00 @0.413749
[:slot3:serad:duart2:chb] TXEN ch1 SR=0c @0.41380
[:slot3:serad:duart2:chb] RXPUSH 55 err=00 @0.414455
[:slot3:serad:duart2:chb] RXPUSH aa err=00 @0.414741
[:slot3:serad] 8085 IMR io05 = 22 (pc=1006) @0.41478
[:slot3:serad] 8085 CR io02 = 1a (pc=100a) @0.41478
[:slot3:serad] 8085 CR io02 = 40 (pc=100e) @0.41479
[:slot3:serad] 8085 CR io02 = 30 (pc=1012) @0.41479
[:slot3:serad] 8085 CR io02 = 20 (pc=1016) @0.41479
[:slot3:serad] 8085 CR io02 = 70 (pc=113b) @0.41492
[:slot3:serad] 8085 CR io02 = 28 (pc=1147) @0.41492
[:slot3:serad] 8085 CR io02 = 0a (pc=1163) @0.41494
[:slot3:serad] 8085 IMR io05 = 22 (pc=116d) @0.41495
[:slot3:serad] duart0 outport = 7f @0.4149
[:slot3:serad] 8085 CR io0A = 1a (pc=1171) @0.41495
[:slot3:serad] duart0 outport = ff @0.4150
[:slot3:serad] 8085 CR io0A = 40 (pc=1175) @0.41496
[:slot3:serad] 8085 CR io0A = 30 (pc=1179) @0.41496
[:slot3:serad] 8085 CR io0A = 20 (pc=117d) @0.41496
[:slot3:serad] 8085 CR io0A = 70 (pc=12a2) @0.41509
[:slot3:serad] 8085 CR io0A = 28 (pc=12ae) @0.41509
[:slot3:serad] 8085 CR io0A = 0a (pc=12ca) @0.41511
[:slot3:serad] duart0 outport = fc @0.4158
[:slot3:serad] 8085 mbx[5] = 3f @0.41585
[:slot3:serad] 8085 mbxhi WR [0a0] = 01 @0.41587
[:slot3:serad] rst55 <- 0 @0.41587
[:slot3:serad] 8085 mbx WR [3] = 80 @0.41587
[:slot3:serad] 8085 mbx[3] = 80 @0.41587
[:slot3:serad] 8085 mbx WR [0] = 00 @0.41593
[:slot3:serad] 8085 mbx[0] = 00 @0.41593
[:slot3:serad] 8085 mbx WR [0] = 00 @0.41594
[:slot3:serad] 8085 mbx[0] = 00 @0.41594
[:slot3:serad] 8085 mbx WR [1] = 00 @0.41600
[:slot3:serad] 8085 mbx[1] = 00 @0.41600
[:slot3:serad] 8085 mbx WR [1] = 00 @0.41601
[:slot3:serad] 8085 mbx[1] = 00 @0.41601
[:slot3:serad] 8085 mbx WR [2] = 00 @0.41607
[:slot3:serad] 8085 mbx[2] = 00 @0.41607
[:slot3:serad] 8085 mbx WR [2] = 00 @0.41608
[:slot3:serad] 8085 mbx[2] = 00 @0.41608
[:slot3:serad] 8085 mbx WR [3] = 00 @0.41614
[:slot3:serad] 8085 mbx[3] = 00 @0.41614
[:slot3:serad] 8085 mbx WR [3] = 80 @0.41615
[:slot3:serad] 8085 mbx[3] = 80 @0.41615
[:slot3:serad] 8085 mbx[4] = 00 @0.41621
[:slot3:serad] 8085 mbx[4] = 00 @0.41622
[:slot3:serad] 8085 mbx[5] = 00 @0.41628
[:slot3:serad] 8085 mbx[5] = 3f @0.41629
[:slot3:serad] 8085 mbx[6] = 00 @0.41635
[:slot3:serad] 8085 mbx[6] = 00 @0.41635
[:slot3:serad] 8085 mbx[7] = 00 @0.41642
[:slot3:serad] 8085 mbx[7] = 00 @0.41642
[:slot3:serad] 8085 mbxhi WR [098] = 00 @0.42651
[:slot1:storager] TEMPC800 cell[02] <= 0003 pc=009cb0
[:slot1:storager] TEMPC800 cell[04] <= 0004 pc=009cb0
[:slot1:storager] TEMP6000 rd  a=6000 mask=ff00 data=0000 pc=009cb4
[:slot1:storager] TEMPC800 cell[00] <= 0000 pc=009c2e
[:slot1:storager] TEMPC800 cell[04] <= 0004 pc=009cb0
[:slot1:storager] TEMPC800 cell[08] <= 0004 pc=009cb0
[:slot1:storager] TEMP6000 rd  a=6000 mask=00ff data=0000 pc=009cb4
[:slot1:storager] TEMPC800 cell[00] <= 0000 pc=009c2e
[:slot1:storager] TEMPC800 cell[08] <= 0004 pc=009cb0
[:slot1:storager] TEMPC800 cell[10] <= 0005 pc=009cb0
[:slot1:storager] TEMP6000 rd  a=6000 mask=ff00 data=0000 pc=009cb4
[:slot1:storager] TEMPC800 cell[00] <= 0000 pc=009c2e
[:slot1:storager] TEMPC800 cell[10] <= 0005 pc=009cb0
[:slot1:storager] PIT   498008.6us ff8006 <= 2626 mask=00ff pc=00a0ae
[:slot1:storager] PIT   498010.6us ff8000 <= ffff mask=00ff pc=00a0b6
[:slot1:storager] CUR   511110.0us [799a] <= 6c00 pc=00084a
[:slot1:storager] CUR   511992.4us [799a] <= 6d30 pc=00084a
[:slot1:storager] CUR   513013.4us [799a] <= 6e60 pc=00084a
[:slot1:storager] ERRFLD   513074.6us [6e78] <= 0f0f pc=00086a
[:slot1:storager] ERRFLD   513076.8us [6e78] <= 0505 pc=00086a
[:slot1:storager] CUR   513787.8us [799a] <= 6f90 pc=00084a
[:slot1:storager] PHASE   514639.2us [7216] <= 0000 pc=000892
[:slot1:storager] QHEAD   514651.8us [7370] <= 730c pc=0008ba
[:slot1:storager] QHEAD   514715.2us [7372] <= 7360 pc=0008e2
[:slot1:storager] POOL   514770.0us [74ac] <= 74c4 pc=000a90
[:slot1:storager] CTX   514770.0us [74ac] <= 74c4 pc=000a90 IPL=7  <-- IN ISR
[:slot1:storager] XSTATE   514982.8us [74b4] <= 0000
[:slot1:storager] PIT   515155.6us ff8006 <= 3838 mask=ff00 pc=000910
[:slot1:storager] PIT   515157.2us ff8006 <= 7a7a mask=ff00 pc=000916
[:slot1:storager] PIT   515158.8us ff8006 <= b8b8 mask=ff00 pc=00091c
[:slot1:storager] PIT   515160.8us ff8006 <= 2626 mask=00ff pc=000924
[:slot1:storager] PIT   515162.4us ff8006 <= 6666 mask=00ff pc=00092a
[:slot1:storager] PIT   515164.0us ff8006 <= b8b8 mask=00ff pc=000930
[:slot1:storager] PIT2 OUT rise t=0.5152
[:slot1:storager] PIT   515166.0us ff8000 <= ffff mask=00ff pc=000938
[:slot1:storager] PIT   515187.2us ff8006 <= b4b4 mask=00ff pc=000976
[:slot1:storager] PIT   515189.6us ff8006 <= b0b0 mask=00ff pc=000980
[:slot1:storager] PIT   515192.0us ff8006 <= b4b4 mask=00ff pc=00098a
[:slot1:storager] PIT2 OUT rise t=0.5152
[:slot1:storager] TICK   541287.5us head[736c]=0000 [736e]=0000 [7370]=730c [7b12]=0000 [7a36]=0000 [7a38]=0000
[:slot1:storager] PIT   541303.1us ff8000 <= ffff mask=00ff pc=002bc4
[:slot1:storager] TICK   567404.5us head[736c]=0000 [736e]=0000 [7370]=730c [7b12]=0000 [7a36]=0000 [7a38]=0000
[:slot1:storager] PIT   567420.1us ff8000 <= ffff mask=00ff pc=002bc4
[:slot1:storager] TICK   593521.5us head[736c]=0000 [736e]=0000 [7370]=730c [7b12]=0000 [7a36]=0000 [7a38]=0000
[:slot1:storager] PIT   593537.1us ff8000 <= ffff mask=00ff pc=002bc4
[:slot1:storager] TICK   619638.5us head[736c]=0000 [736e]=0000 [7370]=730c [7b12]=0000 [7a36]=0000 [7a38]=0000
[:slot1:storager] PIT   619654.1us ff8000 <= ffff mask=00ff pc=002bc4
[:slot1:storager] TICK   645753.5us head[736c]=0000 [736e]=0000 [7370]=730c [7b12]=0000 [7a36]=0000 [7a38]=0000
[:slot1:storager] PIT   645769.1us ff8000 <= ffff mask=00ff pc=002bc4
[:slot1:storager] TICK   671870.5us head[736c]=0000 [736e]=0000 [7370]=730c [7b12]=0000 [7a36]=0000 [7a38]=0000
[:slot1:storager] PIT   671886.1us ff8000 <= ffff mask=00ff pc=002bc4
[:slot1:storager] TICK   697986.5us head[736c]=0000 [736e]=0000 [7370]=730c [7b12]=0000 [7a36]=0000 [7a38]=0000
[:slot1:storager] PIT   698002.1us ff8000 <= ffff mask=00ff pc=002bc4
[:slot1:storager] TICK   724103.5us head[736c]=0000 [736e]=0000 [7370]=730c [7b12]=0000 [7a36]=0000 [7a38]=0000
[:slot1:storager] PIT   724119.1us ff8000 <= ffff mask=00ff pc=002bc4
[:slot1:storager] TICK   750218.5us head[736c]=0000 [736e]=0000 [7370]=730c [7b12]=0000 [7a36]=0000 [7a38]=0000
[:slot1:storager] PIT   750234.1us ff8000 <= ffff mask=00ff pc=002bc4
[:slot1:storager] TICK   776336.5us head[736c]=0000 [736e]=0000 [7370]=730c [7b12]=0000 [7a36]=0000 [7a38]=0000
[:slot1:storager] PIT   776352.1us ff8000 <= ffff mask=00ff pc=002bc4
[:slot1:storager] TICK   802452.5us head[736c]=0000 [736e]=0000 [7370]=730c [7b12]=0000 [7a36]=0000 [7a38]=0000
[:slot1:storager] PIT   802468.1us ff8000 <= ffff mask=00ff pc=002bc4
[:slot1:storager] TICK   828569.5us head[736c]=0000 [736e]=0000 [7370]=730c [7b12]=0000 [7a36]=0000 [7a38]=0000
[:slot1:storager] PIT   828585.1us ff8000 <= ffff mask=00ff pc=002bc4
[:slot3:serad] 8085 mbx WR [0] = 01 @0.83925
[:slot3:serad] 8085 mbx[0] = 01 @0.83925
[:slot3:serad] 8085 mbx WR [0] = 00 @0.83925
[:slot3:serad] 8085 mbx[0] = 00 @0.83925
[:slot3:serad] 8085 mbx WR [1] = 01 @0.83932
[:slot3:serad] 8085 mbx[1] = 01 @0.83932
[:slot3:serad] 8085 mbx WR [1] = 00 @0.83932
[:slot3:serad] 8085 mbx[1] = 00 @0.83932
[:slot3:serad] 8085 mbx WR [2] = 01 @0.83939
[:slot3:serad] 8085 mbx[2] = 01 @0.83939
[:slot3:serad] 8085 mbx WR [2] = 00 @0.83939
[:slot3:serad] 8085 mbx[2] = 00 @0.83939
[:slot3:serad] 8085 mbx WR [3] = 01 @0.83946
[:slot3:serad] 8085 mbx[3] = 01 @0.83946
[:slot3:serad] 8085 mbx WR [3] = 80 @0.83946
[:slot3:serad] 8085 mbx[3] = 80 @0.83946
[:slot3:serad] 8085 mbx[4] = 01 @0.83953
[:slot3:serad] 8085 mbx[4] = 00 @0.83953
[:slot3:serad] 8085 mbx[5] = 01 @0.83960
[:slot3:serad] 8085 mbx[5] = 3f @0.83960
[:slot3:serad] 8085 mbx[6] = 01 @0.83967
[:slot3:serad] 8085 mbx[6] = 00 @0.83967
[:slot3:serad] 8085 mbx[7] = 01 @0.83974
[:slot3:serad] 8085 mbx[7] = 00 @0.83974
[:slot3:serad] 8085 sem rd [09c] = 01 @0.85011
[:slot1:storager] TICK   854685.5us head[736c]=0000 [736e]=0000 [7370]=730c [7b12]=0000 [7a36]=0000 [7a38]=0000
[:slot1:storager] PIT   854701.1us ff8000 <= ffff mask=00ff pc=002bc4
[:slot1:storager] TICK   880801.5us head[736c]=0000 [736e]=0000 [7370]=730c [7b12]=0000 [7a36]=0000 [7a38]=0000
[:slot1:storager] PIT   880817.1us ff8000 <= ffff mask=00ff pc=002bc4
[:slot1:storager] TICK   906917.5us head[736c]=0000 [736e]=0000 [7370]=730c [7b12]=0000 [7a36]=0000 [7a38]=0000
[:slot1:storager] PIT   906933.1us ff8000 <= ffff mask=00ff pc=002bc4
[:slot1:storager] TICK   933033.5us head[736c]=0000 [736e]=0000 [7370]=730c [7b12]=0000 [7a36]=0000 [7a38]=0000
[:slot1:storager] PIT   933049.1us ff8000 <= ffff mask=00ff pc=002bc4
[:slot1:storager] TICK   959150.5us head[736c]=0000 [736e]=0000 [7370]=730c [7b12]=0000 [7a36]=0000 [7a38]=0000
[:slot1:storager] PIT   959166.1us ff8000 <= ffff mask=00ff pc=002bc4
[:slot1:storager] TICK   985267.5us head[736c]=0000 [736e]=0000 [7370]=730c [7b12]=0000 [7a36]=0000 [7a38]=0000
[:slot1:storager] PIT   985283.1us ff8000 <= ffff mask=00ff pc=002bc4
[:slot1:storager] TICK  1011383.5us head[736c]=0000 [736e]=0000 [7370]=730c [7b12]=0000 [7a36]=0000 [7a38]=0000
[:slot1:storager] PIT  1011399.1us ff8000 <= ffff mask=00ff pc=002bc4
[:slot1:storager] TICK  1037499.5us head[736c]=0000 [736e]=0000 [7370]=730c [7b12]=0000 [7a36]=0000 [7a38]=0000
[:slot1:storager] PIT  1037515.1us ff8000 <= ffff mask=00ff pc=002bc4
[:slot1:storager] TICK  1063616.5us head[736c]=0000 [736e]=0000 [7370]=730c [7b12]=0000 [7a36]=0000 [7a38]=0000
[:slot1:storager] PIT  1063632.1us ff8000 <= ffff mask=00ff pc=002bc4
[:slot1:storager] TICK  1089732.5us head[736c]=0000 [736e]=0000 [7370]=730c [7b12]=0000 [7a36]=0000 [7a38]=0000
[:slot1:storager] PIT  1089748.1us ff8000 <= ffff mask=00ff pc=002bc4
[:slot1:storager] TICK  1115849.5us head[736c]=0000 [736e]=0000 [7370]=730c [7b12]=0000 [7a36]=0000 [7a38]=0000
[:slot1:storager] PIT  1115865.1us ff8000 <= ffff mask=00ff pc=002bc4
[:slot1:storager] TICK  1141965.5us head[736c]=0000 [736e]=0000 [7370]=730c [7b12]=0000 [7a36]=0000 [7a38]=0000
[:slot1:storager] PIT  1141981.1us ff8000 <= ffff mask=00ff pc=002bc4
[:slot1:storager] TICK  1168081.5us head[736c]=0000 [736e]=0000 [7370]=730c [7b12]=0000 [7a36]=0000 [7a38]=0000
[:slot1:storager] PIT  1168097.1us ff8000 <= ffff mask=00ff pc=002bc4
[:slot1:storager] TICK  1194198.5us head[736c]=0000 [736e]=0000 [7370]=730c [7b12]=0000 [7a36]=0000 [7a38]=0000
[:slot1:storager] PIT  1194214.1us ff8000 <= ffff mask=00ff pc=002bc4
[:slot1:storager] TICK  1220314.5us head[736c]=0000 [736e]=0000 [7370]=730c [7b12]=0000 [7a36]=0000 [7a38]=0000
[:slot1:storager] PIT  1220330.1us ff8000 <= ffff mask=00ff pc=002bc4
[:slot1:storager] TICK  1246431.5us head[736c]=0000 [736e]=0000 [7370]=730c [7b12]=0000 [7a36]=0000 [7a38]=0000
[:slot1:storager] PIT  1246447.1us ff8000 <= ffff mask=00ff pc=002bc4
[:slot3:serad] 8085 mbx[0] = 02 @1.26257
[:slot3:serad] 8085 mbx[0] = 00 @1.26257
[:slot3:serad] 8085 mbx[1] = 02 @1.26264
[:slot3:serad] 8085 mbx[1] = 00 @1.26264
[:slot3:serad] 8085 mbx[2] = 02 @1.26270
[:slot3:serad] 8085 mbx[2] = 00 @1.26271
[:slot3:serad] 8085 mbx[3] = 02 @1.26277
[:slot3:serad] 8085 mbx[3] = 80 @1.26278
[:slot3:serad] 8085 mbx[4] = 02 @1.26284
[:slot3:serad] 8085 mbx[4] = 00 @1.26285
[:slot3:serad] 8085 mbx[5] = 02 @1.26291
[:slot3:serad] 8085 mbx[5] = 3f @1.26292
[:slot3:serad] 8085 mbx[6] = 02 @1.26298
[:slot3:serad] 8085 mbx[6] = 00 @1.26299
[:slot3:serad] 8085 mbx[7] = 02 @1.26305
[:slot3:serad] 8085 mbx[7] = 00 @1.26306
[:slot1:storager] TICK  1272547.5us head[736c]=0000 [736e]=0000 [7370]=730c [7b12]=0000 [7a36]=0000 [7a38]=0000
[:slot1:storager] PIT  1272563.1us ff8000 <= ffff mask=00ff pc=002bc4
[:slot3:serad] 8085 sem rd [09c] = 00 @1.27342
[:slot3:serad] 8085 sem rd [09c] = 02 @1.27342
[:slot1:storager] TICK  1298664.5us head[736c]=0000 [736e]=0000 [7370]=730c [7b12]=0000 [7a36]=0000 [7a38]=0000
[:slot1:storager] PIT  1298680.1us ff8000 <= ffff mask=00ff pc=002bc4
[:slot1:storager] TICK  1324780.5us head[736c]=0000 [736e]=0000 [7370]=730c [7b12]=0000 [7a36]=0000 [7a38]=0000
[:slot1:storager] PIT  1324796.1us ff8000 <= ffff mask=00ff pc=002bc4
[:slot3:serad] rst55 <- 1 @1.33709
[:slot3:serad] 8085 IMR io05 = 22 (pc=1006) @1.33713
[:slot3:serad] 8085 CR io02 = 1a (pc=100a) @1.33714
[:slot3:serad] 8085 CR io02 = 40 (pc=100e) @1.33714
[:slot3:serad] 8085 CR io02 = 30 (pc=1012) @1.33714
[:slot3:serad] 8085 CR io02 = 20 (pc=1016) @1.33715
[:slot3:serad] 8085 CR io02 = 70 (pc=113b) @1.33727
[:slot3:serad] 8085 CR io02 = 28 (pc=1147) @1.33728
[:slot3:serad] 8085 CR io02 = 05 (pc=1163) @1.33729
[:slot3:serad:duart0:cha] TXEN ch0 SR=0c @1.33729
[:slot3:serad] duart0 outport = bc @1.3373
[:slot3:serad] rst55 <- 0 @1.33733
[:slot3:serad] 8085 mbx[0] = 00 @1.33734
[:slot3:serad] 8085 mbx[1] = 00 @1.33734
[:slot6:cpuap:cpu] ':slot6:cpuap:cpu' (FE0369): unmapped iam memory read from FFFF00 & 00FF
[:slot6:cpuap:mmu] SETMSR data=00000002 -> msr=00000000 TS=0 TU=0 @1.3374
[:slot6:cpuap:mmu] SETMSR data=007d0002 -> msr=007d0000 TS=0 TU=1 @1.3375
[:slot6:cpuap:mmu] SETMSR data=00000002 -> msr=00000000 TS=0 TU=0 @1.3375
[:slot3:serad] duart0 outport = fc @1.3377
[:slot3:serad] duart0 outport = bc @1.3377
[:slot3:serad] duart0 outport = fc @1.3378
[:slot3:serad] duart0 outport = bc @1.3379
[:slot3:serad] duart0 outport = fc @1.3380
[:slot3:serad] duart0 outport = bc @1.3382
[:slot3:serad] duart0 outport = fc @1.3382
[:slot3:serad] duart0 outport = bc @1.3385
[:slot3:serad] duart0 outport = fc @1.3385
[:slot3:serad] duart0 outport = bc @1.3387
[:slot3:serad] duart0 outport = fc @1.3387
[:slot3:serad] duart0 outport = bc @1.3390
[:slot3:serad] duart0 outport = fc @1.3390
[:slot3:serad] duart0 outport = bc @1.3392
[:slot3:serad] duart0 outport = fc @1.3393
[:slot3:serad] duart0 outport = bc @1.3395
[:slot3:serad] duart0 outport = fc @1.3395
[:slot3:serad] duart0 outport = bc @1.3398
[:slot3:serad] duart0 outport = fc @1.3398
[:slot3:serad] duart0 outport = bc @1.3400
[:slot1:storager] PHASE  1340901.9us [7216] <= 0004 pc=002626
[:slot1:storager] PHASE  1340965.1us [7216] <= 0006 pc=002000
[:slot1:storager] TEMPH  1341106.5us CALL-3dac   alt=0 741e=0000 743a=0000 74b4=0000 7462=0000 7a30=0000
[:slot1:storager] TEMPH  1341107.3us CALL-3dac   alt=0 741e=0000 743a=0000 74b4=0000 7462=0000 7a30=0000
[:slot1:storager] TEMPH  1341109.1us sched       alt=0 741e=0000 743a=0000 74b4=0000 7462=0000 7a30=0000
[:slot1:storager] XSTATE  1341125.7us [7a1a] <= 0101
[:slot1:storager] XSTATE  1341140.3us [743a] <= 748a
[:slot1:storager] TEMPH  1341145.3us xferset     alt=0 741e=0000 743a=748a 74b4=0000 7462=0000 7a30=0000
[:slot1:storager] PIT  1341154.1us ff8006 <= 7a7a mask=ff00 pc=003cde
[:slot1:storager] PIT  1341156.9us ff8002 <= 0303 mask=ff00 pc=003cec
[:slot1:storager] PIT  1341159.9us ff8002 <= 0000 mask=ff00 pc=003cf0
[:slot1:storager] PIT  1341162.7us ff8004 <= 1515 mask=ff00 pc=003cf8
[:slot1:storager] PIT  1341165.7us ff8004 <= 0000 mask=ff00 pc=003cfc
[:slot1:storager] E800b12  1341189.5us rise e800=f23d d000=38f8 c000=0fe780 c000v=1 pc=003d46
[:slot1:storager] TEMPDMA ctl  local=71f0 host=0fe780 len=24 st=00 host[............]
[:slot1:storager] QHEAD  1341239.9us [7370] <= 7318 pc=002a6a
[:slot1:storager] QHEAD  1341242.3us [736e] <= 730c pc=002a72
[:slot1:storager] QHEAD  1341245.1us [736c] <= 730c pc=002a80
[:slot1:storager] TEMPH  1341318.7us xferset     alt=0 741e=0000 743a=748a 74b4=0000 7462=0000 7a30=0000
[:slot1:storager] PIT  1341327.5us ff8006 <= 7a7a mask=ff00 pc=003cde
[:slot1:storager] PIT  1341330.3us ff8002 <= 0303 mask=ff00 pc=003cec
[:slot1:storager] PIT  1341333.3us ff8002 <= 0000 mask=ff00 pc=003cf0
[:slot1:storager] PIT  1341336.1us ff8004 <= 0303 mask=ff00 pc=003cf8
[:slot1:storager] PIT  1341339.1us ff8004 <= 0000 mask=ff00 pc=003cfc
[:slot1:storager] E800b12  1341362.9us rise e800=325d d000=38f8 c000=0fe780 c000v=1 pc=003d46
[:slot1:storager] TEMPDMA ctl  local=71f0 host=0fe780 len=24 st=81 host[............]
[:slot1:storager] TEMPH  1341387.5us xferset     alt=0 741e=0000 743a=748a 74b4=0000 7462=0000 7a30=0000
[:slot1:storager] XSTATE  1341416.9us [7a1a] <= 0000
[:slot1:storager] QHEAD  1341456.3us [736c] <= 0000 pc=002afe
[:slot1:storager] QHEAD  1341459.1us [736c] <= 0000 pc=002b06
[:slot1:storager] QHEAD  1341460.7us [736e] <= 0000 pc=002b0a
[:slot1:storager] QHEAD  1341470.5us [7372] <= 730c pc=002b4c
[:slot1:storager] TICK  1341475.7us head[736c]=0000 [736e]=0000 [7370]=7318 [7b12]=0000 [7a36]=0000 [7a38]=0000
[:slot1:storager] TEMPH  1341486.3us xferset     alt=0 741e=0000 743a=748a 74b4=0000 7462=0000 7a30=0000
[:slot1:storager] D3  1341493.5us ENT        [799a]=6f90 +20=0000 b11=0 | [71bc]=0000 +20=0000 b11=0 | 74b4=0000 7454=0000 7462=0000 7a64=0000 71b2=0001 7b0c=0000 743a=748a
[:slot1:storager] CUR  1341676.7us [799a] <= 6e60 pc=000e5e
[:slot1:storager] UIB20  1341682.7us [6e80] <= 0820 pc=000e7e
[:slot1:storager] TEMPC800 cell[00] <= 0000 pc=005eba
[:slot1:storager] TEMPH  1349388.3us CALL-3dac   alt=0 741e=0000 743a=748a 74b4=0000 7462=0000 7a30=0000
[:slot1:storager] TEMPH  1349389.1us CALL-3dac   alt=0 741e=0000 743a=748a 74b4=0000 7462=0000 7a30=0000
[:slot1:storager] TEMPH  1349390.9us sched       alt=0 741e=0000 743a=748a 74b4=0000 7462=0000 7a30=0000
[:slot1:storager] XSTATE  1349407.5us [7a1a] <= 0101
[:slot1:storager] XSTATE  1349424.1us [743a] <= 748a
[:slot1:storager] TEMPH  1349429.1us xferset     alt=0 741e=0000 743a=748a 74b4=0000 7462=0000 7a30=0000
[:slot1:storager] PIT  1349437.9us ff8006 <= 7a7a mask=ff00 pc=003cde
[:slot1:storager] PIT  1349440.7us ff8002 <= 0303 mask=ff00 pc=003cec
[:slot1:storager] PIT  1349443.7us ff8002 <= 0000 mask=ff00 pc=003cf0
[:slot1:storager] PIT  1349446.5us ff8004 <= 0d0d mask=ff00 pc=003cf8
[:slot1:storager] PIT  1349449.5us ff8004 <= 0000 mask=ff00 pc=003cfc
[:slot1:storager] E800b12  1349473.3us rise e800=d22d d000=3730 c000=0fe948 c000v=1 pc=003d46
[:slot1:storager] ERRFLD  1349473.3us [6e78] <= 4600 pc=003d46
[:slot1:storager] ERRFLD  1349473.3us [6e78] <= 0003 pc=003d46
[:slot1:storager] TEMPDMA ctl  local=6e60 host=0fe948 len=32 st=81 host[............]
[:slot1:storager] QHEAD  1349526.1us [7370] <= 7324 pc=002a6a
[:slot1:storager] QHEAD  1349528.5us [736e] <= 7318 pc=002a72
[:slot1:storager] QHEAD  1349531.3us [736c] <= 7318 pc=002a80
[:slot1:storager] XSTATE  1349592.9us [7a1a] <= 0000
[:slot1:storager] QHEAD  1349632.3us [736c] <= 0000 pc=002afe
[:slot1:storager] QHEAD  1349635.1us [736c] <= 0000 pc=002b06
[:slot1:storager] QHEAD  1349636.7us [736e] <= 0000 pc=002b0a
[:slot1:storager] QHEAD  1349646.5us [7372] <= 7318 pc=002b4c
[:slot1:storager] TICK  1349651.7us head[736c]=0000 [736e]=0000 [7370]=7324 [7b12]=0000 [7a36]=0000 [7a38]=0000
[:slot1:storager] TEMPH  1349662.3us xferset     alt=0 741e=0000 743a=748a 74b4=0000 7462=0000 7a30=0000
[:slot1:storager] D3  1349669.5us ENT        [799a]=6e60 +20=0820 b11=1 | [71bc]=71f0 +20=0000 b11=0 | 74b4=0000 7454=0000 7462=0000 7a64=0000 71b2=0001 7b0c=0000 743a=748a
[:slot1:storager] PHASE  1349708.5us [7216] <= 0008 pc=002244
[:slot1:storager] PHASE  1350664.9us [7216] <= 000c pc=0015a0
[:slot1:storager] PHASE  1350719.3us [7216] <= 000c pc=0017f8
[:slot1:storager] TICK  1350747.5us head[736c]=0000 [736e]=0000 [7370]=7324 [7b12]=0000 [7a36]=0000 [7a38]=0000
[:slot1:storager] PIT  1350784.7us 008006 <= b4b4 mask=00ff pc=001adc
[:slot1:storager] SFLAG  1350808.5us [7a36] <= 0000 pc=001b48
[:slot1:storager] CTX  1350808.5us [7a36] <= 0000 pc=001b48 IPL=0
[:slot1:storager] GUARD  1350813.3us [7a3e] <= 0000 pc=001b54
[:slot1:storager] CTX  1350813.3us [7a3e] <= 0000 pc=001b54 IPL=0
[:slot1:storager] PHASE  1350890.1us [7216] <= 0000 pc=001d08
[:slot1:storager] TICK  1350896.5us head[736c]=0000 [736e]=0000 [7370]=7324 [7b12]=0000 [7a36]=0000 [7a38]=0000
[:slot1:storager] PIT  1350912.1us ff8000 <= ffff mask=00ff pc=002bc4
[:slot1:storager] TEMPH  1350958.9us CALL-3dac   alt=0 741e=0000 743a=748a 74b4=0000 7462=0000 7a30=0000
[:slot1:storager] TEMPH  1350959.7us CALL-3dac   alt=0 741e=0000 743a=748a 74b4=0000 7462=0000 7a30=0000
[:slot1:storager] TEMPH  1350961.5us sched       alt=0 741e=0000 743a=748a 74b4=0000 7462=0000 7a30=0000
[:slot1:storager] XSTATE  1350978.1us [7a1a] <= 0101
[:slot1:storager] XSTATE  1350994.7us [743a] <= 748a
[:slot1:storager] TEMPH  1350999.7us xferset     alt=0 741e=0000 743a=748a 74b4=0000 7462=0000 7a30=0000
[:slot1:storager] PIT  1351008.5us ff8006 <= 7a7a mask=ff00 pc=003cde
[:slot1:storager] PIT  1351011.3us ff8002 <= 0303 mask=ff00 pc=003cec
[:slot1:storager] PIT  1351014.3us ff8002 <= 0000 mask=ff00 pc=003cf0
[:slot1:storager] PIT  1351017.1us ff8004 <= 1515 mask=ff00 pc=003cf8
[:slot1:storager] PIT  1351020.1us ff8004 <= 0000 mask=ff00 pc=003cfc
[:slot1:storager] E800b12  1351043.9us rise e800=3a5d d000=38f8 c000=0fe780 c000v=1 pc=003d46
[:slot1:storager] TEMPDMA ctl  local=71f0 host=0fe780 len=24 st=00 host[............]
[:slot1:storager] QHEAD  1351094.3us [7370] <= 7330 pc=002a6a
[:slot1:storager] QHEAD  1351096.7us [736e] <= 7324 pc=002a72
[:slot1:storager] QHEAD  1351099.5us [736c] <= 7324 pc=002a80
[:slot1:storager] XSTATE  1351160.9us [7a1a] <= 0000
[:slot1:storager] QHEAD  1351200.3us [736c] <= 0000 pc=002afe
[:slot1:storager] QHEAD  1351203.1us [736c] <= 0000 pc=002b06
[:slot1:storager] QHEAD  1351204.7us [736e] <= 0000 pc=002b0a
[:slot1:storager] QHEAD  1351214.5us [7372] <= 7324 pc=002b4c
[:slot1:storager] TICK  1351219.7us head[736c]=0000 [736e]=0000 [7370]=7330 [7b12]=0000 [7a36]=0000 [7a38]=0000
[:slot1:storager] TEMPH  1351230.3us xferset     alt=0 741e=0000 743a=748a 74b4=0000 7462=0000 7a30=0000
[:slot1:storager] D3  1351237.5us ENT        [799a]=6e60 +20=0820 b11=1 | [71bc]=0000 +20=0000 b11=0 | 74b4=0000 7454=0000 7462=0000 7a64=0000 71b2=0001 7b0c=ffff 743a=748a
[:slot1:storager] PHASE  1351433.9us [7216] <= 0004 pc=002626
[:slot1:storager] PHASE  1351501.1us [7216] <= 0006 pc=002000
[:slot1:storager] TEMPH  1351642.5us CALL-3dac   alt=0 741e=0000 743a=748a 74b4=0000 7462=0000 7a30=0000
[:slot1:storager] TEMPH  1351643.3us CALL-3dac   alt=0 741e=0000 743a=748a 74b4=0000 7462=0000 7a30=0000
[:slot1:storager] TEMPH  1351645.1us sched       alt=0 741e=0000 743a=748a 74b4=0000 7462=0000 7a30=0000
[:slot1:storager] XSTATE  1351661.7us [7a1a] <= 0101
[:slot1:storager] XSTATE  1351679.1us [743a] <= 748a
[:slot1:storager] TEMPH  1351684.1us xferset     alt=0 741e=0000 743a=748a 74b4=0000 7462=0000 7a30=0000
[:slot1:storager] PIT  1351692.9us ff8006 <= 7a7a mask=ff00 pc=003cde
[:slot1:storager] PIT  1351695.7us ff8002 <= 0303 mask=ff00 pc=003cec
[:slot1:storager] PIT  1351698.7us ff8002 <= 0000 mask=ff00 pc=003cf0
[:slot1:storager] PIT  1351701.5us ff8004 <= 1515 mask=ff00 pc=003cf8
[:slot1:storager] PIT  1351704.5us ff8004 <= 0000 mask=ff00 pc=003cfc
[:slot1:storager] E800b12  1351728.3us rise e800=fa3d d000=38f8 c000=0fe780 c000v=1 pc=003d46
[:slot1:storager] TEMPDMA ctl  local=71f0 host=0fe780 len=24 st=00 host[.....H......]
[:slot1:storager] QHEAD  1351778.7us [7370] <= 733c pc=002a6a
[:slot1:storager] QHEAD  1351781.1us [736e] <= 7330 pc=002a72
[:slot1:storager] QHEAD  1351783.9us [736c] <= 7330 pc=002a80
[:slot1:storager] TEMPH  1351857.7us xferset     alt=0 741e=0000 743a=748a 74b4=0000 7462=0000 7a30=0000
[:slot1:storager] PIT  1351866.5us ff8006 <= 7a7a mask=ff00 pc=003cde
[:slot1:storager] PIT  1351869.3us ff8002 <= 0303 mask=ff00 pc=003cec
[:slot1:storager] PIT  1351872.3us ff8002 <= 0000 mask=ff00 pc=003cf0
[:slot1:storager] PIT  1351875.1us ff8004 <= 0303 mask=ff00 pc=003cf8
[:slot1:storager] PIT  1351878.1us ff8004 <= 0000 mask=ff00 pc=003cfc
[:slot1:storager] E800b12  1351901.9us rise e800=3a5d d000=38f8 c000=0fe780 c000v=1 pc=003d46
[:slot1:storager] TEMPDMA ctl  local=71f0 host=0fe780 len=24 st=81 host[....H.......]
[:slot1:storager] TEMPH  1351926.5us xferset     alt=0 741e=0000 743a=748a 74b4=0000 7462=0000 7a30=0000
[:slot1:storager] XSTATE  1351955.9us [7a1a] <= 0000
[:slot1:storager] QHEAD  1351995.3us [736c] <= 0000 pc=002afe
[:slot1:storager] QHEAD  1351998.1us [736c] <= 0000 pc=002b06
[:slot1:storager] QHEAD  1351999.7us [736e] <= 0000 pc=002b0a
[:slot1:storager] QHEAD  1352009.5us [7372] <= 7330 pc=002b4c
[:slot1:storager] TICK  1352014.7us head[736c]=0000 [736e]=0000 [7370]=733c [7b12]=0000 [7a36]=0000 [7a38]=0000
[:slot1:storager] TEMPH  1352025.3us xferset     alt=0 741e=0000 743a=748a 74b4=0000 7462=0000 7a30=0000
[:slot1:storager] D3  1352032.5us ENT        [799a]=6e60 +20=0820 b11=1 | [71bc]=0000 +20=0000 b11=0 | 74b4=0000 7454=0000 7462=0000 7a64=0000 71b2=0001 7b0c=0000 743a=748a
[:slot1:storager] UIB20  1352100.5us [6e80] <= 0026 pc=000e7e
[:slot1:storager] PHASE  1352158.3us [7216] <= 0008 pc=002244
[:slot1:storager] SETTLE  1352249.9us ARM-guard    A1=6e60 UIB+14=06 (nibble 6) [7a36]=0000 [7a38]=0000
[:slot1:storager] SETTLE  1352270.3us SCHEDULE-29f8 A1=6e60 UIB+14=06 (nibble 6) [7a36]=0000 [7a38]=0000
[:slot1:storager] QHEAD  1352293.7us [7370] <= 7348 pc=002a6a
[:slot1:storager] QHEAD  1352296.1us [736e] <= 733c pc=002a72
[:slot1:storager] QHEAD  1352298.9us [736c] <= 733c pc=002a80
[:slot1:storager] SFLAG  1352311.7us [7a38] <= 733c pc=002aa8
[:slot1:storager] SETTLE  1352321.1us SET-NOW      A1=6e60 UIB+14=06 (nibble 6) [7a36]=0000 [7a38]=733c
[:slot1:storager] OP4A  1352486.5us [7968]=0000 [796c]=0000 [7b10]=0000 [741c]=0000 [741e]=0000 [74ac]=74c4 [7956]=0000
[:slot1:storager] PHASE  1352511.3us [7216] <= 000c pc=0015a0
[:slot1:storager] PHASE  1352565.7us [7216] <= 000c pc=0017f8
[:slot1:storager] TICK  1352593.9us head[736c]=733c [736e]=733c [7370]=7348 [7b12]=0000 [7a36]=0000 [7a38]=733c
[:slot1:storager] PIT  1352631.1us 008006 <= b4b4 mask=00ff pc=001adc
[:slot1:storager] PHASE  1352724.1us [7216] <= 0000 pc=001d08
[:slot1:storager] TEMPH  1352762.9us CALL-3dac   alt=0 741e=0000 743a=748a 74b4=0000 7462=0000 7a30=0000
[:slot1:storager] TEMPH  1352763.7us CALL-3dac   alt=0 741e=0000 743a=748a 74b4=0000 7462=0000 7a30=0000
[:slot1:storager] TEMPH  1352765.5us sched       alt=0 741e=0000 743a=748a 74b4=0000 7462=0000 7a30=0000
[:slot1:storager] XSTATE  1352782.1us [7a1a] <= 0101
[:slot1:storager] XSTATE  1352798.7us [743a] <= 748a
[:slot1:storager] TEMPH  1352803.7us xferset     alt=0 741e=0000 743a=748a 74b4=0000 7462=0000 7a30=0000
[:slot1:storager] PIT  1352812.5us ff8006 <= 7a7a mask=ff00 pc=003cde
[:slot1:storager] PIT  1352815.3us ff8002 <= 0303 mask=ff00 pc=003cec
[:slot1:storager] PIT  1352818.3us ff8002 <= 0000 mask=ff00 pc=003cf0
[:slot1:storager] PIT  1352821.1us ff8004 <= 1515 mask=ff00 pc=003cf8
[:slot1:storager] PIT  1352824.1us ff8004 <= 0000 mask=ff00 pc=003cfc
[:slot1:storager] E800b12  1352847.9us rise e800=3a5d d000=38f8 c000=0fe780 c000v=1 pc=003d46
[:slot1:storager] TEMPDMA ctl  local=71f0 host=0fe780 len=24 st=00 host[....H.......]
[:slot1:storager] QHEAD  1352898.3us [7370] <= 7354 pc=002a6a
[:slot1:storager] QHEAD  1352900.7us [736e] <= 7348 pc=002a72
[:slot1:storager] XSTATE  1352965.9us [7a1a] <= 0000
[:slot1:storager] QHEAD  1353009.5us [736e] <= 733c pc=002b1c
[:slot1:storager] QHEAD  1353019.7us [7372] <= 7348 pc=002b4c
[:slot1:storager] TICK  1353024.9us head[736c]=733c [736e]=733c [7370]=7354 [7b12]=0000 [7a36]=0000 [7a38]=733c
[:slot1:storager] TEMPH  1353035.5us xferset     alt=0 741e=0000 743a=748a 74b4=0000 7462=0000 7a30=0000
[:slot1:storager] D3  1353042.7us ENT        [799a]=6e60 +20=0026 b11=0 | [71bc]=0000 +20=0000 b11=0 | 74b4=0000 7454=0000 7462=0000 7a64=0000 71b2=0001 7b0c=ffff 743a=748a
[:slot1:storager] GA  1353478.9us wr    e802=4297 pc=0024b4
[:slot1:storager] GA  1353482.9us wr    e802=42d7 pc=0024c0
[:slot1:storager] PHASE  1353519.9us [7216] <= 0004 pc=002626
[:slot1:storager] GA  1353538.5us wr    e806=0000 pc=002662
[:slot1:storager] PHASE  1353600.3us [7216] <= 0006 pc=002000
[:slot1:storager] GA  1353622.7us wr    e800=2a5d pc=000bc6
[:slot1:storager] TEMPH  1353741.7us CALL-3dac   alt=0 741e=0000 743a=748a 74b4=0000 7462=0000 7a30=0000
[:slot1:storager] TEMPH  1353742.5us CALL-3dac   alt=0 741e=0000 743a=748a 74b4=0000 7462=0000 7a30=0000
[:slot1:storager] TEMPH  1353744.3us sched       alt=0 741e=0000 743a=748a 74b4=0000 7462=0000 7a30=0000
[:slot1:storager] XSTATE  1353760.9us [7a1a] <= 0101
[:slot1:storager] XSTATE  1353778.3us [743a] <= 748a
[:slot1:storager] TEMPH  1353783.3us xferset     alt=0 741e=0000 743a=748a 74b4=0000 7462=0000 7a30=0000
[:slot1:storager] PIT  1353792.1us ff8006 <= 7a7a mask=ff00 pc=003cde
[:slot1:storager] PIT  1353794.9us ff8002 <= 0303 mask=ff00 pc=003cec
[:slot1:storager] PIT  1353797.9us ff8002 <= 0000 mask=ff00 pc=003cf0
[:slot1:storager] PIT  1353800.7us ff8004 <= 1515 mask=ff00 pc=003cf8
[:slot1:storager] PIT  1353803.7us ff8004 <= 0000 mask=ff00 pc=003cfc
[:slot1:storager] GA  1353806.9us C000  fe780=187f pc=003d04
[:slot1:storager] GA  1353814.1us wr    e800=2a5d pc=003d20
[:slot1:storager] GA  1353823.1us wr    e800=ea3d pc=003d3c
[:slot1:storager] GA  1353824.7us D000  71f0=38f8 pc=003d3e
[:slot1:storager] GA  1353827.5us wr    e800=fa3d pc=003d46
[:slot1:storager] E800b12  1353827.5us rise e800=fa3d d000=38f8 c000=0fe780 c000v=1 pc=003d46
[:slot1:storager] TEMPDMA ctl  local=71f0 host=0fe780 len=24 st=00 host[............]
[:slot1:storager] GA  1353827.5us DMAgo 71f0=0018 pc=003d46
[:slot1:storager] GA  1353834.7us IRQ4  0000=0000 pc=003d46
[:slot1:storager] QHEAD  1353877.9us [7370] <= 7360 pc=002a6a
[:slot1:storager] QHEAD  1353880.3us [736e] <= 7354 pc=002a72
[:slot1:storager] GA  1353933.1us wr    e800=ea3d pc=003c08
[:slot1:storager] TEMPH  1353957.7us xferset     alt=0 741e=0000 743a=748a 74b4=0000 7462=0000 7a30=0000
[:slot1:storager] PIT  1353966.5us ff8006 <= 7a7a mask=ff00 pc=003cde
[:slot1:storager] PIT  1353969.3us ff8002 <= 0303 mask=ff00 pc=003cec
[:slot1:storager] PIT  1353972.3us ff8002 <= 0000 mask=ff00 pc=003cf0
[:slot1:storager] PIT  1353975.1us ff8004 <= 0303 mask=ff00 pc=003cf8
[:slot1:storager] PIT  1353978.1us ff8004 <= 0000 mask=ff00 pc=003cfc
[:slot1:storager] GA  1353981.3us C000  fe780=187f pc=003d04
[:slot1:storager] GA  1353988.5us wr    e800=2a3d pc=003d20
[:slot1:storager] GA  1353997.5us wr    e800=2a5d pc=003d3c
[:slot1:storager] GA  1353999.1us D000  71f0=38f8 pc=003d3e
[:slot1:storager] GA  1354001.9us wr    e800=3a5d pc=003d46
[:slot1:storager] E800b12  1354001.9us rise e800=3a5d d000=38f8 c000=0fe780 c000v=1 pc=003d46
[:slot1:storager] TEMPDMA ctl  local=71f0 host=0fe780 len=24 st=81 host[............]
[:slot1:storager] GA  1354001.9us DMAgo 71f0=0018 pc=003d46
[:slot1:storager] GA  1354009.1us IRQ4  0000=0000 pc=003d46
[:slot1:storager] TEMPH  1354026.5us xferset     alt=0 741e=0000 743a=748a 74b4=0000 7462=0000 7a30=0000
[:slot1:storager] GA  1354044.1us wr    e800=2a5d pc=003c08
[:slot1:storager] XSTATE  1354055.9us [7a1a] <= 0000
[:slot1:storager] QHEAD  1354099.5us [736e] <= 733c pc=002b1c
[:slot1:storager] QHEAD  1354109.7us [7372] <= 7354 pc=002b4c
[:slot1:storager] TICK  1354114.9us head[736c]=733c [736e]=733c [7370]=7360 [7b12]=0000 [7a36]=0000 [7a38]=733c
[:slot1:storager] TEMPH  1354125.5us xferset     alt=0 741e=0000 743a=748a 74b4=0000 7462=0000 7a30=0000
[:slot1:storager] D3  1354132.7us ENT        [799a]=6e60 +20=0026 b11=0 | [71bc]=0000 +20=0000 b11=0 | 74b4=0000 7454=0000 7462=0000 7a64=0000 71b2=0001 7b0c=0000 743a=748a
[:slot1:storager] UIB20  1354185.7us [6e80] <= 8c27 pc=000e7e
[:slot1:storager] CNT  1354317.1us [79a2] <= 0100 pc=001030
[:slot1:storager] A30  1354375.3us [7a30] <= 0101 pc=006042
[:slot1:storager] CTX  1354375.3us [7a30] <= 0101 pc=006042 IPL=0
[:slot1:storager] PHASE  1354560.3us [7216] <= 0008 pc=002244
[:slot1:storager] GA  1354624.3us rd    f000=08a0 pc=006548
[:slot1:storager] GA  1354638.5us wr    e804=ff68 pc=00658e
[:slot1:storager] GA  1354642.9us wr    e804=bf68 pc=0065a0
[:slot1:storager] GA  1354644.1us rd    f000=08a0 pc=0065a4
[:slot1:storager] SETTLE  1354651.7us ARM-guard    A1=6e60 UIB+14=06 (nibble 6) [7a36]=0000 [7a38]=733c
[:slot1:storager] GA  1354652.1us wr    e802=42d7 pc=0065d2
[:slot1:storager] TICK  1377013.5us head[736c]=733c [736e]=733c [7370]=7360 [7b12]=0000 [7a36]=0000 [7a38]=733c
[:slot1:storager] GA  1377032.9us wr    e800=285d pc=002bc2
[:slot1:storager] PIT  1377034.5us ff8000 <= ffff mask=00ff pc=002bc4
[:slot1:storager] GA  1377037.3us wr    e800=2a5d pc=002bce
[:slot1:storager] TICK  1403128.5us head[736c]=733c [736e]=733c [7370]=7360 [7b12]=0000 [7a36]=0000 [7a38]=733c
[:slot1:storager] GA  1403147.9us wr    e800=285d pc=002bc2
[:slot1:storager] PIT  1403149.5us ff8000 <= ffff mask=00ff pc=002bc4
[:slot1:storager] GA  1403152.3us wr    e800=2a5d pc=002bce
[:slot1:storager] TICK  1429245.5us head[736c]=733c [736e]=733c [7370]=7360 [7b12]=0000 [7a36]=0000 [7a38]=733c
[:slot1:storager] GA  1429264.9us wr    e800=285d pc=002bc2
[:slot1:storager] PIT  1429266.5us ff8000 <= ffff mask=00ff pc=002bc4
[:slot1:storager] GA  1429269.3us wr    e800=2a5d pc=002bce
[:slot1:storager] TICK  1455362.5us head[736c]=733c [736e]=733c [7370]=7360 [7b12]=0000 [7a36]=0000 [7a38]=733c
[:slot1:storager] GA  1455381.9us wr    e800=285d pc=002bc2
[:slot1:storager] PIT  1455383.5us ff8000 <= ffff mask=00ff pc=002bc4
[:slot1:storager] GA  1455386.3us wr    e800=2a5d pc=002bce
[:slot1:storager] TICK  1481480.5us head[736c]=733c [736e]=733c [7370]=7360 [7b12]=0000 [7a36]=0000 [7a38]=733c
[:slot1:storager] GA  1481499.9us wr    e800=285d pc=002bc2
[:slot1:storager] PIT  1481501.5us ff8000 <= ffff mask=00ff pc=002bc4
[:slot1:storager] GA  1481504.3us wr    e800=2a5d pc=002bce
[:slot1:storager] TICK  1507595.5us head[736c]=733c [736e]=733c [7370]=7360 [7b12]=0000 [7a36]=0000 [7a38]=733c
[:slot1:storager] GA  1507614.9us wr    e800=285d pc=002bc2
[:slot1:storager] PIT  1507616.5us ff8000 <= ffff mask=00ff pc=002bc4
[:slot1:storager] GA  1507619.3us wr    e800=2a5d pc=002bce
[:slot1:storager] TICK  1533724.5us head[736c]=733c [736e]=733c [7370]=7360 [7b12]=0000 [7a36]=0000 [7a38]=733c
[:slot1:storager] GA  1533743.9us wr    e800=285d pc=002bc2
[:slot1:storager] PIT  1533745.5us ff8000 <= ffff mask=00ff pc=002bc4
[:slot1:storager] GA  1533748.3us wr    e800=2a5d pc=002bce
[:slot1:storager] TICK  1559828.5us head[736c]=733c [736e]=733c [7370]=7360 [7b12]=0000 [7a36]=0000 [7a38]=733c
[:slot1:storager] GA  1559847.9us wr    e800=285d pc=002bc2
[:slot1:storager] PIT  1559849.5us ff8000 <= ffff mask=00ff pc=002bc4
[:slot1:storager] GA  1559852.3us wr    e800=2a5d pc=002bce
[:slot1:storager] TICK  1585944.5us head[736c]=733c [736e]=733c [7370]=7360 [7b12]=0000 [7a36]=0000 [7a38]=733c
[:slot1:storager] GA  1585963.9us wr    e800=285d pc=002bc2
[:slot1:storager] PIT  1585965.5us ff8000 <= ffff mask=00ff pc=002bc4
[:slot1:storager] GA  1585968.3us wr    e800=2a5d pc=002bce
[:slot1:storager] TICK  1612060.5us head[736c]=733c [736e]=733c [7370]=7360 [7b12]=0000 [7a36]=0000 [7a38]=733c
[:slot1:storager] GA  1612079.9us wr    e800=285d pc=002bc2
[:slot1:storager] PIT  1612081.5us ff8000 <= ffff mask=00ff pc=002bc4
[:slot1:storager] GA  1612084.3us wr    e800=2a5d pc=002bce
[:slot1:storager] TICK  1638178.5us head[736c]=733c [736e]=733c [7370]=7360 [7b12]=0000 [7a36]=0000 [7a38]=733c
[:slot1:storager] GA  1638197.9us wr    e800=285d pc=002bc2
[:slot1:storager] PIT  1638199.5us ff8000 <= ffff mask=00ff pc=002bc4
[:slot1:storager] GA  1638202.3us wr    e800=2a5d pc=002bce
[:slot1:storager] TICK  1664292.5us head[736c]=733c [736e]=733c [7370]=7360 [7b12]=0000 [7a36]=0000 [7a38]=733c
[:slot1:storager] GA  1664311.9us wr    e800=285d pc=002bc2
[:slot1:storager] PIT  1664313.5us ff8000 <= ffff mask=00ff pc=002bc4
[:slot1:storager] GA  1664316.3us wr    e800=2a5d pc=002bce
[:slot1:storager] TICK  1690410.5us head[736c]=733c [736e]=733c [7370]=7360 [7b12]=0000 [7a36]=0000 [7a38]=733c
[:slot1:storager] GA  1690429.9us wr    e800=285d pc=002bc2
[:slot1:storager] PIT  1690431.5us ff8000 <= ffff mask=00ff pc=002bc4
[:slot1:storager] GA  1690434.3us wr    e800=2a5d pc=002bce
[:slot1:storager] TICK  1716526.5us head[736c]=733c [736e]=733c [7370]=7360 [7b12]=0000 [7a36]=0000 [7a38]=733c
[:slot1:storager] GA  1716545.9us wr    e800=285d pc=002bc2
[:slot1:storager] PIT  1716547.5us ff8000 <= ffff mask=00ff pc=002bc4
[:slot1:storager] GA  1716550.3us wr    e800=2a5d pc=002bce
[:slot1:storager] TICK  1742643.5us head[736c]=733c [736e]=733c [7370]=7360 [7b12]=0000 [7a36]=0000 [7a38]=733c
[:slot1:storager] GA  1742662.9us wr    e800=285d pc=002bc2
[:slot1:storager] PIT  1742664.5us ff8000 <= ffff mask=00ff pc=002bc4
[:slot1:storager] GA  1742667.3us wr    e800=2a5d pc=002bce
[:slot1:storager] TICK  1768768.5us head[736c]=733c [736e]=733c [7370]=7360 [7b12]=0000 [7a36]=0000 [7a38]=733c
[:slot1:storager] GA  1768787.9us wr    e800=285d pc=002bc2
[:slot1:storager] PIT  1768789.5us ff8000 <= ffff mask=00ff pc=002bc4
[:slot1:storager] GA  1768792.3us wr    e800=2a5d pc=002bce
[:slot1:storager] TICK  1794874.5us head[736c]=733c [736e]=733c [7370]=7360 [7b12]=0000 [7a36]=0000 [7a38]=733c
[:slot1:storager] GA  1794893.9us wr    e800=285d pc=002bc2
[:slot1:storager] PIT  1794895.5us ff8000 <= ffff mask=00ff pc=002bc4
[:slot1:storager] GA  1794898.3us wr    e800=2a5d pc=002bce
[:slot3:serad:port0:s97801:term:maincpu] ':slot3:serad:port0:s97801:term:maincpu' (069F): unmapped program memory read from 8100 & FF
[:slot1:storager] TICK  1821011.5us head[736c]=733c [736e]=733c [7370]=7360 [7b12]=0000 [7a36]=0000 [7a38]=733c
[:slot1:storager] GA  1821030.9us wr    e800=285d pc=002bc2
[:slot1:storager] PIT  1821032.5us ff8000 <= ffff mask=00ff pc=002bc4
[:slot1:storager] GA  1821035.3us wr    e800=2a5d pc=002bce
[:slot1:storager] TICK  1847108.5us head[736c]=733c [736e]=733c [7370]=7360 [7b12]=0000 [7a36]=0000 [7a38]=733c
[:slot1:storager] GA  1847127.9us wr    e800=285d pc=002bc2
[:slot1:storager] PIT  1847129.5us ff8000 <= ffff mask=00ff pc=002bc4
[:slot1:storager] GA  1847132.3us wr    e800=2a5d pc=002bce
[:slot1:storager] TICK  1873225.5us head[736c]=733c [736e]=733c [7370]=7360 [7b12]=0000 [7a36]=0000 [7a38]=733c
[:slot1:storager] GA  1873244.9us wr    e800=285d pc=002bc2
[:slot1:storager] PIT  1873246.5us ff8000 <= ffff mask=00ff pc=002bc4
[:slot1:storager] GA  1873249.3us wr    e800=2a5d pc=002bce
[:slot1:storager] TICK  1899340.5us head[736c]=733c [736e]=733c [7370]=7360 [7b12]=0000 [7a36]=0000 [7a38]=733c
[:slot1:storager] GA  1899359.9us wr    e800=285d pc=002bc2
[:slot1:storager] PIT  1899361.5us ff8000 <= ffff mask=00ff pc=002bc4
[:slot1:storager] GA  1899364.3us wr    e800=2a5d pc=002bce
[:slot1:storager] TICK  1925457.5us head[736c]=733c [736e]=733c [7370]=7360 [7b12]=0000 [7a36]=0000 [7a38]=733c
[:slot1:storager] GA  1925476.9us wr    e800=285d pc=002bc2
[:slot1:storager] PIT  1925478.5us ff8000 <= ffff mask=00ff pc=002bc4
[:slot1:storager] GA  1925481.3us wr    e800=2a5d pc=002bce
[:slot1:storager] TICK  1951573.5us head[736c]=733c [736e]=733c [7370]=7360 [7b12]=0000 [7a36]=0000 [7a38]=733c
[:slot1:storager] GA  1951592.9us wr    e800=285d pc=002bc2
[:slot1:storager] PIT  1951594.5us ff8000 <= ffff mask=00ff pc=002bc4
[:slot1:storager] GA  1951597.3us wr    e800=2a5d pc=002bce
[:slot1:storager] TICK  1977690.5us head[736c]=733c [736e]=733c [7370]=7360 [7b12]=0000 [7a36]=0000 [7a38]=733c
[:slot1:storager] GA  1977709.9us wr    e800=285d pc=002bc2
[:slot1:storager] PIT  1977711.5us ff8000 <= ffff mask=00ff pc=002bc4
[:slot1:storager] GA  1977714.3us wr    e800=2a5d pc=002bce
[:slot1:storager] TICK  2003812.5us head[736c]=733c [736e]=733c [7370]=7360 [7b12]=0000 [7a36]=0000 [7a38]=733c
[:slot1:storager] GA  2003831.9us wr    e800=285d pc=002bc2
[:slot1:storager] PIT  2003833.5us ff8000 <= ffff mask=00ff pc=002bc4
[:slot1:storager] GA  2003836.3us wr    e800=2a5d pc=002bce
[:slot1:storager] TICK  2029922.5us head[736c]=733c [736e]=733c [7370]=7360 [7b12]=0000 [7a36]=0000 [7a38]=733c
[:slot1:storager] GA  2029941.9us wr    e800=285d pc=002bc2
[:slot1:storager] PIT  2029943.5us ff8000 <= ffff mask=00ff pc=002bc4
[:slot1:storager] GA  2029946.3us wr    e800=2a5d pc=002bce
[:slot1:storager] TICK  2056056.5us head[736c]=733c [736e]=733c [7370]=7360 [7b12]=0000 [7a36]=0000 [7a38]=733c
[:slot1:storager] GA  2056075.9us wr    e800=285d pc=002bc2
[:slot1:storager] PIT  2056077.5us ff8000 <= ffff mask=00ff pc=002bc4
[:slot1:storager] GA  2056080.3us wr    e800=2a5d pc=002bce
[:slot1:storager] TICK  2082156.5us head[736c]=733c [736e]=733c [7370]=7360 [7b12]=0000 [7a36]=0000 [7a38]=733c
[:slot1:storager] GA  2082175.9us wr    e800=285d pc=002bc2
[:slot1:storager] PIT  2082177.5us ff8000 <= ffff mask=00ff pc=002bc4
[:slot1:storager] GA  2082180.3us wr    e800=2a5d pc=002bce
[:slot1:storager] TICK  2108272.5us head[736c]=733c [736e]=733c [7370]=7360 [7b12]=0000 [7a36]=0000 [7a38]=733c
[:slot1:storager] GA  2108291.9us wr    e800=285d pc=002bc2
[:slot1:storager] PIT  2108293.5us ff8000 <= ffff mask=00ff pc=002bc4
[:slot1:storager] GA  2108296.3us wr    e800=2a5d pc=002bce
[:slot1:storager] TICK  2134389.5us head[736c]=733c [736e]=733c [7370]=7360 [7b12]=0000 [7a36]=0000 [7a38]=733c
[:slot1:storager] GA  2134408.9us wr    e800=285d pc=002bc2
[:slot1:storager] PIT  2134410.5us ff8000 <= ffff mask=00ff pc=002bc4
[:slot1:storager] GA  2134413.3us wr    e800=2a5d pc=002bce
[:slot1:storager] TICK  2160504.5us head[736c]=733c [736e]=733c [7370]=7360 [7b12]=0000 [7a36]=0000 [7a38]=733c
[:slot1:storager] GA  2160523.9us wr    e800=285d pc=002bc2
[:slot1:storager] PIT  2160525.5us ff8000 <= ffff mask=00ff pc=002bc4
[:slot1:storager] GA  2160528.3us wr    e800=2a5d pc=002bce
[:slot1:storager] TICK  2186620.5us head[736c]=733c [736e]=733c [7370]=7360 [7b12]=0000 [7a36]=0000 [7a38]=733c
[:slot1:storager] GA  2186639.9us wr    e800=285d pc=002bc2
[:slot1:storager] PIT  2186641.5us ff8000 <= ffff mask=00ff pc=002bc4
[:slot1:storager] GA  2186644.3us wr    e800=2a5d pc=002bce
[:slot1:storager] TICK  2212737.5us head[736c]=733c [736e]=733c [7370]=7360 [7b12]=0000 [7a36]=0000 [7a38]=733c
[:slot1:storager] GA  2212756.9us wr    e800=285d pc=002bc2
[:slot1:storager] PIT  2212758.5us ff8000 <= ffff mask=00ff pc=002bc4
[:slot1:storager] GA  2212761.3us wr    e800=2a5d pc=002bce
[:slot1:storager] TICK  2238856.5us head[736c]=733c [736e]=733c [7370]=7360 [7b12]=0000 [7a36]=0000 [7a38]=733c
[:slot1:storager] GA  2238875.9us wr    e800=285d pc=002bc2
[:slot1:storager] PIT  2238877.5us ff8000 <= ffff mask=00ff pc=002bc4
[:slot1:storager] GA  2238880.3us wr    e800=2a5d pc=002bce
[:slot1:storager] TICK  2264971.5us head[736c]=733c [736e]=733c [7370]=7360 [7b12]=0000 [7a36]=0000 [7a38]=733c
[:slot1:storager] GA  2264990.9us wr    e800=285d pc=002bc2
[:slot1:storager] PIT  2264992.5us ff8000 <= ffff mask=00ff pc=002bc4
[:slot1:storager] GA  2264995.3us wr    e800=2a5d pc=002bce
[:slot1:storager] TICK  2291100.5us head[736c]=733c [736e]=733c [7370]=7360 [7b12]=0000 [7a36]=0000 [7a38]=733c
[:slot1:storager] GA  2291119.9us wr    e800=285d pc=002bc2
[:slot1:storager] PIT  2291121.5us ff8000 <= ffff mask=00ff pc=002bc4
[:slot1:storager] GA  2291124.3us wr    e800=2a5d pc=002bce
[:slot1:storager] TICK  2317203.5us head[736c]=733c [736e]=733c [7370]=7360 [7b12]=0000 [7a36]=0000 [7a38]=733c
[:slot1:storager] GA  2317222.9us wr    e800=285d pc=002bc2
[:slot1:storager] PIT  2317224.5us ff8000 <= ffff mask=00ff pc=002bc4
[:slot1:storager] GA  2317227.3us wr    e800=2a5d pc=002bce
[:slot1:storager] TICK  2343320.5us head[736c]=733c [736e]=733c [7370]=7360 [7b12]=0000 [7a36]=0000 [7a38]=733c
[:slot1:storager] GA  2343339.9us wr    e800=285d pc=002bc2
[:slot1:storager] PIT  2343341.5us ff8000 <= ffff mask=00ff pc=002bc4
[:slot1:storager] GA  2343344.3us wr    e800=2a5d pc=002bce
[:slot1:storager] TICK  2369435.5us head[736c]=733c [736e]=733c [7370]=7360 [7b12]=0000 [7a36]=0000 [7a38]=733c
[:slot1:storager] GA  2369454.9us wr    e800=285d pc=002bc2
[:slot1:storager] PIT  2369456.5us ff8000 <= ffff mask=00ff pc=002bc4
[:slot1:storager] GA  2369459.3us wr    e800=2a5d pc=002bce
[:slot1:storager] TICK  2395552.5us head[736c]=733c [736e]=733c [7370]=7360 [7b12]=0000 [7a36]=0000 [7a38]=733c
[:slot1:storager] GA  2395571.9us wr    e800=285d pc=002bc2
[:slot1:storager] PIT  2395573.5us ff8000 <= ffff mask=00ff pc=002bc4
[:slot1:storager] GA  2395576.3us wr    e800=2a5d pc=002bce
[:slot1:storager] TICK  2421669.5us head[736c]=733c [736e]=733c [7370]=7360 [7b12]=0000 [7a36]=0000 [7a38]=733c
[:slot1:storager] GA  2421688.9us wr    e800=285d pc=002bc2
[:slot1:storager] PIT  2421690.5us ff8000 <= ffff mask=00ff pc=002bc4
[:slot1:storager] GA  2421693.3us wr    e800=2a5d pc=002bce
[:slot1:storager] TICK  2447785.5us head[736c]=733c [736e]=733c [7370]=7360 [7b12]=0000 [7a36]=0000 [7a38]=733c
[:slot1:storager] GA  2447804.9us wr    e800=285d pc=002bc2
[:slot1:storager] PIT  2447806.5us ff8000 <= ffff mask=00ff pc=002bc4
[:slot1:storager] GA  2447809.3us wr    e800=2a5d pc=002bce
[:slot1:storager] TICK  2473901.5us head[736c]=733c [736e]=733c [7370]=7360 [7b12]=0000 [7a36]=0000 [7a38]=733c
[:slot1:storager] GA  2473920.9us wr    e800=285d pc=002bc2
[:slot1:storager] PIT  2473922.5us ff8000 <= ffff mask=00ff pc=002bc4
[:slot1:storager] GA  2473925.3us wr    e800=2a5d pc=002bce
[:slot1:storager] TICK  2500018.5us head[736c]=733c [736e]=733c [7370]=7360 [7b12]=0000 [7a36]=0000 [7a38]=733c
[:slot1:storager] GA  2500037.9us wr    e800=285d pc=002bc2
[:slot1:storager] PIT  2500039.5us ff8000 <= ffff mask=00ff pc=002bc4
[:slot1:storager] GA  2500042.3us wr    e800=2a5d pc=002bce
[:slot1:storager] TICK  2526145.5us head[736c]=733c [736e]=733c [7370]=7360 [7b12]=0000 [7a36]=0000 [7a38]=733c
[:slot1:storager] GA  2526164.9us wr    e800=285d pc=002bc2
[:slot1:storager] PIT  2526166.5us ff8000 <= ffff mask=00ff pc=002bc4
[:slot1:storager] GA  2526169.3us wr    e800=2a5d pc=002bce
[:slot1:storager] TICK  2552251.5us head[736c]=733c [736e]=733c [7370]=7360 [7b12]=0000 [7a36]=0000 [7a38]=733c
[:slot1:storager] GA  2552270.9us wr    e800=285d pc=002bc2
[:slot1:storager] PIT  2552272.5us ff8000 <= ffff mask=00ff pc=002bc4
[:slot1:storager] GA  2552275.3us wr    e800=2a5d pc=002bce
[:slot1:storager] TICK  2578389.5us head[736c]=733c [736e]=733c [7370]=7360 [7b12]=0000 [7a36]=0000 [7a38]=733c
[:slot1:storager] GA  2578408.9us wr    e800=285d pc=002bc2
[:slot1:storager] PIT  2578410.5us ff8000 <= ffff mask=00ff pc=002bc4
[:slot1:storager] GA  2578413.3us wr    e800=2a5d pc=002bce
[:slot1:storager] TICK  2604483.5us head[736c]=733c [736e]=733c [7370]=7360 [7b12]=0000 [7a36]=0000 [7a38]=733c
[:slot1:storager] GA  2604502.9us wr    e800=285d pc=002bc2
[:slot1:storager] PIT  2604504.5us ff8000 <= ffff mask=00ff pc=002bc4
[:slot1:storager] GA  2604507.3us wr    e800=2a5d pc=002bce
[:slot1:storager] TICK  2630599.5us head[736c]=733c [736e]=733c [7370]=7360 [7b12]=0000 [7a36]=0000 [7a38]=733c
[:slot1:storager] GA  2630618.9us wr    e800=285d pc=002bc2
[:slot1:storager] PIT  2630620.5us ff8000 <= ffff mask=00ff pc=002bc4
[:slot1:storager] GA  2630623.3us wr    e800=2a5d pc=002bce
[:slot1:storager] TICK  2656716.5us head[736c]=733c [736e]=733c [7370]=7360 [7b12]=0000 [7a36]=0000 [7a38]=733c
[:slot1:storager] GA  2656735.9us wr    e800=285d pc=002bc2
[:slot1:storager] PIT  2656737.5us ff8000 <= ffff mask=00ff pc=002bc4
[:slot1:storager] GA  2656740.3us wr    e800=2a5d pc=002bce
[:slot1:storager] TICK  2682832.5us head[736c]=733c [736e]=733c [7370]=7360 [7b12]=0000 [7a36]=0000 [7a38]=733c
[:slot1:storager] GA  2682851.9us wr    e800=285d pc=002bc2
[:slot1:storager] PIT  2682853.5us ff8000 <= ffff mask=00ff pc=002bc4
[:slot1:storager] GA  2682856.3us wr    e800=2a5d pc=002bce
[:slot1:storager] TICK  2708949.5us head[736c]=733c [736e]=733c [7370]=7360 [7b12]=0000 [7a36]=0000 [7a38]=733c
[:slot1:storager] GA  2708968.9us wr    e800=285d pc=002bc2
[:slot1:storager] PIT  2708970.5us ff8000 <= ffff mask=00ff pc=002bc4
[:slot1:storager] GA  2708973.3us wr    e800=2a5d pc=002bce
[:slot1:storager] TICK  2735066.5us head[736c]=733c [736e]=733c [7370]=7360 [7b12]=0000 [7a36]=0000 [7a38]=733c
[:slot1:storager] GA  2735085.9us wr    e800=285d pc=002bc2
[:slot1:storager] PIT  2735087.5us ff8000 <= ffff mask=00ff pc=002bc4
[:slot1:storager] GA  2735090.3us wr    e800=2a5d pc=002bce
[:slot1:storager] TICK  2761189.5us head[736c]=733c [736e]=733c [7370]=7360 [7b12]=0000 [7a36]=0000 [7a38]=733c
[:slot1:storager] GA  2761208.9us wr    e800=285d pc=002bc2
[:slot1:storager] PIT  2761210.5us ff8000 <= ffff mask=00ff pc=002bc4
[:slot1:storager] GA  2761213.3us wr    e800=2a5d pc=002bce
[:slot1:storager] TICK  2787298.5us head[736c]=733c [736e]=733c [7370]=7360 [7b12]=0000 [7a36]=0000 [7a38]=733c
[:slot1:storager] GA  2787317.9us wr    e800=285d pc=002bc2
[:slot1:storager] PIT  2787319.5us ff8000 <= ffff mask=00ff pc=002bc4
[:slot1:storager] GA  2787322.3us wr    e800=2a5d pc=002bce
[:slot1:storager] TICK  2813433.5us head[736c]=733c [736e]=733c [7370]=7360 [7b12]=0000 [7a36]=0000 [7a38]=733c
[:slot1:storager] GA  2813452.9us wr    e800=285d pc=002bc2
[:slot1:storager] PIT  2813454.5us ff8000 <= ffff mask=00ff pc=002bc4
[:slot1:storager] GA  2813457.3us wr    e800=2a5d pc=002bce
[:slot1:storager] TICK  2839530.5us head[736c]=733c [736e]=733c [7370]=7360 [7b12]=0000 [7a36]=0000 [7a38]=733c
[:slot1:storager] GA  2839549.9us wr    e800=285d pc=002bc2
[:slot1:storager] PIT  2839551.5us ff8000 <= ffff mask=00ff pc=002bc4
[:slot1:storager] GA  2839554.3us wr    e800=2a5d pc=002bce
[:slot1:storager] TICK  2865647.5us head[736c]=733c [736e]=733c [7370]=7360 [7b12]=0000 [7a36]=0000 [7a38]=733c
[:slot1:storager] GA  2865666.9us wr    e800=285d pc=002bc2
[:slot1:storager] PIT  2865668.5us ff8000 <= ffff mask=00ff pc=002bc4
[:slot1:storager] GA  2865671.3us wr    e800=2a5d pc=002bce
[:slot1:storager] TICK  2891764.5us head[736c]=733c [736e]=733c [7370]=7360 [7b12]=0000 [7a36]=0000 [7a38]=733c
[:slot1:storager] GA  2891783.9us wr    e800=285d pc=002bc2
[:slot1:storager] PIT  2891785.5us ff8000 <= ffff mask=00ff pc=002bc4
[:slot1:storager] GA  2891788.3us wr    e800=2a5d pc=002bce
[:slot1:storager] TICK  2917880.5us head[736c]=733c [736e]=733c [7370]=7360 [7b12]=0000 [7a36]=0000 [7a38]=733c
[:slot1:storager] SFLAG  2917895.1us [7a36] <= 0001 pc=002b84
[:slot1:storager] CTX  2917895.1us [7a36] <= 0001 pc=002b84 IPL=1  <-- IN ISR
[:slot1:storager] SFLAG  2917920.3us [7a38] <= 0000 pc=002af6
[:slot1:storager] QHEAD  2917923.9us [736c] <= 0000 pc=002afe
[:slot1:storager] QHEAD  2917926.7us [736c] <= 0000 pc=002b06
[:slot1:storager] QHEAD  2917928.3us [736e] <= 0000 pc=002b0a
[:slot1:storager] QHEAD  2917938.1us [7372] <= 733c pc=002b4c
[:slot1:storager] TICK  2917943.3us head[736c]=0000 [736e]=0000 [7370]=7360 [7b12]=0000 [7a36]=0001 [7a38]=0000
[:slot1:storager] GA  2917954.1us wr    e800=285d pc=002bc2
[:slot1:storager] PIT  2917955.7us ff8000 <= ffff mask=00ff pc=002bc4
[:slot1:storager] GA  2917958.5us wr    e800=2a5d pc=002bce
[:slot1:storager] OP42  2917967.9us node[71bc]=71f0 [798e]=0000 node=6e60 n+12=40 (bit1=0 bit7=0) [7a36]=0001 | [7a40]=0000 [7a3e]=0000 n+18=0000
[:slot1:storager] SEEKF  2918082.9us [798e] <= ffff pc=00683e
[:slot1:storager] CTX  2918082.9us [798e] <= ffff pc=00683e IPL=0
[:slot1:storager] PIT  2918087.3us 008006 <= 9a9a mask=00ff pc=00684c
[:slot1:storager] SEEKF  2918088.9us [798e] <= 0001 pc=006854
[:slot1:storager] CTX  2918088.9us [798e] <= 0001 pc=006854 IPL=0
[:slot1:storager] GA  2918109.7us wr    e804=bf78 pc=006b20
[:slot1:storager] OP42  2918119.9us node[71bc]=71f0 [798e]=0001 node=6e60 n+12=40 (bit1=0 bit7=0) [7a36]=0001 | [7a40]=0000 [7a3e]=0000 n+18=0000
[:slot1:storager] POOL  2918310.1us [74ac] <= 74c4 pc=000a90
[:slot1:storager] CTX  2918310.1us [74ac] <= 74c4 pc=000a90 IPL=7  <-- IN ISR
[:slot1:storager] XSTATE  2918786.1us [74b4] <= 0000
[:slot1:storager] DESC  2919066.9us [7abe] word<=0000 mask=ffff pc=00a432 | [7abe]=00000000 [7958]=00000000 [7abc]=0000
[:slot1:storager] TEMPCNT 7abe <= 0000 mask=ffff pc=00a432
[:slot1:storager] DESC  2919067.3us [7abe] word<=0008 mask=ffff pc=00a432 | [7abe]=00000000 [7958]=00000000 [7abc]=0000
[:slot1:storager] TEMPCNT 7abc <= 0008 mask=ffff pc=007352
[:slot1:storager] DESC  2919178.9us [7abe] word<=0000 mask=ffff pc=00738c | [7abe]=00000008 [7958]=00000000 [7abc]=0008
[:slot1:storager] DESC  2919179.3us [7abe] word<=0000 mask=ffff pc=00738c | [7abe]=00000000 [7958]=00000000 [7abc]=0008
[:slot1:storager] TEMPCNT 7abe <= 0000 mask=ffff pc=00738c
[:slot1:storager] GA  2919315.5us wr    e800=2abd pc=0030dc
[:slot1:storager] GA  2919316.9us C800  c800=0017 pc=0030e0
[:slot1:storager] TEMPC800 cell[00] <= 0017  A2=006e89 D1=00 D0=17 D5=01 [7938]=6e84
[:slot1:storager] TEMP6000 rd  a=6000 mask=00ff data=0000 pc=0030e4
[:slot1:storager] TEMP18 blk=6e84 n=0010 (17 triples, words at 6eb6)
[:slot1:storager] TEMP18 triple[ 0] c800[00] <= 17   idx6000=01
[:slot1:storager] TEMP18 triple[ 1] c800[00] <= 1c   idx6000=01
[:slot1:storager] TEMP18 triple[ 2] c800[00] <= 1d   idx6000=00
[:slot1:storager] TEMP18 triple[ 3] c800[00] <= 1d   idx6000=01
[:slot1:storager] TEMP18 triple[ 4] c800[00] <= 3f   idx6000=00
[:slot1:storager] TEMP18 triple[ 5] c800[00] <= 3f   idx6000=01
[:slot1:storager] TEMP18 triple[ 6] c800[02] <= 01   idx6000=01
[:slot1:storager] TEMP18 triple[ 7] c800[02] <= 1f   idx6000=01
[:slot1:storager] TEMP18 triple[ 8] c800[7e] <= 3f   idx6000=01
[:slot1:storager] TEMP18 triple[ 9] c800[7e] <= 3f   idx6000=01
[:slot1:storager] TEMP18 triple[10] c800[7e] <= 3f   idx6000=01
[:slot1:storager] TEMP18 triple[11] c800[7e] <= 3f   idx6000=01
[:slot1:storager] TEMP18 triple[12] c800[7e] <= 3f   idx6000=01
[:slot1:storager] TEMP18 triple[13] c800[7e] <= 3f   idx6000=01
[:slot1:storager] TEMP18 triple[14] c800[7e] <= 3f   idx6000=01
[:slot1:storager] TEMP18 triple[15] c800[7e] <= 3f   idx6000=01
[:slot1:storager] TEMP18 triple[16] c800[0a] <= 6d   idx6000=08
[:slot1:storager] TEMP18 word[ 0] e000 <= 0a6d
[:slot1:storager] TEMP18 word[ 1] e002 <= 0829
[:slot1:storager] TEMP18 word[ 2] e004 <= 0033
[:slot1:storager] TEMP18 word[ 3] e006 <= 0a6d
[:slot1:storager] TEMP18 word[ 4] e008 <= 0a09
[:slot1:storager] TEMP18 word[ 5] e00a <= 0a09
[:slot1:storager] TEMP18 word[ 6] e00c <= 0a09
[:slot1:storager] TEMP18 word[ 7] e00e <= 0a09
[:slot1:storager] TEMP18 word[ 8] e010 <= 0a09
[:slot1:storager] TEMP18 word[ 9] e012 <= 0809
[:slot1:storager] TEMP18 word[10] e014 <= 0829
[:slot1:storager] TEMP18 word[11] e016 <= 083b
[:slot1:storager] TEMP18 word[12] e018 <= 023f
[:slot1:storager] TEMP18 word[13] e01a <= 023f
[:slot1:storager] TEMP18 word[14] e01c <= 023f
[:slot1:storager] TEMP18 word[15] e01e <= 023f
[:slot1:storager] TEMP18 word[16] e020 <= 0010
[:slot1:storager] TEMP6000 rd  a=6000 mask=ff00 data=0000 pc=0030e4
[:slot1:storager] TEMP6000 rd  a=6000 mask=00ff data=0000 pc=0030e4
[:slot1:storager] TEMP6000 rd  a=6002 mask=ff00 data=0000 pc=0030e4
[:slot1:storager] TEMP6000 rd  a=6002 mask=00ff data=0000 pc=0030e4
[:slot1:storager] TEMP6000 rd  a=6004 mask=ff00 data=0000 pc=0030e4
[:slot1:storager] TEMP6000 rd  a=6004 mask=00ff data=0000 pc=0030e4
[:slot1:storager] TEMP6000 rd  a=6006 mask=ff00 data=0000 pc=0030e4
[:slot1:storager] TEMP6000 rd  a=6006 mask=00ff data=0000 pc=0030e4
[:slot1:storager] TEMP6000 rd  a=6008 mask=ff00 data=0000 pc=0030e4
[:slot1:storager] TEMP6000 rd  a=6008 mask=00ff data=0000 pc=0030e4
[:slot1:storager] TEMP6000 rd  a=600a mask=ff00 data=0000 pc=0030e4
[:slot1:storager] TEMP6000 rd  a=600a mask=00ff data=0000 pc=0030e4
[:slot1:storager] TEMP6000 rd  a=600c mask=ff00 data=0000 pc=0030e4
[:slot1:storager] TEMP6000 rd  a=600c mask=00ff data=0000 pc=0030e4
[:slot1:storager] TEMP6000 rd  a=600e mask=ff00 data=0000 pc=0030e4
[:slot1:storager] TEMP6000 rd  a=600e mask=00ff data=0000 pc=0030e4
[:slot1:storager] TEMP6000 mem 6000: 00 00 00 00 00 00 00 00 00 00 00 00 00 00 00 00 
[:slot1:storager] TEMP6000 rd  a=6010 mask=ff00 data=0000 pc=0030e4
[:slot1:storager] TEMP6000 rd  a=6010 mask=00ff data=0000 pc=0030e4
[:slot1:storager] TEMP6000 rd  a=6012 mask=ff00 data=0000 pc=0030e4
[:slot1:storager] TEMP6000 rd  a=6012 mask=00ff data=0000 pc=0030e4
[:slot1:storager] TEMP6000 rd  a=6014 mask=ff00 data=0000 pc=0030e4
[:slot1:storager] TEMP6000 rd  a=6014 mask=00ff data=0000 pc=0030e4
[:slot1:storager] TEMP6000 rd  a=6016 mask=ff00 data=0000 pc=0030e4
[:slot1:storager] TEMP6000 rd  a=6016 mask=00ff data=0000 pc=0030e4
[:slot1:storager] TEMP6000 rd  a=6018 mask=ff00 data=0000 pc=0030e4
[:slot1:storager] TEMP6000 rd  a=6018 mask=00ff data=0000 pc=0030e4
[:slot1:storager] TEMP6000 rd  a=601a mask=ff00 data=0000 pc=0030e4
[:slot1:storager] TEMP6000 rd  a=601a mask=00ff data=0000 pc=0030e4
[:slot1:storager] TEMP6000 rd  a=601c mask=ff00 data=0000 pc=0030e4
[:slot1:storager] TEMP6000 rd  a=601c mask=00ff data=0000 pc=0030e4
[:slot1:storager] TEMP6000 rd  a=601e mask=ff00 data=0000 pc=0030e4
[:slot1:storager] TEMP6000 rd  a=601e mask=00ff data=0000 pc=0030e4
[:slot1:storager] TEMP6000 mem 6010: 00 00 00 00 00 00 00 00 00 00 00 00 00 00 00 00 
[:slot1:storager] TEMP6000 rd  a=6020 mask=ff00 data=0000 pc=0030e4
[:slot1:storager] TEMP6000 rd  a=6020 mask=00ff data=0000 pc=0030e4
[:slot1:storager] TEMP6000 rd  a=6022 mask=ff00 data=0000 pc=0030e4
[:slot1:storager] TEMP6000 rd  a=6022 mask=00ff data=0000 pc=0030e4
[:slot1:storager] TEMP6000 rd  a=6024 mask=ff00 data=0000 pc=0030e4
[:slot1:storager] TEMP6000 rd  a=6024 mask=00ff data=0000 pc=0030e4
[:slot1:storager] TEMP6000 rd  a=6026 mask=ff00 data=0000 pc=0030e4
[:slot1:storager] TEMP6000 rd  a=6026 mask=00ff data=0000 pc=0030e4
[:slot1:storager] TEMP6000 rd  a=6028 mask=ff00 data=0000 pc=0030e4
[:slot1:storager] TEMP6000 rd  a=6028 mask=00ff data=0000 pc=0030e4
[:slot1:storager] TEMP6000 rd  a=602a mask=ff00 data=0000 pc=0030e4
[:slot1:storager] TEMP6000 rd  a=602a mask=00ff data=0000 pc=0030e4
[:slot1:storager] TEMP6000 rd  a=602c mask=ff00 data=0000 pc=0030e4
[:slot1:storager] TEMP6000 rd  a=602c mask=00ff data=0000 pc=0030e4
[:slot1:storager] TEMP6000 rd  a=602e mask=ff00 data=0000 pc=0030e4
[:slot1:storager] TEMP6000 rd  a=602e mask=00ff data=0000 pc=0030e4
[:slot1:storager] TEMP6000 mem 6020: 00 00 00 00 00 00 00 00 00 00 00 00 00 00 00 00 
[:slot1:storager] TEMP6000 rd  a=6030 mask=ff00 data=0000 pc=0030e4
[:slot1:storager] TEMP6000 rd  a=6030 mask=00ff data=0000 pc=0030e4
[:slot1:storager] TEMP6000 rd  a=6032 mask=ff00 data=0000 pc=0030e4
[:slot1:storager] TEMP6000 rd  a=6032 mask=00ff data=0000 pc=0030e4
[:slot1:storager] TEMP6000 rd  a=6034 mask=ff00 data=0000 pc=0030e4
[:slot1:storager] TEMP6000 rd  a=6034 mask=00ff data=0000 pc=0030e4
[:slot1:storager] TEMP6000 rd  a=6036 mask=ff00 data=0000 pc=0030e4
[:slot1:storager] TEMP6000 rd  a=6036 mask=00ff data=0000 pc=0030e4
[:slot1:storager] TEMP6000 rd  a=6038 mask=ff00 data=0000 pc=0030e4
[:slot1:storager] TEMP6000 rd  a=6038 mask=00ff data=0000 pc=0030e4
[:slot1:storager] TEMP6000 rd  a=603a mask=ff00 data=0000 pc=0030e4
[:slot1:storager] TEMP6000 rd  a=603a mask=00ff data=0000 pc=0030e4
[:slot1:storager] TEMP6000 rd  a=603c mask=ff00 data=0000 pc=0030e4
[:slot1:storager] TEMP6000 rd  a=603c mask=00ff data=0000 pc=0030e4
[:slot1:storager] TEMP6000 rd  a=603e mask=ff00 data=0000 pc=0030e4
[:slot1:storager] TEMP6000 rd  a=603e mask=00ff data=0000 pc=0030e4
[:slot1:storager] TEMP6000 mem 6030: 00 00 00 00 00 00 00 00 00 00 00 00 00 00 00 00 
[:slot1:storager] TEMP6000 rd  a=6040 mask=ff00 data=0000 pc=0030e4
[:slot1:storager] TEMP6000 rd  a=6040 mask=00ff data=0000 pc=0030e4
[:slot1:storager] TEMP6000 rd  a=6042 mask=ff00 data=0000 pc=0030e4
[:slot1:storager] TEMP6000 rd  a=6042 mask=00ff data=0000 pc=0030e4
[:slot1:storager] TEMP6000 rd  a=6044 mask=ff00 data=0000 pc=0030e4
[:slot1:storager] TEMP6000 rd  a=6044 mask=00ff data=0000 pc=0030e4
[:slot1:storager] TEMP6000 rd  a=6046 mask=ff00 data=0000 pc=0030e4
[:slot1:storager] TEMP6000 rd  a=6046 mask=00ff data=0000 pc=0030e4
[:slot1:storager] TEMP6000 rd  a=6048 mask=ff00 data=0000 pc=0030e4
[:slot1:storager] TEMP6000 rd  a=6048 mask=00ff data=0000 pc=0030e4
[:slot1:storager] TEMP6000 rd  a=604a mask=ff00 data=0000 pc=0030e4
[:slot1:storager] TEMP6000 rd  a=604a mask=00ff data=0000 pc=0030e4
[:slot1:storager] TEMP6000 rd  a=604c mask=ff00 data=0000 pc=0030e4
[:slot1:storager] TEMP6000 rd  a=604c mask=00ff data=0000 pc=0030e4
[:slot1:storager] TEMP6000 rd  a=604e mask=ff00 data=0000 pc=0030e4
[:slot1:storager] TEMP6000 rd  a=604e mask=00ff data=0000 pc=0030e4
[:slot1:storager] TEMP6000 mem 6040: 00 00 00 00 00 00 00 00 00 00 00 00 00 00 00 00 
[:slot1:storager] TEMP6000 rd  a=6050 mask=ff00 data=0000 pc=0030e4
[:slot1:storager] TEMP6000 rd  a=6050 mask=00ff data=0000 pc=0030e4
[:slot1:storager] TEMP6000 rd  a=6052 mask=ff00 data=0000 pc=0030e4
[:slot1:storager] TEMP6000 rd  a=6052 mask=00ff data=0000 pc=0030e4
[:slot1:storager] TEMP6000 rd  a=6054 mask=ff00 data=0000 pc=0030e4
[:slot1:storager] TEMP6000 rd  a=6054 mask=00ff data=0000 pc=0030e4
[:slot1:storager] TEMP6000 rd  a=6056 mask=ff00 data=0000 pc=0030e4
[:slot1:storager] TEMP6000 rd  a=6056 mask=00ff data=0000 pc=0030e4
[:slot1:storager] TEMP6000 rd  a=6058 mask=ff00 data=0000 pc=0030e4
[:slot1:storager] TEMP6000 rd  a=6058 mask=00ff data=0000 pc=0030e4
[:slot1:storager] TEMP6000 rd  a=605a mask=ff00 data=0000 pc=0030e4
[:slot1:storager] TEMP6000 rd  a=605a mask=00ff data=0000 pc=0030e4
[:slot1:storager] TEMP6000 rd  a=605c mask=ff00 data=0000 pc=0030e4
[:slot1:storager] TEMP6000 rd  a=605c mask=00ff data=0000 pc=0030e4
[:slot1:storager] TEMP6000 rd  a=605e mask=ff00 data=0000 pc=0030e4
[:slot1:storager] TEMP6000 rd  a=605e mask=00ff data=0000 pc=0030e4
[:slot1:storager] TEMP6000 mem 6050: 00 00 00 00 00 00 00 00 00 00 00 00 00 00 00 00 
[:slot1:storager] TEMP6000 rd  a=6060 mask=ff00 data=0000 pc=0030e4
[:slot1:storager] TEMP6000 rd  a=6060 mask=00ff data=0000 pc=0030e4
[:slot1:storager] TEMP6000 rd  a=6062 mask=ff00 data=0000 pc=0030e4
[:slot1:storager] TEMP6000 rd  a=6062 mask=00ff data=0000 pc=0030e4
[:slot1:storager] TEMP6000 rd  a=6064 mask=ff00 data=0000 pc=0030e4
[:slot1:storager] TEMP6000 rd  a=6064 mask=00ff data=0000 pc=0030e4
[:slot1:storager] TEMP6000 rd  a=6066 mask=ff00 data=0000 pc=0030e4
[:slot1:storager] TEMP6000 rd  a=6066 mask=00ff data=0000 pc=0030e4
[:slot1:storager] TEMP6000 rd  a=6068 mask=ff00 data=0000 pc=0030e4
[:slot1:storager] TEMP6000 rd  a=6068 mask=00ff data=0000 pc=0030e4
[:slot1:storager] TEMP6000 rd  a=606a mask=ff00 data=0000 pc=0030e4
[:slot1:storager] TEMP6000 rd  a=606a mask=00ff data=0000 pc=0030e4
[:slot1:storager] TEMP6000 rd  a=606c mask=ff00 data=0000 pc=0030e4
[:slot1:storager] TEMP6000 rd  a=606c mask=00ff data=0000 pc=0030e4
[:slot1:storager] TEMP6000 rd  a=606e mask=ff00 data=0000 pc=0030e4
[:slot1:storager] TEMP6000 rd  a=606e mask=00ff data=0000 pc=0030e4
[:slot1:storager] TEMP6000 mem 6060: 00 00 00 00 00 00 00 00 00 00 00 00 00 00 00 00 
[:slot1:storager] TEMP6000 rd  a=6070 mask=ff00 data=0000 pc=0030e4
[:slot1:storager] TEMP6000 rd  a=6070 mask=00ff data=0000 pc=0030e4
[:slot1:storager] TEMP6000 rd  a=6072 mask=ff00 data=0000 pc=0030e4
[:slot1:storager] TEMP6000 rd  a=6072 mask=00ff data=0000 pc=0030e4
[:slot1:storager] TEMP6000 rd  a=6074 mask=ff00 data=0000 pc=0030e4
[:slot1:storager] TEMP6000 rd  a=6074 mask=00ff data=0000 pc=0030e4
[:slot1:storager] TEMP6000 rd  a=6076 mask=ff00 data=0000 pc=0030e4
[:slot1:storager] TEMP6000 rd  a=6076 mask=00ff data=0000 pc=0030e4
[:slot1:storager] TEMP6000 rd  a=6078 mask=ff00 data=0000 pc=0030e4
[:slot1:storager] TEMP6000 rd  a=6078 mask=00ff data=0000 pc=0030e4
[:slot1:storager] TEMP6000 rd  a=607a mask=ff00 data=0000 pc=0030e4
[:slot1:storager] TEMP6000 rd  a=607a mask=00ff data=0000 pc=0030e4
[:slot1:storager] TEMP6000 rd  a=607c mask=ff00 data=0000 pc=0030e4
[:slot1:storager] TEMP6000 rd  a=607c mask=00ff data=0000 pc=0030e4
[:slot1:storager] TEMP6000 rd  a=607e mask=ff00 data=0000 pc=0030e4
[:slot1:storager] TEMP6000 rd  a=607e mask=00ff data=0000 pc=0030e4
[:slot1:storager] TEMP6000 mem 6070: 00 00 00 00 00 00 00 00 00 00 00 00 00 00 00 00 
[:slot1:storager] GA  2919319.5us wr    e800=2a5d pc=0030e8
[:slot1:storager] GA  2919324.1us wr    e800=2abd pc=0030dc
[:slot1:storager] GA  2919325.5us C800  c800=001c pc=0030e0
[:slot1:storager] TEMPC800 cell[00] <= 001c  A2=006e8c D1=00 D0=1c D5=01 [7938]=6e84
[:slot1:storager] TEMP6000 rd  a=6000 mask=00ff data=0000 pc=0030e4
[:slot1:storager] GA  2919328.1us wr    e800=2a5d pc=0030e8
[:slot1:storager] GA  2919332.7us wr    e800=2abd pc=0030dc
[:slot1:storager] GA  2919334.1us C800  c800=001d pc=0030e0
[:slot1:storager] TEMPC800 cell[00] <= 001d  A2=006e8f D1=00 D0=1d D5=00 [7938]=6e84
[:slot1:storager] TEMP6000 rd  a=6000 mask=ff00 data=0000 pc=0030e4
[:slot1:storager] GA  2919336.7us wr    e800=2a5d pc=0030e8
[:slot1:storager] GA  2919341.3us wr    e800=2abd pc=0030dc
[:slot1:storager] GA  2919342.7us C800  c800=001d pc=0030e0
[:slot1:storager] TEMPC800 cell[00] <= 001d  A2=006e92 D1=00 D0=1d D5=01 [7938]=6e84
[:slot1:storager] TEMP6000 rd  a=6000 mask=00ff data=0000 pc=0030e4
[:slot1:storager] GA  2919345.3us wr    e800=2a5d pc=0030e8
[:slot1:storager] GA  2919349.9us wr    e800=2abd pc=0030dc
[:slot1:storager] GA  2919351.3us C800  c800=003f pc=0030e0
[:slot1:storager] TEMPC800 cell[00] <= 003f  A2=006e95 D1=00 D0=3f D5=00 [7938]=6e84
[:slot1:storager] TEMP6000 rd  a=6000 mask=ff00 data=0000 pc=0030e4
[:slot1:storager] GA  2919353.9us wr    e800=2a5d pc=0030e8
[:slot1:storager] GA  2919358.5us wr    e800=2abd pc=0030dc
[:slot1:storager] GA  2919359.9us C800  c800=003f pc=0030e0
[:slot1:storager] TEMPC800 cell[00] <= 003f  A2=006e98 D1=00 D0=3f D5=01 [7938]=6e84
[:slot1:storager] TEMP6000 rd  a=6000 mask=00ff data=0000 pc=0030e4
[:slot1:storager] GA  2919362.5us wr    e800=2a5d pc=0030e8
[:slot1:storager] GA  2919367.1us wr    e800=2abd pc=0030dc
[:slot1:storager] GA  2919368.5us C800  c802=0001 pc=0030e0
[:slot1:storager] TEMPC800 cell[01] <= 0001  A2=006e9b D1=02 D0=01 D5=01 [7938]=6e84
[:slot1:storager] TEMP6000 rd  a=6000 mask=00ff data=0000 pc=0030e4
[:slot1:storager] GA  2919371.1us wr    e800=2a5d pc=0030e8
[:slot1:storager] GA  2919375.7us wr    e800=2abd pc=0030dc
[:slot1:storager] GA  2919377.1us C800  c802=001f pc=0030e0
[:slot1:storager] TEMPC800 cell[01] <= 001f  A2=006e9e D1=02 D0=1f D5=01 [7938]=6e84
[:slot1:storager] TEMP6000 rd  a=6000 mask=00ff data=0000 pc=0030e4
[:slot1:storager] GA  2919379.7us wr    e800=2a5d pc=0030e8
[:slot1:storager] GA  2919384.3us wr    e800=2abd pc=0030dc
[:slot1:storager] GA  2919385.7us C800  c87e=003f pc=0030e0
[:slot1:storager] TEMPC800 cell[3f] <= 003f  A2=006ea1 D1=7e D0=3f D5=01 [7938]=6e84
[:slot1:storager] TEMP6000 rd  a=6000 mask=00ff data=0000 pc=0030e4
[:slot1:storager] GA  2919388.3us wr    e800=2a5d pc=0030e8
[:slot1:storager] GA  2919392.9us wr    e800=2abd pc=0030dc
[:slot1:storager] GA  2919394.3us C800  c87e=003f pc=0030e0
[:slot1:storager] TEMPC800 cell[3f] <= 003f  A2=006ea4 D1=7e D0=3f D5=01 [7938]=6e84
[:slot1:storager] TEMP6000 rd  a=6000 mask=00ff data=0000 pc=0030e4
[:slot1:storager] GA  2919396.9us wr    e800=2a5d pc=0030e8
[:slot1:storager] GA  2919401.5us wr    e800=2abd pc=0030dc
[:slot1:storager] GA  2919402.9us C800  c87e=003f pc=0030e0
[:slot1:storager] TEMPC800 cell[3f] <= 003f  A2=006ea7 D1=7e D0=3f D5=01 [7938]=6e84
[:slot1:storager] TEMP6000 rd  a=6000 mask=00ff data=0000 pc=0030e4
[:slot1:storager] GA  2919405.5us wr    e800=2a5d pc=0030e8
[:slot1:storager] GA  2919410.1us wr    e800=2abd pc=0030dc
[:slot1:storager] GA  2919411.5us C800  c87e=003f pc=0030e0
[:slot1:storager] TEMPC800 cell[3f] <= 003f  A2=006eaa D1=7e D0=3f D5=01 [7938]=6e84
[:slot1:storager] TEMP6000 rd  a=6000 mask=00ff data=0000 pc=0030e4
[:slot1:storager] GA  2919414.1us wr    e800=2a5d pc=0030e8
[:slot1:storager] GA  2919418.7us wr    e800=2abd pc=0030dc
[:slot1:storager] GA  2919420.1us C800  c87e=003f pc=0030e0
[:slot1:storager] TEMPC800 cell[3f] <= 003f  A2=006ead D1=7e D0=3f D5=01 [7938]=6e84
[:slot1:storager] TEMP6000 rd  a=6000 mask=00ff data=0000 pc=0030e4
[:slot1:storager] GA  2919422.7us wr    e800=2a5d pc=0030e8
[:slot1:storager] GA  2919427.3us wr    e800=2abd pc=0030dc
[:slot1:storager] GA  2919428.7us C800  c87e=003f pc=0030e0
[:slot1:storager] TEMPC800 cell[3f] <= 003f  A2=006eb0 D1=7e D0=3f D5=01 [7938]=6e84
[:slot1:storager] TEMP6000 rd  a=6000 mask=00ff data=0000 pc=0030e4
[:slot1:storager] GA  2919431.3us wr    e800=2a5d pc=0030e8
[:slot1:storager] GA  2919435.9us wr    e800=2abd pc=0030dc
[:slot1:storager] GA  2919437.3us C800  c87e=003f pc=0030e0
[:slot1:storager] TEMPC800 cell[3f] <= 003f  A2=006eb3 D1=7e D0=3f D5=01 [7938]=6e84
[:slot1:storager] TEMP6000 rd  a=6000 mask=00ff data=0000 pc=0030e4
[:slot1:storager] GA  2919439.9us wr    e800=2a5d pc=0030e8
[:slot1:storager] GA  2919444.5us wr    e800=2abd pc=0030dc
[:slot1:storager] GA  2919445.9us C800  c87e=003f pc=0030e0
[:slot1:storager] TEMPC800 cell[3f] <= 003f  A2=006eb6 D1=7e D0=3f D5=01 [7938]=6e84
[:slot1:storager] TEMP6000 rd  a=6000 mask=00ff data=0000 pc=0030e4
[:slot1:storager] GA  2919448.5us wr    e800=2a5d pc=0030e8
[:slot1:storager] GA  2919462.1us wr    e000=0a6d pc=00310e
[:slot1:storager] GA  2919464.3us wr    e002=0829 pc=00310e
[:slot1:storager] GA  2919466.5us wr    e004=0033 pc=00310e
[:slot1:storager] GA  2919468.7us wr    e006=0a6d pc=00310e
[:slot1:storager] GA  2919470.9us wr    e008=0a09 pc=00310e
[:slot1:storager] GA  2919473.1us wr    e00a=0a09 pc=00310e
[:slot1:storager] GA  2919475.3us wr    e00c=0a09 pc=00310e
[:slot1:storager] GA  2919477.5us wr    e00e=0a09 pc=00310e
[:slot1:storager] GA  2919479.7us wr    e010=0a09 pc=00310e
[:slot1:storager] GA  2919481.9us wr    e012=0809 pc=00310e
[:slot1:storager] GA  2919484.1us wr    e014=0829 pc=00310e
[:slot1:storager] GA  2919486.3us wr    e016=083b pc=00310e
[:slot1:storager] GA  2919488.5us wr    e018=023f pc=00310e
[:slot1:storager] GA  2919490.7us wr    e01a=023f pc=00310e
[:slot1:storager] GA  2919492.9us wr    e01c=023f pc=00310e
[:slot1:storager] GA  2919495.1us wr    e01e=023f pc=00310e
[:slot1:storager] TEMPPROG start: 16 descriptors (port$3F pushes=8) [7abc]=0008: (00,17) (00,1c) (00,1d) (00,1d) (00,3f) (00,3f) (01,01) (01,1f) (3f,3f) (3f,3f) (3f,3f) (3f,3f) (3f,3f) (3f,3f) (3f,3f) (3f,3f) 
[:slot1:storager] UIB +10..1f: 10 97 40 18 06 02 00 02 46 03 50 00 ff ff ff ff  | ctr2count(+13)=18 spinup(+14)=06 step(+19)=03
[:slot1:storager] VECTOR IRQ3: handler[72f8] = 00000000
[:slot1:storager] VECTOR IRQ5: handler[7300] = 000029c0
[:slot1:storager] VECTOR IRQ6: handler[7304] = 0000298c
[:slot1:storager] VECTOR autovectors: L3@006c=000026a2 L5@0074=000026a8 L6@0078=000026ae
[:slot1:storager] CHUNKTBL slot 0: addr=4000  +2=ff00  +4=0000
[:slot1:storager] CHUNKTBL slot 1: addr=4080  +2=ff00  +4=0000
[:slot1:storager] CHUNKTBL slot 2: addr=4100  +2=ff00  +4=0000
[:slot1:storager] CHUNKTBL slot 3: addr=4180  +2=ff00  +4=0000
[:slot1:storager] CHUNKTBL slot 4: addr=4200  +2=ff00  +4=0000
[:slot1:storager] CHUNKTBL slot 5: addr=4280  +2=ff00  +4=0000
[:slot1:storager] CHUNKTBL slot 6: addr=4300  +2=ff00  +4=0000
[:slot1:storager] CHUNKTBL slot 7: addr=4380  +2=ff00  +4=0000
[:slot1:storager] CHUNKTBL slot 8: addr=4400  +2=ff00  +4=0000
[:slot1:storager] CHUNKTBL slot 9: addr=4480  +2=ff00  +4=0000
[:slot1:storager] TRACK n=16 len=128 physical R order: 1 2 3 4 5 6 7 8 9 10 11 12 13 14 15 16 
[:slot1:storager] TEMPH  2919496.9us op18rts     alt=0 741e=0000 743a=748a 74b4=0000 7462=0000 7a30=0100
[:slot1:storager] PHASE  2919535.5us [727e] <= 0000 pc=00a374
[:slot1:storager] CTX  2919535.5us [727e] <= 0000 pc=00a374 IPL=0
[:slot1:storager] GA  2919595.1us IRQ6  0000=0009 pc=00a382
[:slot1:storager] TEMPH  2919606.7us verify      alt=1 741e=0000 743a=748a 74b4=0000 7462=0000 7a30=0100
[:slot1:storager] CNT  2919621.1us [79a4] <= ffff pc=008a3c
[:slot1:storager] GA  2919623.3us rd    e01e=023f pc=008ab8
[:slot1:storager] GA  2919631.3us wr    e802=40d7 pc=0088ba
[:slot1:storager] GA  2919634.5us wr    e802=40d7 pc=0088c2
[:slot1:storager] GA  2919636.9us rd    e01e=023f pc=0088ca
[:slot1:storager] GA  2919640.1us C800  c83e=0000 pc=0088d4
[:slot1:storager] TEMPC800 cell[1f] <= 0000 pc=0088d4
[:slot1:storager] GA  2919648.5us wr    e802=c2d7 pc=008916
[:slot1:storager] GA  2919649.7us wr    e000=022f pc=00891a
[:slot1:storager] GA  2919651.3us rd    e000=022f pc=008922
[:slot1:storager] GA  2919653.1us rd    e000=022f pc=008922
[:slot1:storager] GA  2919654.9us rd    e000=022f pc=008922
[:slot1:storager] GA  2919656.7us rd    e000=022f pc=008922
[:slot1:storager] GA  2919658.5us rd    e000=022f pc=008922
[:slot1:storager] GA  2919660.3us rd    e000=022f pc=008922
[:slot1:storager] GA  2919662.1us rd    e000=022f pc=008922
[:slot1:storager] GA  2919663.9us rd    e000=022f pc=008922
[:slot1:storager] GA  2919665.7us rd    e000=022f pc=008922
[:slot1:storager] GA  2919667.5us rd    e000=022f pc=008922
[:slot1:storager] GA  2919669.3us rd    e000=022f pc=008922
[:slot1:storager] GA  2919671.1us rd    e000=022f pc=008922
[:slot1:storager] GA  2919672.9us rd    e000=022f pc=008922
[:slot1:storager] GA  2919674.7us rd    e000=022f pc=008922
[:slot1:storager] GA  2919676.5us rd    e000=022f pc=008922
[:slot1:storager] GA  2919678.3us rd    e000=022f pc=008922
[:slot1:storager] GA  2919680.1us rd    e000=022f pc=008922
[:slot1:storager] GA  2919682.7us wr    e000=023f pc=008928
[:slot1:storager] GA  2919683.5us rd    e000=023f pc=00892c
[:slot1:storager] GA  2919686.7us wr    e802=42d7 pc=008932
[:slot1:storager] GA  2919688.3us wr    e000=0a6d pc=008936
[:slot1:storager] TEMPPROG start: 16 descriptors (port$3F pushes=8) [7abc]=0008: (00,17) (00,1c) (00,1d) (00,1d) (00,3f) (00,3f) (01,01) (01,1f) (3f,3f) (3f,3f) (3f,3f) (3f,3f) (3f,3f) (3f,3f) (3f,3f) (3f,3f) 
[:slot1:storager] GA  2919694.7us D800  7dac=3ed6 pc=008990
[:slot1:storager] GA  2919697.1us C800  c800=0000 pc=00899a
[:slot1:storager] TEMPC800 cell[00] <= 0000 pc=00899a
[:slot1:storager] GA  2919703.5us wr    e802=aad7 pc=0089b2
[:slot1:storager] GA  2919707.7us rd    e000=0a6d pc=0089ce
[:slot1:storager] TEMPH  2919713.1us verify      alt=0 741e=0000 743a=748a 74b4=0000 7462=0000 7a30=0100
[:slot1:storager] OP4A  2919763.3us [7968]=0000 [796c]=0000 [7b10]=0000 [741c]=0000 [741e]=0000 [74ac]=74c4 [7956]=0000
[:slot1:storager] AAPATH  2919767.3us [7b10] <= ffff pc=006ed6  [7968]=0000
[:slot1:storager] CTX  2919767.3us [7b10] <= ffff pc=006ed6 IPL=7  <-- IN ISR
[:slot1:storager] AAPATH  2919771.1us [7b10] <= 0000 pc=006f3a  [7968]=0000
[:slot1:storager] CTX  2919771.1us [7b10] <= 0000 pc=006f3a IPL=7  <-- IN ISR
[:slot1:storager] REMAIN  2919781.5us [7956] <= 0008 pc=006f5c
[:slot1:storager] DESC  2919783.9us [7958] word<=0000 mask=ffff pc=006f62 | [7abe]=00000000 [7958]=00000000 [7abc]=0008
[:slot1:storager] DESC  2919784.3us [7958] word<=0000 mask=ffff pc=006f62 | [7abe]=00000000 [7958]=00000000 [7abc]=0008
[:slot1:storager] AABOUND UIB+00..0f: 02 10 80 00 07 07 01 08 02 01 00 01 00 00 00 00 
[:slot1:storager] AABOUND ledger[0..31]: c0 ff ff ff ff ff ff ff ff fe fe fe fe fe fe fe fe fe fe fe fe fe fe fe fe fe c0 c0 c0 c0 c0 c0 
[:slot1:storager] LEDGER  2919916.9us [766e] pos=26  <= aa  <=== 0xAA BOUNDARY | [7954]=0001 node=6e60 n+1=10 [7956]=0008 [7abc]=0008 pc=00706c
[:slot1:storager] CTX  2919925.9us [796c] <= 0000 pc=007094 IPL=0
[:slot1:storager] TEMPH  2919927.1us SECDEC      alt=0 741e=0000 743a=748a 74b4=0000 7462=0000 7a30=0100
[:slot1:storager] REMAIN  2919929.5us [7956] <= 0008 pc=0070a0
[:slot1:storager] A30  2919931.7us [7a30] <= 0001 pc=0070d4
[:slot1:storager] CTX  2919931.7us [7a30] <= 0001 pc=0070d4 IPL=0
[:slot1:storager] XSTATE  2919933.3us [7968] <= 0000
[:slot1:storager] PHASE  2919933.3us [7968] <= 0000 pc=0070da
[:slot1:storager] CTX  2919933.3us [7968] <= 0000 pc=0070da IPL=0
[:slot1:storager] TEMPH  2919934.1us gate-791a   alt=0 741e=0000 743a=748a 74b4=0000 7462=0000 7a30=0001
[:slot1:storager] ACCEPT  2919934.5us [7428] <= 0001 pc=0070e0
[:slot1:storager] CTX  2919934.5us [7428] <= 0001 pc=0070e0 IPL=0
[:slot1:storager] OP42  2919968.7us node[71bc]=71f0 [798e]=0001 node=6e60 n+12=40 (bit1=0 bit7=0) [7a36]=0001 | [7a40]=0000 [7a3e]=0000 n+18=0000
[:slot1:storager] GA  2919992.3us wr    e802=aad3 pc=006c4c
[:slot1:storager] QHEAD  2920026.1us [7370] <= 730c pc=002a6a
[:slot1:storager] QHEAD  2920028.5us [736e] <= 7360 pc=002a72
[:slot1:storager] QHEAD  2920031.3us [736c] <= 7360 pc=002a80
[:slot1:storager] GUARD  2920044.1us [7a40] <= 7360 pc=002aa8
[:slot1:storager] CTX  2920044.1us [7a40] <= 7360 pc=002aa8 IPL=0
[:slot1:storager] OP42  2920141.3us node[71bc]=71f0 [798e]=0001 node=6e60 n+12=40 (bit1=0 bit7=0) [7a36]=0001 | [7a40]=7360 [7a3e]=0000 n+18=0000
[:slot1:storager] OP42  2920245.9us node[71bc]=71f0 [798e]=0001 node=6e60 n+12=40 (bit1=0 bit7=0) [7a36]=0001 | [7a40]=7360 [7a3e]=0000 n+18=0000
[:slot1:storager] OP42  2920350.5us node[71bc]=71f0 [798e]=0001 node=6e60 n+12=40 (bit1=0 bit7=0) [7a36]=0001 | [7a40]=7360 [7a3e]=0000 n+18=0000
[:slot1:storager] OP42  2920455.1us node[71bc]=71f0 [798e]=0001 node=6e60 n+12=40 (bit1=0 bit7=0) [7a36]=0001 | [7a40]=7360 [7a3e]=0000 n+18=0000
[:slot1:storager] OP42  2920559.7us node[71bc]=71f0 [798e]=0001 node=6e60 n+12=40 (bit1=0 bit7=0) [7a36]=0001 | [7a40]=7360 [7a3e]=0000 n+18=0000
[:slot1:storager] OP42  2920664.3us node[71bc]=71f0 [798e]=0001 node=6e60 n+12=40 (bit1=0 bit7=0) [7a36]=0001 | [7a40]=7360 [7a3e]=0000 n+18=0000
[:slot1:storager] OP42  2920768.9us node[71bc]=71f0 [798e]=0001 node=6e60 n+12=40 (bit1=0 bit7=0) [7a36]=0001 | [7a40]=7360 [7a3e]=0000 n+18=0000
[:slot1:storager] OP42  2920873.5us node[71bc]=71f0 [798e]=0001 node=6e60 n+12=40 (bit1=0 bit7=0) [7a36]=0001 | [7a40]=7360 [7a3e]=0000 n+18=0000
[:slot1:storager] GA  2921588.3us IRQ5  0000=0009 pc=00156a
[:slot1:storager] TEMPH  2921601.9us setup       alt=1 741e=0000 743a=748a 74b4=0000 7462=0000 7a30=0001
[:slot1:storager] GA  2921614.5us wr    e802=a2d3 pc=007bd0
[:slot1:storager] GA  2921616.5us wr    e802=aad3 pc=007bd8
[:slot1:storager] XSTATE  2921665.1us [741c] <= 0001
[:slot1:storager] PHASE  2921665.1us [741c] <= 0001 pc=007d5c
[:slot1:storager] CTX  2921665.1us [741c] <= 0001 pc=007d5c IPL=7  <-- IN ISR
[:slot1:storager] CNT  2921670.9us [79a4] <= fffe pc=007d9c
[:slot1:storager] GA  2921679.3us wr    e802=a8d3 pc=0088ba
[:slot1:storager] GA  2921682.5us wr    e802=20d3 pc=0088c2
[:slot1:storager] GA  2921684.9us rd    e01e=023f pc=0088ca
[:slot1:storager] GA  2921688.1us C800  c83e=0000 pc=0088d4
[:slot1:storager] TEMPC800 cell[1f] <= 0000 pc=0088d4
[:slot1:storager] GA  2921696.5us wr    e802=a2d3 pc=008916
[:slot1:storager] GA  2921697.7us wr    e000=022f pc=00891a
[:slot1:storager] GA  2921699.3us rd    e000=022f pc=008922
[:slot1:storager] GA  2921701.1us rd    e000=022f pc=008922
[:slot1:storager] GA  2921702.9us rd    e000=022f pc=008922
[:slot1:storager] GA  2921704.7us rd    e000=022f pc=008922
[:slot1:storager] GA  2921706.5us rd    e000=022f pc=008922
[:slot1:storager] GA  2921708.3us rd    e000=022f pc=008922
[:slot1:storager] GA  2921710.1us rd    e000=022f pc=008922
[:slot1:storager] GA  2921711.9us rd    e000=022f pc=008922
[:slot1:storager] GA  2921713.7us rd    e000=022f pc=008922
[:slot1:storager] GA  2921715.5us rd    e000=022f pc=008922
[:slot1:storager] GA  2921717.3us rd    e000=022f pc=008922
[:slot1:storager] GA  2921719.1us rd    e000=022f pc=008922
[:slot1:storager] GA  2921720.9us rd    e000=022f pc=008922
[:slot1:storager] GA  2921722.7us rd    e000=022f pc=008922
[:slot1:storager] GA  2921724.5us rd    e000=022f pc=008922
[:slot1:storager] GA  2921726.3us rd    e000=022f pc=008922
[:slot1:storager] GA  2921728.1us rd    e000=022f pc=008922
[:slot1:storager] GA  2921730.7us wr    e000=023f pc=008928
[:slot1:storager] GA  2921731.5us rd    e000=023f pc=00892c
[:slot1:storager] GA  2921734.7us wr    e802=22d3 pc=008932
[:slot1:storager] GA  2921736.3us wr    e000=0a6d pc=008936
[:slot1:storager] TEMPPROG start: 16 descriptors (port$3F pushes=8) [7abc]=0008: (00,17) (00,1c) (00,1d) (00,1d) (00,3f) (00,3f) (01,01) (01,1f) (3f,3f) (3f,3f) (3f,3f) (3f,3f) (3f,3f) (3f,3f) (3f,3f) (3f,3f) 
[:slot1:storager] GA  2921742.7us D800  7dac=3ed6 pc=008990
[:slot1:storager] GA  2921745.1us C800  c800=0000 pc=00899a
[:slot1:storager] TEMPC800 cell[00] <= 0000 pc=00899a
[:slot1:storager] GA  2921751.5us wr    e802=aad3 pc=0089b2
[:slot1:storager] GA  2921755.7us rd    e000=0a6d pc=0089ce
[:slot1:storager] TEMPH  2921761.1us verify      alt=0 741e=0000 743a=748a 74b4=0000 7462=0000 7a30=0001
[:slot1:storager] TEMPSTAGE sec=9 R=0a -> chunk=0000 | accepted[7428]=0001 ptr[741e]=0000 pool[74ac]=74c4 remain[7956]=0008 | 796a=0001 7958=00000000 ledger[7654+01]=ff
[:slot1:storager] GA  2930436.3us IRQ5  0000=000a pc=0022b6
[:slot1:storager] TEMPH  2930450.9us setup       alt=1 741e=0000 743a=748a 74b4=0000 7462=0000 7a30=0001
[:slot1:storager] GA  2930463.5us wr    e802=a2d3 pc=007bd0
[:slot1:storager] GA  2930465.5us wr    e802=aad3 pc=007bd8
[:slot1:storager] XSTATE  2930500.7us [741c] <= 0001
[:slot1:storager] PHASE  2930500.7us [741c] <= 0001 pc=007d5c
[:slot1:storager] CTX  2930500.7us [741c] <= 0001 pc=007d5c IPL=7  <-- IN ISR
[:slot1:storager] CNT  2930506.5us [79a4] <= fffd pc=007d9c
[:slot1:storager] GA  2930514.9us wr    e802=a8d3 pc=0088ba
[:slot1:storager] GA  2930518.1us wr    e802=20d3 pc=0088c2
[:slot1:storager] GA  2930520.5us rd    e01e=023f pc=0088ca
[:slot1:storager] GA  2930523.7us C800  c83e=0000 pc=0088d4
[:slot1:storager] TEMPC800 cell[1f] <= 0000 pc=0088d4
[:slot1:storager] GA  2930532.1us wr    e802=a2d3 pc=008916
[:slot1:storager] GA  2930533.3us wr    e000=022f pc=00891a
[:slot1:storager] GA  2930534.9us rd    e000=022f pc=008922
[:slot1:storager] GA  2930536.7us rd    e000=022f pc=008922
[:slot1:storager] GA  2930538.5us rd    e000=022f pc=008922
[:slot1:storager] GA  2930540.3us rd    e000=022f pc=008922
[:slot1:storager] GA  2930542.1us rd    e000=022f pc=008922
[:slot1:storager] GA  2930543.9us rd    e000=022f pc=008922
[:slot1:storager] GA  2930545.7us rd    e000=022f pc=008922
[:slot1:storager] GA  2930547.5us rd    e000=022f pc=008922
[:slot1:storager] GA  2930549.3us rd    e000=022f pc=008922
[:slot1:storager] GA  2930551.1us rd    e000=022f pc=008922
[:slot1:storager] GA  2930552.9us rd    e000=022f pc=008922
[:slot1:storager] GA  2930554.7us rd    e000=022f pc=008922
[:slot1:storager] GA  2930556.5us rd    e000=022f pc=008922
[:slot1:storager] GA  2930558.3us rd    e000=022f pc=008922
[:slot1:storager] GA  2930560.1us rd    e000=022f pc=008922
[:slot1:storager] GA  2930561.9us rd    e000=022f pc=008922
[:slot1:storager] GA  2930563.7us rd    e000=022f pc=008922
[:slot1:storager] GA  2930566.3us wr    e000=023f pc=008928
[:slot1:storager] GA  2930567.1us rd    e000=023f pc=00892c
[:slot1:storager] GA  2930570.3us wr    e802=22d3 pc=008932
[:slot1:storager] GA  2930571.9us wr    e000=0a6d pc=008936
[:slot1:storager] TEMPPROG start: 16 descriptors (port$3F pushes=8) [7abc]=0008: (00,17) (00,1c) (00,1d) (00,1d) (00,3f) (00,3f) (01,01) (01,1f) (3f,3f) (3f,3f) (3f,3f) (3f,3f) (3f,3f) (3f,3f) (3f,3f) (3f,3f) 
[:slot1:storager] GA  2930578.3us D800  7dac=3ed6 pc=008990
[:slot1:storager] GA  2930580.7us C800  c800=0000 pc=00899a
[:slot1:storager] TEMPC800 cell[00] <= 0000 pc=00899a
[:slot1:storager] GA  2930587.1us wr    e802=aad3 pc=0089b2
[:slot1:storager] GA  2930591.3us rd    e000=0a6d pc=0089ce
[:slot1:storager] TEMPH  2930596.7us verify      alt=0 741e=0000 743a=748a 74b4=0000 7462=0000 7a30=0001
[:slot1:storager] GA  2933071.9us IRQ6  0000=000a pc=0015c8
[:slot1:storager] TEMPH  2933083.7us verify      alt=1 741e=0000 743a=748a 74b4=0000 7462=0000 7a30=0001
[:slot1:storager] CNT  2933098.1us [79a4] <= fffc pc=008a3c
[:slot1:storager] GA  2933100.3us rd    e01e=023f pc=008ab8
[:slot1:storager] GA  2933108.3us wr    e802=a8d3 pc=0088ba
[:slot1:storager] GA  2933111.5us wr    e802=20d3 pc=0088c2
[:slot1:storager] GA  2933113.9us rd    e01e=023f pc=0088ca
[:slot1:storager] GA  2933117.1us C800  c83e=0000 pc=0088d4
[:slot1:storager] TEMPC800 cell[1f] <= 0000 pc=0088d4
[:slot1:storager] GA  2933125.5us wr    e802=a2d3 pc=008916
[:slot1:storager] GA  2933126.7us wr    e000=022f pc=00891a
[:slot1:storager] GA  2933128.3us rd    e000=022f pc=008922
[:slot1:storager] GA  2933130.1us rd    e000=022f pc=008922
[:slot1:storager] GA  2933131.9us rd    e000=022f pc=008922
[:slot1:storager] GA  2933133.7us rd    e000=022f pc=008922
[:slot1:storager] GA  2933135.5us rd    e000=022f pc=008922
[:slot1:storager] GA  2933137.3us rd    e000=022f pc=008922
[:slot1:storager] GA  2933139.1us rd    e000=022f pc=008922
[:slot1:storager] GA  2933140.9us rd    e000=022f pc=008922
[:slot1:storager] GA  2933142.7us rd    e000=022f pc=008922
[:slot1:storager] GA  2933144.5us rd    e000=022f pc=008922
[:slot1:storager] GA  2933146.3us rd    e000=022f pc=008922
[:slot1:storager] GA  2933148.1us rd    e000=022f pc=008922
[:slot1:storager] GA  2933149.9us rd    e000=022f pc=008922
[:slot1:storager] GA  2933151.7us rd    e000=022f pc=008922
[:slot1:storager] GA  2933153.5us rd    e000=022f pc=008922
[:slot1:storager] GA  2933155.3us rd    e000=022f pc=008922
[:slot1:storager] GA  2933157.1us rd    e000=022f pc=008922
[:slot1:storager] GA  2933159.7us wr    e000=023f pc=008928
[:slot1:storager] GA  2933160.5us rd    e000=023f pc=00892c
[:slot1:storager] GA  2933163.7us wr    e802=22d3 pc=008932
[:slot1:storager] GA  2933165.3us wr    e000=0a6d pc=008936
[:slot1:storager] TEMPPROG start: 16 descriptors (port$3F pushes=8) [7abc]=0008: (00,17) (00,1c) (00,1d) (00,1d) (00,3f) (00,3f) (01,01) (01,1f) (3f,3f) (3f,3f) (3f,3f) (3f,3f) (3f,3f) (3f,3f) (3f,3f) (3f,3f) 
[:slot1:storager] GA  2933171.7us D800  7dac=3ed6 pc=008990
[:slot1:storager] GA  2933174.1us C800  c800=0000 pc=00899a
[:slot1:storager] TEMPC800 cell[00] <= 0000 pc=00899a
[:slot1:storager] GA  2933180.5us wr    e802=aad3 pc=0089b2
[:slot1:storager] GA  2933184.7us rd    e000=0a6d pc=0089ce
[:slot1:storager] TEMPH  2933190.1us verify      alt=0 741e=0000 743a=748a 74b4=0000 7462=0000 7a30=0001
[:slot1:storager] GA  2934665.3us IRQ5  0000=000a pc=0015c8
[:slot1:storager] TEMPH  2934678.9us setup       alt=1 741e=0000 743a=748a 74b4=0000 7462=0000 7a30=0001
[:slot1:storager] GA  2934691.5us wr    e802=a2d3 pc=007bd0
[:slot1:storager] GA  2934693.5us wr    e802=aad3 pc=007bd8
[:slot1:storager] XSTATE  2934728.7us [741c] <= 0001
[:slot1:storager] PHASE  2934728.7us [741c] <= 0001 pc=007d5c
[:slot1:storager] CTX  2934728.7us [741c] <= 0001 pc=007d5c IPL=7  <-- IN ISR
[:slot1:storager] CNT  2934734.5us [79a4] <= fffb pc=007d9c
[:slot1:storager] GA  2934742.9us wr    e802=a8d3 pc=0088ba
[:slot1:storager] GA  2934746.1us wr    e802=20d3 pc=0088c2
[:slot1:storager] GA  2934748.5us rd    e01e=023f pc=0088ca
[:slot1:storager] GA  2934751.7us C800  c83e=0000 pc=0088d4
[:slot1:storager] TEMPC800 cell[1f] <= 0000 pc=0088d4
[:slot1:storager] GA  2934760.1us wr    e802=a2d3 pc=008916
[:slot1:storager] GA  2934761.3us wr    e000=022f pc=00891a
[:slot1:storager] GA  2934762.9us rd    e000=022f pc=008922
[:slot1:storager] GA  2934764.7us rd    e000=022f pc=008922
[:slot1:storager] GA  2934766.5us rd    e000=022f pc=008922
[:slot1:storager] GA  2934768.3us rd    e000=022f pc=008922
[:slot1:storager] GA  2934770.1us rd    e000=022f pc=008922
[:slot1:storager] GA  2934771.9us rd    e000=022f pc=008922
[:slot1:storager] GA  2934773.7us rd    e000=022f pc=008922
[:slot1:storager] GA  2934775.5us rd    e000=022f pc=008922
[:slot1:storager] GA  2934777.3us rd    e000=022f pc=008922
[:slot1:storager] GA  2934779.1us rd    e000=022f pc=008922
[:slot1:storager] GA  2934780.9us rd    e000=022f pc=008922
[:slot1:storager] GA  2934782.7us rd    e000=022f pc=008922
[:slot1:storager] GA  2934784.5us rd    e000=022f pc=008922
[:slot1:storager] GA  2934786.3us rd    e000=022f pc=008922
[:slot1:storager] GA  2934788.1us rd    e000=022f pc=008922
[:slot1:storager] GA  2934789.9us rd    e000=022f pc=008922
[:slot1:storager] GA  2934791.7us rd    e000=022f pc=008922
[:slot1:storager] GA  2934794.3us wr    e000=023f pc=008928
[:slot1:storager] GA  2934795.1us rd    e000=023f pc=00892c
[:slot1:storager] GA  2934798.3us wr    e802=22d3 pc=008932
[:slot1:storager] GA  2934799.9us wr    e000=0a6d pc=008936
[:slot1:storager] TEMPPROG start: 16 descriptors (port$3F pushes=8) [7abc]=0008: (00,17) (00,1c) (00,1d) (00,1d) (00,3f) (00,3f) (01,01) (01,1f) (3f,3f) (3f,3f) (3f,3f) (3f,3f) (3f,3f) (3f,3f) (3f,3f) (3f,3f) 
[:slot1:storager] GA  2934806.3us D800  7dac=3ed6 pc=008990
[:slot1:storager] GA  2934808.7us C800  c800=0000 pc=00899a
[:slot1:storager] TEMPC800 cell[00] <= 0000 pc=00899a
[:slot1:storager] GA  2934815.1us wr    e802=aad3 pc=0089b2
[:slot1:storager] GA  2934819.3us rd    e000=0a6d pc=0089ce
[:slot1:storager] TEMPH  2934824.7us verify      alt=0 741e=0000 743a=748a 74b4=0000 7462=0000 7a30=0001
[:slot1:storager] TEMPSTAGE sec=10 R=0b -> chunk=0000 | accepted[7428]=0001 ptr[741e]=0000 pool[74ac]=74c4 remain[7956]=0008 | 796a=0001 7958=00000000 ledger[7654+01]=ff
[:slot1:storager] GA  2943299.9us IRQ5  0000=000b pc=006cde
[:slot1:storager] TEMPH  2943314.9us setup       alt=1 741e=0000 743a=748a 74b4=0000 7462=0000 7a30=0001
[:slot1:storager] GA  2943327.5us wr    e802=a2d3 pc=007bd0
[:slot1:storager] GA  2943329.5us wr    e802=aad3 pc=007bd8
[:slot1:storager] XSTATE  2943364.7us [741c] <= 0001
[:slot1:storager] PHASE  2943364.7us [741c] <= 0001 pc=007d5c
[:slot1:storager] CTX  2943364.7us [741c] <= 0001 pc=007d5c IPL=7  <-- IN ISR
[:slot1:storager] CNT  2943370.5us [79a4] <= fffa pc=007d9c
[:slot1:storager] GA  2943378.9us wr    e802=a8d3 pc=0088ba
[:slot1:storager] GA  2943382.1us wr    e802=20d3 pc=0088c2
[:slot1:storager] GA  2943384.5us rd    e01e=023f pc=0088ca
[:slot1:storager] GA  2943387.7us C800  c83e=0000 pc=0088d4
[:slot1:storager] TEMPC800 cell[1f] <= 0000 pc=0088d4
[:slot1:storager] GA  2943396.1us wr    e802=a2d3 pc=008916
[:slot1:storager] GA  2943397.3us wr    e000=022f pc=00891a
[:slot1:storager] GA  2943398.9us rd    e000=022f pc=008922
[:slot1:storager] GA  2943400.7us rd    e000=022f pc=008922
[:slot1:storager] GA  2943402.5us rd    e000=022f pc=008922
[:slot1:storager] GA  2943404.3us rd    e000=022f pc=008922
[:slot1:storager] GA  2943406.1us rd    e000=022f pc=008922
[:slot1:storager] GA  2943407.9us rd    e000=022f pc=008922
[:slot1:storager] GA  2943409.7us rd    e000=022f pc=008922
[:slot1:storager] GA  2943411.5us rd    e000=022f pc=008922
[:slot1:storager] GA  2943413.3us rd    e000=022f pc=008922
[:slot1:storager] GA  2943415.1us rd    e000=022f pc=008922
[:slot1:storager] GA  2943416.9us rd    e000=022f pc=008922
[:slot1:storager] GA  2943418.7us rd    e000=022f pc=008922
[:slot1:storager] GA  2943420.5us rd    e000=022f pc=008922
[:slot1:storager] GA  2943422.3us rd    e000=022f pc=008922
[:slot1:storager] GA  2943424.1us rd    e000=022f pc=008922
[:slot1:storager] GA  2943425.9us rd    e000=022f pc=008922
[:slot1:storager] GA  2943427.7us rd    e000=022f pc=008922
[:slot1:storager] GA  2943430.3us wr    e000=023f pc=008928
[:slot1:storager] GA  2943431.1us rd    e000=023f pc=00892c
[:slot1:storager] GA  2943434.3us wr    e802=22d3 pc=008932
[:slot1:storager] GA  2943435.9us wr    e000=0a6d pc=008936
[:slot1:storager] TEMPPROG start: 16 descriptors (port$3F pushes=8) [7abc]=0008: (00,17) (00,1c) (00,1d) (00,1d) (00,3f) (00,3f) (01,01) (01,1f) (3f,3f) (3f,3f) (3f,3f) (3f,3f) (3f,3f) (3f,3f) (3f,3f) (3f,3f) 
[:slot1:storager] GA  2943442.3us D800  7dac=3ed6 pc=008990
[:slot1:storager] GA  2943444.7us C800  c800=0000 pc=00899a
[:slot1:storager] TEMPC800 cell[00] <= 0000 pc=00899a
[:slot1:storager] GA  2943451.1us wr    e802=aad3 pc=0089b2
[:slot1:storager] GA  2943455.3us rd    e000=0a6d pc=0089ce
[:slot1:storager] TEMPH  2943460.7us verify      alt=0 741e=0000 743a=748a 74b4=0000 7462=0000 7a30=0001
[:slot1:storager] TICK  2943996.5us head[736c]=7360 [736e]=7360 [7370]=730c [7b12]=0000 [7a36]=0001 [7a38]=0000
[:slot1:storager] GA  2944015.9us wr    e800=285d pc=002bc2
[:slot1:storager] PIT  2944017.5us ff8000 <= ffff mask=00ff pc=002bc4
[:slot1:storager] GA  2944020.3us wr    e800=2a5d pc=002bce
[:slot1:storager] GA  2945335.9us IRQ6  0000=000b pc=0022ba
[:slot1:storager] TEMPH  2945347.7us verify      alt=1 741e=0000 743a=748a 74b4=0000 7462=0000 7a30=0001
[:slot1:storager] CNT  2945362.1us [79a4] <= fff9 pc=008a3c
[:slot1:storager] GA  2945364.3us rd    e01e=023f pc=008ab8
[:slot1:storager] GA  2945372.3us wr    e802=a8d3 pc=0088ba
[:slot1:storager] GA  2945375.5us wr    e802=20d3 pc=0088c2
[:slot1:storager] GA  2945377.9us rd    e01e=023f pc=0088ca
[:slot1:storager] GA  2945381.1us C800  c83e=0000 pc=0088d4
[:slot1:storager] TEMPC800 cell[1f] <= 0000 pc=0088d4
[:slot1:storager] GA  2945389.5us wr    e802=a2d3 pc=008916
[:slot1:storager] GA  2945390.7us wr    e000=022f pc=00891a
[:slot1:storager] GA  2945392.3us rd    e000=022f pc=008922
[:slot1:storager] GA  2945394.1us rd    e000=022f pc=008922
[:slot1:storager] GA  2945395.9us rd    e000=022f pc=008922
[:slot1:storager] GA  2945397.7us rd    e000=022f pc=008922
[:slot1:storager] GA  2945399.5us rd    e000=022f pc=008922
[:slot1:storager] GA  2945401.3us rd    e000=022f pc=008922
[:slot1:storager] GA  2945403.1us rd    e000=022f pc=008922
[:slot1:storager] GA  2945404.9us rd    e000=022f pc=008922
[:slot1:storager] GA  2945406.7us rd    e000=022f pc=008922
[:slot1:storager] GA  2945408.5us rd    e000=022f pc=008922
[:slot1:storager] GA  2945410.3us rd    e000=022f pc=008922
[:slot1:storager] GA  2945412.1us rd    e000=022f pc=008922
[:slot1:storager] GA  2945413.9us rd    e000=022f pc=008922
[:slot1:storager] GA  2945415.7us rd    e000=022f pc=008922
[:slot1:storager] GA  2945417.5us rd    e000=022f pc=008922
[:slot1:storager] GA  2945419.3us rd    e000=022f pc=008922
[:slot1:storager] GA  2945421.1us rd    e000=022f pc=008922
[:slot1:storager] GA  2945423.7us wr    e000=023f pc=008928
[:slot1:storager] GA  2945424.5us rd    e000=023f pc=00892c
[:slot1:storager] GA  2945427.7us wr    e802=22d3 pc=008932
[:slot1:storager] GA  2945429.3us wr    e000=0a6d pc=008936
[:slot1:storager] TEMPPROG start: 16 descriptors (port$3F pushes=8) [7abc]=0008: (00,17) (00,1c) (00,1d) (00,1d) (00,3f) (00,3f) (01,01) (01,1f) (3f,3f) (3f,3f) (3f,3f) (3f,3f) (3f,3f) (3f,3f) (3f,3f) (3f,3f) 
[:slot1:storager] GA  2945435.7us D800  7dac=3ed6 pc=008990
[:slot1:storager] GA  2945438.1us C800  c800=0000 pc=00899a
[:slot1:storager] TEMPC800 cell[00] <= 0000 pc=00899a
[:slot1:storager] GA  2945444.5us wr    e802=aad3 pc=0089b2
[:slot1:storager] GA  2945448.7us rd    e000=0a6d pc=0089ce
[:slot1:storager] TEMPH  2945454.1us verify      alt=0 741e=0000 743a=748a 74b4=0000 7462=0000 7a30=0001
[:slot1:storager] GA  2947929.3us IRQ5  0000=000b pc=0015c8
[:slot1:storager] TEMPH  2947942.9us setup       alt=1 741e=0000 743a=748a 74b4=0000 7462=0000 7a30=0001
[:slot1:storager] GA  2947955.5us wr    e802=a2d3 pc=007bd0
[:slot1:storager] GA  2947957.5us wr    e802=aad3 pc=007bd8
[:slot1:storager] XSTATE  2947992.7us [741c] <= 0001
[:slot1:storager] PHASE  2947992.7us [741c] <= 0001 pc=007d5c
[:slot1:storager] CTX  2947992.7us [741c] <= 0001 pc=007d5c IPL=7  <-- IN ISR
[:slot1:storager] CNT  2947998.5us [79a4] <= fff8 pc=007d9c
[:slot1:storager] GA  2948006.9us wr    e802=a8d3 pc=0088ba
[:slot1:storager] GA  2948010.1us wr    e802=20d3 pc=0088c2
[:slot1:storager] GA  2948012.5us rd    e01e=023f pc=0088ca
[:slot1:storager] GA  2948015.7us C800  c83e=0000 pc=0088d4
[:slot1:storager] TEMPC800 cell[1f] <= 0000 pc=0088d4
[:slot1:storager] GA  2948024.1us wr    e802=a2d3 pc=008916
[:slot1:storager] GA  2948025.3us wr    e000=022f pc=00891a
[:slot1:storager] GA  2948026.9us rd    e000=022f pc=008922
[:slot1:storager] GA  2948028.7us rd    e000=022f pc=008922
[:slot1:storager] GA  2948030.5us rd    e000=022f pc=008922
[:slot1:storager] GA  2948032.3us rd    e000=022f pc=008922
[:slot1:storager] GA  2948034.1us rd    e000=022f pc=008922
[:slot1:storager] GA  2948035.9us rd    e000=022f pc=008922
[:slot1:storager] GA  2948037.7us rd    e000=022f pc=008922
[:slot1:storager] GA  2948039.5us rd    e000=022f pc=008922
[:slot1:storager] GA  2948041.3us rd    e000=022f pc=008922
[:slot1:storager] GA  2948043.1us rd    e000=022f pc=008922
[:slot1:storager] GA  2948044.9us rd    e000=022f pc=008922
[:slot1:storager] GA  2948046.7us rd    e000=022f pc=008922
[:slot1:storager] GA  2948048.5us rd    e000=022f pc=008922
[:slot1:storager] GA  2948050.3us rd    e000=022f pc=008922
[:slot1:storager] GA  2948052.1us rd    e000=022f pc=008922
[:slot1:storager] GA  2948053.9us rd    e000=022f pc=008922
[:slot1:storager] GA  2948055.7us rd    e000=022f pc=008922
[:slot1:storager] GA  2948058.3us wr    e000=023f pc=008928
[:slot1:storager] GA  2948059.1us rd    e000=023f pc=00892c
[:slot1:storager] GA  2948062.3us wr    e802=22d3 pc=008932
[:slot1:storager] GA  2948063.9us wr    e000=0a6d pc=008936
[:slot1:storager] TEMPPROG start: 16 descriptors (port$3F pushes=8) [7abc]=0008: (00,17) (00,1c) (00,1d) (00,1d) (00,3f) (00,3f) (01,01) (01,1f) (3f,3f) (3f,3f) (3f,3f) (3f,3f) (3f,3f) (3f,3f) (3f,3f) (3f,3f) 
[:slot1:storager] GA  2948070.3us D800  7dac=3ed6 pc=008990
[:slot1:storager] GA  2948072.7us C800  c800=0000 pc=00899a
[:slot1:storager] TEMPC800 cell[00] <= 0000 pc=00899a
[:slot1:storager] GA  2948079.1us wr    e802=aad3 pc=0089b2
[:slot1:storager] GA  2948083.3us rd    e000=0a6d pc=0089ce
[:slot1:storager] TEMPH  2948088.7us verify      alt=0 741e=0000 743a=748a 74b4=0000 7462=0000 7a30=0001
[:slot1:storager] TEMPSTAGE sec=11 R=0c -> chunk=0000 | accepted[7428]=0001 ptr[741e]=0000 pool[74ac]=74c4 remain[7956]=0008 | 796a=0001 7958=00000000 ledger[7654+01]=ff
[:slot1:storager] GA  2956363.9us IRQ5  0000=000c pc=0015fc
[:slot1:storager] TEMPH  2956377.9us setup       alt=1 741e=0000 743a=748a 74b4=0000 7462=0000 7a30=0001
[:slot1:storager] GA  2956390.5us wr    e802=a2d3 pc=007bd0
[:slot1:storager] GA  2956392.5us wr    e802=aad3 pc=007bd8
[:slot1:storager] XSTATE  2956427.7us [741c] <= 0001
[:slot1:storager] PHASE  2956427.7us [741c] <= 0001 pc=007d5c
[:slot1:storager] CTX  2956427.7us [741c] <= 0001 pc=007d5c IPL=7  <-- IN ISR
[:slot1:storager] CNT  2956433.5us [79a4] <= fff7 pc=007d9c
[:slot1:storager] GA  2956441.9us wr    e802=a8d3 pc=0088ba
[:slot1:storager] GA  2956445.1us wr    e802=20d3 pc=0088c2
[:slot1:storager] GA  2956447.5us rd    e01e=023f pc=0088ca
[:slot1:storager] GA  2956450.7us C800  c83e=0000 pc=0088d4
[:slot1:storager] TEMPC800 cell[1f] <= 0000 pc=0088d4
[:slot1:storager] GA  2956459.1us wr    e802=a2d3 pc=008916
[:slot1:storager] GA  2956460.3us wr    e000=022f pc=00891a
[:slot1:storager] GA  2956461.9us rd    e000=022f pc=008922
[:slot1:storager] GA  2956463.7us rd    e000=022f pc=008922
[:slot1:storager] GA  2956465.5us rd    e000=022f pc=008922
[:slot1:storager] GA  2956467.3us rd    e000=022f pc=008922
[:slot1:storager] GA  2956469.1us rd    e000=022f pc=008922
[:slot1:storager] GA  2956470.9us rd    e000=022f pc=008922
[:slot1:storager] GA  2956472.7us rd    e000=022f pc=008922
[:slot1:storager] GA  2956474.5us rd    e000=022f pc=008922
[:slot1:storager] GA  2956476.3us rd    e000=022f pc=008922
[:slot1:storager] GA  2956478.1us rd    e000=022f pc=008922
[:slot1:storager] GA  2956479.9us rd    e000=022f pc=008922
[:slot1:storager] GA  2956481.7us rd    e000=022f pc=008922
[:slot1:storager] GA  2956483.5us rd    e000=022f pc=008922
[:slot1:storager] GA  2956485.3us rd    e000=022f pc=008922
[:slot1:storager] GA  2956487.1us rd    e000=022f pc=008922
[:slot1:storager] GA  2956488.9us rd    e000=022f pc=008922
[:slot1:storager] GA  2956490.7us rd    e000=022f pc=008922
[:slot1:storager] GA  2956493.3us wr    e000=023f pc=008928
[:slot1:storager] GA  2956494.1us rd    e000=023f pc=00892c
[:slot1:storager] GA  2956497.3us wr    e802=22d3 pc=008932
[:slot1:storager] GA  2956498.9us wr    e000=0a6d pc=008936
[:slot1:storager] TEMPPROG start: 16 descriptors (port$3F pushes=8) [7abc]=0008: (00,17) (00,1c) (00,1d) (00,1d) (00,3f) (00,3f) (01,01) (01,1f) (3f,3f) (3f,3f) (3f,3f) (3f,3f) (3f,3f) (3f,3f) (3f,3f) (3f,3f) 
[:slot1:storager] GA  2956505.3us D800  7dac=3ed6 pc=008990
[:slot1:storager] GA  2956507.7us C800  c800=0000 pc=00899a
[:slot1:storager] TEMPC800 cell[00] <= 0000 pc=00899a
[:slot1:storager] GA  2956514.1us wr    e802=aad3 pc=0089b2
[:slot1:storager] GA  2956518.3us rd    e000=0a6d pc=0089ce
[:slot1:storager] TEMPH  2956523.7us verify      alt=0 741e=0000 743a=748a 74b4=0000 7462=0000 7a30=0001
[:slot1:storager] GA  2958198.9us IRQ6  0000=000c pc=006ce2
[:slot1:storager] TEMPH  2958211.7us verify      alt=1 741e=0000 743a=748a 74b4=0000 7462=0000 7a30=0001
[:slot1:storager] CNT  2958226.1us [79a4] <= fff6 pc=008a3c
[:slot1:storager] GA  2958228.3us rd    e01e=023f pc=008ab8
[:slot1:storager] GA  2958236.3us wr    e802=a8d3 pc=0088ba
[:slot1:storager] GA  2958239.5us wr    e802=20d3 pc=0088c2
[:slot1:storager] GA  2958241.9us rd    e01e=023f pc=0088ca
[:slot1:storager] GA  2958245.1us C800  c83e=0000 pc=0088d4
[:slot1:storager] TEMPC800 cell[1f] <= 0000 pc=0088d4
[:slot1:storager] GA  2958253.5us wr    e802=a2d3 pc=008916
[:slot1:storager] GA  2958254.7us wr    e000=022f pc=00891a
[:slot1:storager] GA  2958256.3us rd    e000=022f pc=008922
[:slot1:storager] GA  2958258.1us rd    e000=022f pc=008922
[:slot1:storager] GA  2958259.9us rd    e000=022f pc=008922
[:slot1:storager] GA  2958261.7us rd    e000=022f pc=008922
[:slot1:storager] GA  2958263.5us rd    e000=022f pc=008922
[:slot1:storager] GA  2958265.3us rd    e000=022f pc=008922
[:slot1:storager] GA  2958267.1us rd    e000=022f pc=008922
[:slot1:storager] GA  2958268.9us rd    e000=022f pc=008922
[:slot1:storager] GA  2958270.7us rd    e000=022f pc=008922
[:slot1:storager] GA  2958272.5us rd    e000=022f pc=008922
[:slot1:storager] GA  2958274.3us rd    e000=022f pc=008922
[:slot1:storager] GA  2958276.1us rd    e000=022f pc=008922
[:slot1:storager] GA  2958277.9us rd    e000=022f pc=008922
[:slot1:storager] GA  2958279.7us rd    e000=022f pc=008922
[:slot1:storager] GA  2958281.5us rd    e000=022f pc=008922
[:slot1:storager] GA  2958283.3us rd    e000=022f pc=008922
[:slot1:storager] GA  2958285.1us rd    e000=022f pc=008922
[:slot1:storager] GA  2958287.7us wr    e000=023f pc=008928
[:slot1:storager] GA  2958288.5us rd    e000=023f pc=00892c
[:slot1:storager] GA  2958291.7us wr    e802=22d3 pc=008932
[:slot1:storager] GA  2958293.3us wr    e000=0a6d pc=008936
[:slot1:storager] TEMPPROG start: 16 descriptors (port$3F pushes=8) [7abc]=0008: (00,17) (00,1c) (00,1d) (00,1d) (00,3f) (00,3f) (01,01) (01,1f) (3f,3f) (3f,3f) (3f,3f) (3f,3f) (3f,3f) (3f,3f) (3f,3f) (3f,3f) 
[:slot1:storager] GA  2958299.7us D800  7dac=3ed6 pc=008990
[:slot1:storager] GA  2958302.1us C800  c800=0000 pc=00899a
[:slot1:storager] TEMPC800 cell[00] <= 0000 pc=00899a
[:slot1:storager] GA  2958308.5us wr    e802=aad3 pc=0089b2
[:slot1:storager] GA  2958312.7us rd    e000=0a6d pc=0089ce
[:slot1:storager] TEMPH  2958318.1us verify      alt=0 741e=0000 743a=748a 74b4=0000 7462=0000 7a30=0001
[:slot1:storager] GA  2960193.3us IRQ5  0000=000c pc=006bc2
[:slot1:storager] TEMPH  2960206.9us setup       alt=1 741e=0000 743a=748a 74b4=0000 7462=0000 7a30=0001
[:slot1:storager] GA  2960219.5us wr    e802=a2d3 pc=007bd0
[:slot1:storager] GA  2960221.5us wr    e802=aad3 pc=007bd8
[:slot1:storager] XSTATE  2960256.7us [741c] <= 0001
[:slot1:storager] PHASE  2960256.7us [741c] <= 0001 pc=007d5c
[:slot1:storager] CTX  2960256.7us [741c] <= 0001 pc=007d5c IPL=7  <-- IN ISR
[:slot1:storager] CNT  2960262.5us [79a4] <= fff5 pc=007d9c
[:slot1:storager] GA  2960270.9us wr    e802=a8d3 pc=0088ba
[:slot1:storager] GA  2960274.1us wr    e802=20d3 pc=0088c2
[:slot1:storager] GA  2960276.5us rd    e01e=023f pc=0088ca
[:slot1:storager] GA  2960279.7us C800  c83e=0000 pc=0088d4
[:slot1:storager] TEMPC800 cell[1f] <= 0000 pc=0088d4
[:slot1:storager] GA  2960288.1us wr    e802=a2d3 pc=008916
[:slot1:storager] GA  2960289.3us wr    e000=022f pc=00891a
[:slot1:storager] GA  2960290.9us rd    e000=022f pc=008922
[:slot1:storager] GA  2960292.7us rd    e000=022f pc=008922
[:slot1:storager] GA  2960294.5us rd    e000=022f pc=008922
[:slot1:storager] GA  2960296.3us rd    e000=022f pc=008922
[:slot1:storager] GA  2960298.1us rd    e000=022f pc=008922
[:slot1:storager] GA  2960299.9us rd    e000=022f pc=008922
[:slot1:storager] GA  2960301.7us rd    e000=022f pc=008922
[:slot1:storager] GA  2960303.5us rd    e000=022f pc=008922
[:slot1:storager] GA  2960305.3us rd    e000=022f pc=008922
[:slot1:storager] GA  2960307.1us rd    e000=022f pc=008922
[:slot1:storager] GA  2960308.9us rd    e000=022f pc=008922
[:slot1:storager] GA  2960310.7us rd    e000=022f pc=008922
[:slot1:storager] GA  2960312.5us rd    e000=022f pc=008922
[:slot1:storager] GA  2960314.3us rd    e000=022f pc=008922
[:slot1:storager] GA  2960316.1us rd    e000=022f pc=008922
[:slot1:storager] GA  2960317.9us rd    e000=022f pc=008922
[:slot1:storager] GA  2960319.7us rd    e000=022f pc=008922
[:slot1:storager] GA  2960322.3us wr    e000=023f pc=008928
[:slot1:storager] GA  2960323.1us rd    e000=023f pc=00892c
[:slot1:storager] GA  2960326.3us wr    e802=22d3 pc=008932
[:slot1:storager] GA  2960327.9us wr    e000=0a6d pc=008936
[:slot1:storager] TEMPPROG start: 16 descriptors (port$3F pushes=8) [7abc]=0008: (00,17) (00,1c) (00,1d) (00,1d) (00,3f) (00,3f) (01,01) (01,1f) (3f,3f) (3f,3f) (3f,3f) (3f,3f) (3f,3f) (3f,3f) (3f,3f) (3f,3f) 
[:slot1:storager] GA  2960334.3us D800  7dac=3ed6 pc=008990
[:slot1:storager] GA  2960336.7us C800  c800=0000 pc=00899a
[:slot1:storager] TEMPC800 cell[00] <= 0000 pc=00899a
[:slot1:storager] GA  2960343.1us wr    e802=aad3 pc=0089b2
[:slot1:storager] GA  2960347.3us rd    e000=0a6d pc=0089ce
[:slot1:storager] TEMPH  2960352.7us verify      alt=0 741e=0000 743a=748a 74b4=0000 7462=0000 7a30=0001
[:slot1:storager] TEMPSTAGE sec=12 R=0d -> chunk=0000 | accepted[7428]=0001 ptr[741e]=0000 pool[74ac]=74c4 remain[7956]=0008 | 796a=0001 7958=00000000 ledger[7654+01]=ff
[:slot1:storager] GA  2969027.9us IRQ5  0000=000d pc=001570
[:slot1:storager] TEMPH  2969041.9us setup       alt=1 741e=0000 743a=748a 74b4=0000 7462=0000 7a30=0001
[:slot1:storager] GA  2969054.5us wr    e802=a2d3 pc=007bd0
[:slot1:storager] GA  2969056.5us wr    e802=aad3 pc=007bd8
[:slot1:storager] XSTATE  2969091.7us [741c] <= 0001
[:slot1:storager] PHASE  2969091.7us [741c] <= 0001 pc=007d5c
[:slot1:storager] CTX  2969091.7us [741c] <= 0001 pc=007d5c IPL=7  <-- IN ISR
[:slot1:storager] CNT  2969097.5us [79a4] <= fff4 pc=007d9c
[:slot1:storager] GA  2969105.9us wr    e802=a8d3 pc=0088ba
[:slot1:storager] GA  2969109.1us wr    e802=20d3 pc=0088c2
[:slot1:storager] GA  2969111.5us rd    e01e=023f pc=0088ca
[:slot1:storager] GA  2969114.7us C800  c83e=0000 pc=0088d4
[:slot1:storager] TEMPC800 cell[1f] <= 0000 pc=0088d4
[:slot1:storager] GA  2969123.1us wr    e802=a2d3 pc=008916
[:slot1:storager] GA  2969124.3us wr    e000=022f pc=00891a
[:slot1:storager] GA  2969125.9us rd    e000=022f pc=008922
[:slot1:storager] GA  2969127.7us rd    e000=022f pc=008922
[:slot1:storager] GA  2969129.5us rd    e000=022f pc=008922
[:slot1:storager] GA  2969131.3us rd    e000=022f pc=008922
[:slot1:storager] GA  2969133.1us rd    e000=022f pc=008922
[:slot1:storager] GA  2969134.9us rd    e000=022f pc=008922
[:slot1:storager] GA  2969136.7us rd    e000=022f pc=008922
[:slot1:storager] GA  2969138.5us rd    e000=022f pc=008922
[:slot1:storager] GA  2969140.3us rd    e000=022f pc=008922
[:slot1:storager] GA  2969142.1us rd    e000=022f pc=008922
[:slot1:storager] GA  2969143.9us rd    e000=022f pc=008922
[:slot1:storager] GA  2969145.7us rd    e000=022f pc=008922
[:slot1:storager] GA  2969147.5us rd    e000=022f pc=008922
[:slot1:storager] GA  2969149.3us rd    e000=022f pc=008922
[:slot1:storager] GA  2969151.1us rd    e000=022f pc=008922
[:slot1:storager] GA  2969152.9us rd    e000=022f pc=008922
[:slot1:storager] GA  2969154.7us rd    e000=022f pc=008922
[:slot1:storager] GA  2969157.3us wr    e000=023f pc=008928
[:slot1:storager] GA  2969158.1us rd    e000=023f pc=00892c
[:slot1:storager] GA  2969161.3us wr    e802=22d3 pc=008932
[:slot1:storager] GA  2969162.9us wr    e000=0a6d pc=008936
[:slot1:storager] TEMPPROG start: 16 descriptors (port$3F pushes=8) [7abc]=0008: (00,17) (00,1c) (00,1d) (00,1d) (00,3f) (00,3f) (01,01) (01,1f) (3f,3f) (3f,3f) (3f,3f) (3f,3f) (3f,3f) (3f,3f) (3f,3f) (3f,3f) 
[:slot1:storager] GA  2969169.3us D800  7dac=3ed6 pc=008990
[:slot1:storager] GA  2969171.7us C800  c800=0000 pc=00899a
[:slot1:storager] TEMPC800 cell[00] <= 0000 pc=00899a
[:slot1:storager] GA  2969178.1us wr    e802=aad3 pc=0089b2
[:slot1:storager] GA  2969182.3us rd    e000=0a6d pc=0089ce
[:slot1:storager] TEMPH  2969187.7us verify      alt=0 741e=0000 743a=748a 74b4=0000 7462=0000 7a30=0001
[:slot1:storager] TICK  2970113.5us head[736c]=7360 [736e]=7360 [7370]=730c [7b12]=0000 [7a36]=0001 [7a38]=0000
[:slot1:storager] GA  2970132.9us wr    e800=285d pc=002bc2
[:slot1:storager] PIT  2970134.5us ff8000 <= ffff mask=00ff pc=002bc4
[:slot1:storager] GA  2970137.3us wr    e800=2a5d pc=002bce
[:slot1:storager] GA  2971262.9us IRQ6  0000=000d pc=0015fc
[:slot1:storager] TEMPH  2971275.7us verify      alt=1 741e=0000 743a=748a 74b4=0000 7462=0000 7a30=0001
[:slot1:storager] CNT  2971290.1us [79a4] <= fff3 pc=008a3c
[:slot1:storager] GA  2971292.3us rd    e01e=023f pc=008ab8
[:slot1:storager] GA  2971300.3us wr    e802=a8d3 pc=0088ba
[:slot1:storager] GA  2971303.5us wr    e802=20d3 pc=0088c2
[:slot1:storager] GA  2971305.9us rd    e01e=023f pc=0088ca
[:slot1:storager] GA  2971309.1us C800  c83e=0000 pc=0088d4
[:slot1:storager] TEMPC800 cell[1f] <= 0000 pc=0088d4
[:slot1:storager] GA  2971317.5us wr    e802=a2d3 pc=008916
[:slot1:storager] GA  2971318.7us wr    e000=022f pc=00891a
[:slot1:storager] GA  2971320.3us rd    e000=022f pc=008922
[:slot1:storager] GA  2971322.1us rd    e000=022f pc=008922
[:slot1:storager] GA  2971323.9us rd    e000=022f pc=008922
[:slot1:storager] GA  2971325.7us rd    e000=022f pc=008922
[:slot1:storager] GA  2971327.5us rd    e000=022f pc=008922
[:slot1:storager] GA  2971329.3us rd    e000=022f pc=008922
[:slot1:storager] GA  2971331.1us rd    e000=022f pc=008922
[:slot1:storager] GA  2971332.9us rd    e000=022f pc=008922
[:slot1:storager] GA  2971334.7us rd    e000=022f pc=008922
[:slot1:storager] GA  2971336.5us rd    e000=022f pc=008922
[:slot1:storager] GA  2971338.3us rd    e000=022f pc=008922
[:slot1:storager] GA  2971340.1us rd    e000=022f pc=008922
[:slot1:storager] GA  2971341.9us rd    e000=022f pc=008922
[:slot1:storager] GA  2971343.7us rd    e000=022f pc=008922
[:slot1:storager] GA  2971345.5us rd    e000=022f pc=008922
[:slot1:storager] GA  2971347.3us rd    e000=022f pc=008922
[:slot1:storager] GA  2971349.1us rd    e000=022f pc=008922
[:slot1:storager] GA  2971351.7us wr    e000=023f pc=008928
[:slot1:storager] GA  2971352.5us rd    e000=023f pc=00892c
[:slot1:storager] GA  2971355.7us wr    e802=22d3 pc=008932
[:slot1:storager] GA  2971357.3us wr    e000=0a6d pc=008936
[:slot1:storager] TEMPPROG start: 16 descriptors (port$3F pushes=8) [7abc]=0008: (00,17) (00,1c) (00,1d) (00,1d) (00,3f) (00,3f) (01,01) (01,1f) (3f,3f) (3f,3f) (3f,3f) (3f,3f) (3f,3f) (3f,3f) (3f,3f) (3f,3f) 
[:slot1:storager] GA  2971363.7us D800  7dac=3ed6 pc=008990
[:slot1:storager] GA  2971366.1us C800  c800=0000 pc=00899a
[:slot1:storager] TEMPC800 cell[00] <= 0000 pc=00899a
[:slot1:storager] GA  2971372.5us wr    e802=aad3 pc=0089b2
[:slot1:storager] GA  2971376.7us rd    e000=0a6d pc=0089ce
[:slot1:storager] TEMPH  2971382.1us verify      alt=0 741e=0000 743a=748a 74b4=0000 7462=0000 7a30=0001
[:slot1:storager] GA  2973057.3us IRQ5  0000=000d pc=006ce2
[:slot1:storager] TEMPH  2973070.9us setup       alt=1 741e=0000 743a=748a 74b4=0000 7462=0000 7a30=0001
[:slot1:storager] GA  2973083.5us wr    e802=a2d3 pc=007bd0
[:slot1:storager] GA  2973085.5us wr    e802=aad3 pc=007bd8
[:slot1:storager] XSTATE  2973120.7us [741c] <= 0001
[:slot1:storager] PHASE  2973120.7us [741c] <= 0001 pc=007d5c
[:slot1:storager] CTX  2973120.7us [741c] <= 0001 pc=007d5c IPL=7  <-- IN ISR
[:slot1:storager] CNT  2973126.5us [79a4] <= fff2 pc=007d9c
[:slot1:storager] GA  2973134.9us wr    e802=a8d3 pc=0088ba
[:slot1:storager] GA  2973138.1us wr    e802=20d3 pc=0088c2
[:slot1:storager] GA  2973140.5us rd    e01e=023f pc=0088ca
[:slot1:storager] GA  2973143.7us C800  c83e=0000 pc=0088d4
[:slot1:storager] TEMPC800 cell[1f] <= 0000 pc=0088d4
[:slot1:storager] GA  2973152.1us wr    e802=a2d3 pc=008916
[:slot1:storager] GA  2973153.3us wr    e000=022f pc=00891a
[:slot1:storager] GA  2973154.9us rd    e000=022f pc=008922
[:slot1:storager] GA  2973156.7us rd    e000=022f pc=008922
[:slot1:storager] GA  2973158.5us rd    e000=022f pc=008922
[:slot1:storager] GA  2973160.3us rd    e000=022f pc=008922
[:slot1:storager] GA  2973162.1us rd    e000=022f pc=008922
[:slot1:storager] GA  2973163.9us rd    e000=022f pc=008922
[:slot1:storager] GA  2973165.7us rd    e000=022f pc=008922
[:slot1:storager] GA  2973167.5us rd    e000=022f pc=008922
[:slot1:storager] GA  2973169.3us rd    e000=022f pc=008922
[:slot1:storager] GA  2973171.1us rd    e000=022f pc=008922
[:slot1:storager] GA  2973172.9us rd    e000=022f pc=008922
[:slot1:storager] GA  2973174.7us rd    e000=022f pc=008922
[:slot1:storager] GA  2973176.5us rd    e000=022f pc=008922
[:slot1:storager] GA  2973178.3us rd    e000=022f pc=008922
[:slot1:storager] GA  2973180.1us rd    e000=022f pc=008922
[:slot1:storager] GA  2973181.9us rd    e000=022f pc=008922
[:slot1:storager] GA  2973183.7us rd    e000=022f pc=008922
[:slot1:storager] GA  2973186.3us wr    e000=023f pc=008928
[:slot1:storager] GA  2973187.1us rd    e000=023f pc=00892c
[:slot1:storager] GA  2973190.3us wr    e802=22d3 pc=008932
[:slot1:storager] GA  2973191.9us wr    e000=0a6d pc=008936
[:slot1:storager] TEMPPROG start: 16 descriptors (port$3F pushes=8) [7abc]=0008: (00,17) (00,1c) (00,1d) (00,1d) (00,3f) (00,3f) (01,01) (01,1f) (3f,3f) (3f,3f) (3f,3f) (3f,3f) (3f,3f) (3f,3f) (3f,3f) (3f,3f) 
[:slot1:storager] GA  2973198.3us D800  7dac=3ed6 pc=008990
[:slot1:storager] GA  2973200.7us C800  c800=0000 pc=00899a
[:slot1:storager] TEMPC800 cell[00] <= 0000 pc=00899a
[:slot1:storager] GA  2973207.1us wr    e802=aad3 pc=0089b2
[:slot1:storager] GA  2973211.3us rd    e000=0a6d pc=0089ce
[:slot1:storager] TEMPH  2973216.7us verify      alt=0 741e=0000 743a=748a 74b4=0000 7462=0000 7a30=0001
[:slot1:storager] TEMPSTAGE sec=13 R=0e -> chunk=0000 | accepted[7428]=0001 ptr[741e]=0000 pool[74ac]=74c4 remain[7956]=0008 | 796a=0001 7958=00000000 ledger[7654+01]=ff
[:slot1:storager] GA  2981891.9us IRQ5  0000=000e pc=006bc6
[:slot1:storager] TEMPH  2981905.9us setup       alt=1 741e=0000 743a=748a 74b4=0000 7462=0000 7a30=0001
[:slot1:storager] GA  2981918.5us wr    e802=a2d3 pc=007bd0
[:slot1:storager] GA  2981920.5us wr    e802=aad3 pc=007bd8
[:slot1:storager] XSTATE  2981955.7us [741c] <= 0001
[:slot1:storager] PHASE  2981955.7us [741c] <= 0001 pc=007d5c
[:slot1:storager] CTX  2981955.7us [741c] <= 0001 pc=007d5c IPL=7  <-- IN ISR
[:slot1:storager] CNT  2981961.5us [79a4] <= fff1 pc=007d9c
[:slot1:storager] GA  2981969.9us wr    e802=a8d3 pc=0088ba
[:slot1:storager] GA  2981973.1us wr    e802=20d3 pc=0088c2
[:slot1:storager] GA  2981975.5us rd    e01e=023f pc=0088ca
[:slot1:storager] GA  2981978.7us C800  c83e=0000 pc=0088d4
[:slot1:storager] TEMPC800 cell[1f] <= 0000 pc=0088d4
[:slot1:storager] GA  2981987.1us wr    e802=a2d3 pc=008916
[:slot1:storager] GA  2981988.3us wr    e000=022f pc=00891a
[:slot1:storager] GA  2981989.9us rd    e000=022f pc=008922
[:slot1:storager] GA  2981991.7us rd    e000=022f pc=008922
[:slot1:storager] GA  2981993.5us rd    e000=022f pc=008922
[:slot1:storager] GA  2981995.3us rd    e000=022f pc=008922
[:slot1:storager] GA  2981997.1us rd    e000=022f pc=008922
[:slot1:storager] GA  2981998.9us rd    e000=022f pc=008922
[:slot1:storager] GA  2982000.7us rd    e000=022f pc=008922
[:slot1:storager] GA  2982002.5us rd    e000=022f pc=008922
[:slot1:storager] GA  2982004.3us rd    e000=022f pc=008922
[:slot1:storager] GA  2982006.1us rd    e000=022f pc=008922
[:slot1:storager] GA  2982007.9us rd    e000=022f pc=008922
[:slot1:storager] GA  2982009.7us rd    e000=022f pc=008922
[:slot1:storager] GA  2982011.5us rd    e000=022f pc=008922
[:slot1:storager] GA  2982013.3us rd    e000=022f pc=008922
[:slot1:storager] GA  2982015.1us rd    e000=022f pc=008922
[:slot1:storager] GA  2982016.9us rd    e000=022f pc=008922
[:slot1:storager] GA  2982018.7us rd    e000=022f pc=008922
[:slot1:storager] GA  2982021.3us wr    e000=023f pc=008928
[:slot1:storager] GA  2982022.1us rd    e000=023f pc=00892c
[:slot1:storager] GA  2982025.3us wr    e802=22d3 pc=008932
[:slot1:storager] GA  2982026.9us wr    e000=0a6d pc=008936
[:slot1:storager] TEMPPROG start: 16 descriptors (port$3F pushes=8) [7abc]=0008: (00,17) (00,1c) (00,1d) (00,1d) (00,3f) (00,3f) (01,01) (01,1f) (3f,3f) (3f,3f) (3f,3f) (3f,3f) (3f,3f) (3f,3f) (3f,3f) (3f,3f) 
[:slot1:storager] GA  2982033.3us D800  7dac=3ed6 pc=008990
[:slot1:storager] GA  2982035.7us C800  c800=0000 pc=00899a
[:slot1:storager] TEMPC800 cell[00] <= 0000 pc=00899a
[:slot1:storager] GA  2982042.1us wr    e802=aad3 pc=0089b2
[:slot1:storager] GA  2982046.3us rd    e000=0a6d pc=0089ce
[:slot1:storager] TEMPH  2982051.7us verify      alt=0 741e=0000 743a=748a 74b4=0000 7462=0000 7a30=0001
[:slot1:storager] GA  2983926.9us IRQ6  0000=000e pc=001574
[:slot1:storager] TEMPH  2983939.7us verify      alt=1 741e=0000 743a=748a 74b4=0000 7462=0000 7a30=0001
[:slot1:storager] CNT  2983954.1us [79a4] <= fff0 pc=008a3c
[:slot1:storager] GA  2983956.3us rd    e01e=023f pc=008ab8
[:slot1:storager] GA  2983964.3us wr    e802=a8d3 pc=0088ba
[:slot1:storager] GA  2983967.5us wr    e802=20d3 pc=0088c2
[:slot1:storager] GA  2983969.9us rd    e01e=023f pc=0088ca
[:slot1:storager] GA  2983973.1us C800  c83e=0000 pc=0088d4
[:slot1:storager] TEMPC800 cell[1f] <= 0000 pc=0088d4
[:slot1:storager] GA  2983981.5us wr    e802=a2d3 pc=008916
[:slot1:storager] GA  2983982.7us wr    e000=022f pc=00891a
[:slot1:storager] GA  2983984.3us rd    e000=022f pc=008922
[:slot1:storager] GA  2983986.1us rd    e000=022f pc=008922
[:slot1:storager] GA  2983987.9us rd    e000=022f pc=008922
[:slot1:storager] GA  2983989.7us rd    e000=022f pc=008922
[:slot1:storager] GA  2983991.5us rd    e000=022f pc=008922
[:slot1:storager] GA  2983993.3us rd    e000=022f pc=008922
[:slot1:storager] GA  2983995.1us rd    e000=022f pc=008922
[:slot1:storager] GA  2983996.9us rd    e000=022f pc=008922
[:slot1:storager] GA  2983998.7us rd    e000=022f pc=008922
[:slot1:storager] GA  2984000.5us rd    e000=022f pc=008922
[:slot1:storager] GA  2984002.3us rd    e000=022f pc=008922
[:slot1:storager] GA  2984004.1us rd    e000=022f pc=008922
[:slot1:storager] GA  2984005.9us rd    e000=022f pc=008922
[:slot1:storager] GA  2984007.7us rd    e000=022f pc=008922
[:slot1:storager] GA  2984009.5us rd    e000=022f pc=008922
[:slot1:storager] GA  2984011.3us rd    e000=022f pc=008922
[:slot1:storager] GA  2984013.1us rd    e000=022f pc=008922
[:slot1:storager] GA  2984015.7us wr    e000=023f pc=008928
[:slot1:storager] GA  2984016.5us rd    e000=023f pc=00892c
[:slot1:storager] GA  2984019.7us wr    e802=22d3 pc=008932
[:slot1:storager] GA  2984021.3us wr    e000=0a6d pc=008936
[:slot1:storager] TEMPPROG start: 16 descriptors (port$3F pushes=8) [7abc]=0008: (00,17) (00,1c) (00,1d) (00,1d) (00,3f) (00,3f) (01,01) (01,1f) (3f,3f) (3f,3f) (3f,3f) (3f,3f) (3f,3f) (3f,3f) (3f,3f) (3f,3f) 
[:slot1:storager] GA  2984027.7us D800  7dac=3ed6 pc=008990
[:slot1:storager] GA  2984030.1us C800  c800=0000 pc=00899a
[:slot1:storager] TEMPC800 cell[00] <= 0000 pc=00899a
[:slot1:storager] GA  2984036.5us wr    e802=aad3 pc=0089b2
[:slot1:storager] GA  2984040.7us rd    e000=0a6d pc=0089ce
[:slot1:storager] TEMPH  2984046.1us verify      alt=0 741e=0000 743a=748a 74b4=0000 7462=0000 7a30=0001
[:slot1:storager] GA  2985921.3us IRQ5  0000=000e pc=0022c0
[:slot1:storager] TEMPH  2985934.9us setup       alt=1 741e=0000 743a=748a 74b4=0000 7462=0000 7a30=0001
[:slot1:storager] GA  2985947.5us wr    e802=a2d3 pc=007bd0
[:slot1:storager] GA  2985949.5us wr    e802=aad3 pc=007bd8
[:slot1:storager] XSTATE  2985984.7us [741c] <= 0001
[:slot1:storager] PHASE  2985984.7us [741c] <= 0001 pc=007d5c
[:slot1:storager] CTX  2985984.7us [741c] <= 0001 pc=007d5c IPL=7  <-- IN ISR
[:slot1:storager] CNT  2985990.5us [79a4] <= ffef pc=007d9c
[:slot1:storager] GA  2985998.9us wr    e802=a8d3 pc=0088ba
[:slot1:storager] GA  2986002.1us wr    e802=20d3 pc=0088c2
[:slot1:storager] GA  2986004.5us rd    e01e=023f pc=0088ca
[:slot1:storager] GA  2986007.7us C800  c83e=0000 pc=0088d4
[:slot1:storager] TEMPC800 cell[1f] <= 0000 pc=0088d4
[:slot1:storager] GA  2986016.1us wr    e802=a2d3 pc=008916
[:slot1:storager] GA  2986017.3us wr    e000=022f pc=00891a
[:slot1:storager] GA  2986018.9us rd    e000=022f pc=008922
[:slot1:storager] GA  2986020.7us rd    e000=022f pc=008922
[:slot1:storager] GA  2986022.5us rd    e000=022f pc=008922
[:slot1:storager] GA  2986024.3us rd    e000=022f pc=008922
[:slot1:storager] GA  2986026.1us rd    e000=022f pc=008922
[:slot1:storager] GA  2986027.9us rd    e000=022f pc=008922
[:slot1:storager] GA  2986029.7us rd    e000=022f pc=008922
[:slot1:storager] GA  2986031.5us rd    e000=022f pc=008922
[:slot1:storager] GA  2986033.3us rd    e000=022f pc=008922
[:slot1:storager] GA  2986035.1us rd    e000=022f pc=008922
[:slot1:storager] GA  2986036.9us rd    e000=022f pc=008922
[:slot1:storager] GA  2986038.7us rd    e000=022f pc=008922
[:slot1:storager] GA  2986040.5us rd    e000=022f pc=008922
[:slot1:storager] GA  2986042.3us rd    e000=022f pc=008922
[:slot1:storager] GA  2986044.1us rd    e000=022f pc=008922
[:slot1:storager] GA  2986045.9us rd    e000=022f pc=008922
[:slot1:storager] GA  2986047.7us rd    e000=022f pc=008922
[:slot1:storager] GA  2986050.3us wr    e000=023f pc=008928
[:slot1:storager] GA  2986051.1us rd    e000=023f pc=00892c
[:slot1:storager] GA  2986054.3us wr    e802=22d3 pc=008932
[:slot1:storager] GA  2986055.9us wr    e000=0a6d pc=008936
[:slot1:storager] TEMPPROG start: 16 descriptors (port$3F pushes=8) [7abc]=0008: (00,17) (00,1c) (00,1d) (00,1d) (00,3f) (00,3f) (01,01) (01,1f) (3f,3f) (3f,3f) (3f,3f) (3f,3f) (3f,3f) (3f,3f) (3f,3f) (3f,3f) 
[:slot1:storager] GA  2986062.3us D800  7dac=3ed6 pc=008990
[:slot1:storager] GA  2986064.7us C800  c800=0000 pc=00899a
[:slot1:storager] TEMPC800 cell[00] <= 0000 pc=00899a
[:slot1:storager] GA  2986071.1us wr    e802=aad3 pc=0089b2
[:slot1:storager] GA  2986075.3us rd    e000=0a6d pc=0089ce
[:slot1:storager] TEMPH  2986080.7us verify      alt=0 741e=0000 743a=748a 74b4=0000 7462=0000 7a30=0001
[:slot1:storager] TEMPSTAGE sec=14 R=0f -> chunk=0000 | accepted[7428]=0001 ptr[741e]=0000 pool[74ac]=74c4 remain[7956]=0008 | 796a=0001 7958=00000000 ledger[7654+01]=ff
[:slot1:storager] GA  2994755.9us IRQ5  0000=000f pc=0023da
[:slot1:storager] TEMPH  2994769.9us setup       alt=1 741e=0000 743a=748a 74b4=0000 7462=0000 7a30=0001
[:slot1:storager] GA  2994782.5us wr    e802=a2d3 pc=007bd0
[:slot1:storager] GA  2994784.5us wr    e802=aad3 pc=007bd8
[:slot1:storager] XSTATE  2994819.7us [741c] <= 0001
[:slot1:storager] PHASE  2994819.7us [741c] <= 0001 pc=007d5c
[:slot1:storager] CTX  2994819.7us [741c] <= 0001 pc=007d5c IPL=7  <-- IN ISR
[:slot1:storager] CNT  2994825.5us [79a4] <= ffee pc=007d9c
[:slot1:storager] GA  2994833.9us wr    e802=a8d3 pc=0088ba
[:slot1:storager] GA  2994837.1us wr    e802=20d3 pc=0088c2
[:slot1:storager] GA  2994839.5us rd    e01e=023f pc=0088ca
[:slot1:storager] GA  2994842.7us C800  c83e=0000 pc=0088d4
[:slot1:storager] TEMPC800 cell[1f] <= 0000 pc=0088d4
[:slot1:storager] GA  2994851.1us wr    e802=a2d3 pc=008916
[:slot1:storager] GA  2994852.3us wr    e000=022f pc=00891a
[:slot1:storager] GA  2994853.9us rd    e000=022f pc=008922
[:slot1:storager] GA  2994855.7us rd    e000=022f pc=008922
[:slot1:storager] GA  2994857.5us rd    e000=022f pc=008922
[:slot1:storager] GA  2994859.3us rd    e000=022f pc=008922
[:slot1:storager] GA  2994861.1us rd    e000=022f pc=008922
[:slot1:storager] GA  2994862.9us rd    e000=022f pc=008922
[:slot1:storager] GA  2994864.7us rd    e000=022f pc=008922
[:slot1:storager] GA  2994866.5us rd    e000=022f pc=008922
[:slot1:storager] GA  2994868.3us rd    e000=022f pc=008922
[:slot1:storager] GA  2994870.1us rd    e000=022f pc=008922
[:slot1:storager] GA  2994871.9us rd    e000=022f pc=008922
[:slot1:storager] GA  2994873.7us rd    e000=022f pc=008922
[:slot1:storager] GA  2994875.5us rd    e000=022f pc=008922
[:slot1:storager] GA  2994877.3us rd    e000=022f pc=008922
[:slot1:storager] GA  2994879.1us rd    e000=022f pc=008922
[:slot1:storager] GA  2994880.9us rd    e000=022f pc=008922
[:slot1:storager] GA  2994882.7us rd    e000=022f pc=008922
[:slot1:storager] GA  2994885.3us wr    e000=023f pc=008928
[:slot1:storager] GA  2994886.1us rd    e000=023f pc=00892c
[:slot1:storager] GA  2994889.3us wr    e802=22d3 pc=008932
[:slot1:storager] GA  2994890.9us wr    e000=0a6d pc=008936
[:slot1:storager] TEMPPROG start: 16 descriptors (port$3F pushes=8) [7abc]=0008: (00,17) (00,1c) (00,1d) (00,1d) (00,3f) (00,3f) (01,01) (01,1f) (3f,3f) (3f,3f) (3f,3f) (3f,3f) (3f,3f) (3f,3f) (3f,3f) (3f,3f) 
[:slot1:storager] GA  2994897.3us D800  7dac=3ed6 pc=008990
[:slot1:storager] GA  2994899.7us C800  c800=0000 pc=00899a
[:slot1:storager] TEMPC800 cell[00] <= 0000 pc=00899a
[:slot1:storager] GA  2994906.1us wr    e802=aad3 pc=0089b2
[:slot1:storager] GA  2994910.3us rd    e000=0a6d pc=0089ce
[:slot1:storager] TEMPH  2994915.7us verify      alt=0 741e=0000 743a=748a 74b4=0000 7462=0000 7a30=0001
[:slot1:storager] TICK  2996230.5us head[736c]=7360 [736e]=7360 [7370]=730c [7b12]=0000 [7a36]=0001 [7a38]=0000
[:slot1:storager] GA  2996249.9us wr    e800=285d pc=002bc2
[:slot1:storager] PIT  2996251.5us ff8000 <= ffff mask=00ff pc=002bc4
[:slot1:storager] GA  2996254.3us wr    e800=2a5d pc=002bce
[:slot1:storager] GA  2996790.9us IRQ6  0000=000f pc=006bc6
[:slot1:storager] TEMPH  2996803.7us verify      alt=1 741e=0000 743a=748a 74b4=0000 7462=0000 7a30=0001
[:slot1:storager] CNT  2996818.1us [79a4] <= ffed pc=008a3c
[:slot1:storager] GA  2996820.3us rd    e01e=023f pc=008ab8
[:slot1:storager] GA  2996828.3us wr    e802=a8d3 pc=0088ba
[:slot1:storager] GA  2996831.5us wr    e802=20d3 pc=0088c2
[:slot1:storager] GA  2996833.9us rd    e01e=023f pc=0088ca
[:slot1:storager] GA  2996837.1us C800  c83e=0000 pc=0088d4
[:slot1:storager] TEMPC800 cell[1f] <= 0000 pc=0088d4
[:slot1:storager] GA  2996845.5us wr    e802=a2d3 pc=008916
[:slot1:storager] GA  2996846.7us wr    e000=022f pc=00891a
[:slot1:storager] GA  2996848.3us rd    e000=022f pc=008922
[:slot1:storager] GA  2996850.1us rd    e000=022f pc=008922
[:slot1:storager] GA  2996851.9us rd    e000=022f pc=008922
[:slot1:storager] GA  2996853.7us rd    e000=022f pc=008922
[:slot1:storager] GA  2996855.5us rd    e000=022f pc=008922
[:slot1:storager] GA  2996857.3us rd    e000=022f pc=008922
[:slot1:storager] GA  2996859.1us rd    e000=022f pc=008922
[:slot1:storager] GA  2996860.9us rd    e000=022f pc=008922
[:slot1:storager] GA  2996862.7us rd    e000=022f pc=008922
[:slot1:storager] GA  2996864.5us rd    e000=022f pc=008922
[:slot1:storager] GA  2996866.3us rd    e000=022f pc=008922
[:slot1:storager] GA  2996868.1us rd    e000=022f pc=008922
[:slot1:storager] GA  2996869.9us rd    e000=022f pc=008922
[:slot1:storager] GA  2996871.7us rd    e000=022f pc=008922
[:slot1:storager] GA  2996873.5us rd    e000=022f pc=008922
[:slot1:storager] GA  2996875.3us rd    e000=022f pc=008922
[:slot1:storager] GA  2996877.1us rd    e000=022f pc=008922
[:slot1:storager] GA  2996879.7us wr    e000=023f pc=008928
[:slot1:storager] GA  2996880.5us rd    e000=023f pc=00892c
[:slot1:storager] GA  2996883.7us wr    e802=22d3 pc=008932
[:slot1:storager] GA  2996885.3us wr    e000=0a6d pc=008936
[:slot1:storager] TEMPPROG start: 16 descriptors (port$3F pushes=8) [7abc]=0008: (00,17) (00,1c) (00,1d) (00,1d) (00,3f) (00,3f) (01,01) (01,1f) (3f,3f) (3f,3f) (3f,3f) (3f,3f) (3f,3f) (3f,3f) (3f,3f) (3f,3f) 
[:slot1:storager] GA  2996891.7us D800  7dac=3ed6 pc=008990
[:slot1:storager] GA  2996894.1us C800  c800=0000 pc=00899a
[:slot1:storager] TEMPC800 cell[00] <= 0000 pc=00899a
[:slot1:storager] GA  2996900.5us wr    e802=aad3 pc=0089b2
[:slot1:storager] GA  2996904.7us rd    e000=0a6d pc=0089ce
[:slot1:storager] TEMPH  2996910.1us verify      alt=0 741e=0000 743a=748a 74b4=0000 7462=0000 7a30=0001
[:slot1:storager] GA  2998785.3us IRQ5  0000=000f pc=001574
[:slot1:storager] TEMPH  2998798.9us setup       alt=1 741e=0000 743a=748a 74b4=0000 7462=0000 7a30=0001
[:slot1:storager] GA  2998811.5us wr    e802=a2d3 pc=007bd0
[:slot1:storager] GA  2998813.5us wr    e802=aad3 pc=007bd8
[:slot1:storager] XSTATE  2998848.7us [741c] <= 0001
[:slot1:storager] PHASE  2998848.7us [741c] <= 0001 pc=007d5c
[:slot1:storager] CTX  2998848.7us [741c] <= 0001 pc=007d5c IPL=7  <-- IN ISR
[:slot1:storager] CNT  2998854.5us [79a4] <= ffec pc=007d9c
[:slot1:storager] GA  2998862.9us wr    e802=a8d3 pc=0088ba
[:slot1:storager] GA  2998866.1us wr    e802=20d3 pc=0088c2
[:slot1:storager] GA  2998868.5us rd    e01e=023f pc=0088ca
[:slot1:storager] GA  2998871.7us C800  c83e=0000 pc=0088d4
[:slot1:storager] TEMPC800 cell[1f] <= 0000 pc=0088d4
[:slot1:storager] GA  2998880.1us wr    e802=a2d3 pc=008916
[:slot1:storager] GA  2998881.3us wr    e000=022f pc=00891a
[:slot1:storager] GA  2998882.9us rd    e000=022f pc=008922
[:slot1:storager] GA  2998884.7us rd    e000=022f pc=008922
[:slot1:storager] GA  2998886.5us rd    e000=022f pc=008922
[:slot1:storager] GA  2998888.3us rd    e000=022f pc=008922
[:slot1:storager] GA  2998890.1us rd    e000=022f pc=008922
[:slot1:storager] GA  2998891.9us rd    e000=022f pc=008922
[:slot1:storager] GA  2998893.7us rd    e000=022f pc=008922
[:slot1:storager] GA  2998895.5us rd    e000=022f pc=008922
[:slot1:storager] GA  2998897.3us rd    e000=022f pc=008922
[:slot1:storager] GA  2998899.1us rd    e000=022f pc=008922
[:slot1:storager] GA  2998900.9us rd    e000=022f pc=008922
[:slot1:storager] GA  2998902.7us rd    e000=022f pc=008922
[:slot1:storager] GA  2998904.5us rd    e000=022f pc=008922
[:slot1:storager] GA  2998906.3us rd    e000=022f pc=008922
[:slot1:storager] GA  2998908.1us rd    e000=022f pc=008922
[:slot1:storager] GA  2998909.9us rd    e000=022f pc=008922
[:slot1:storager] GA  2998911.7us rd    e000=022f pc=008922
[:slot1:storager] GA  2998914.3us wr    e000=023f pc=008928
[:slot1:storager] GA  2998915.1us rd    e000=023f pc=00892c
[:slot1:storager] GA  2998918.3us wr    e802=22d3 pc=008932
[:slot1:storager] GA  2998919.9us wr    e000=0a6d pc=008936
[:slot1:storager] TEMPPROG start: 16 descriptors (port$3F pushes=8) [7abc]=0008: (00,17) (00,1c) (00,1d) (00,1d) (00,3f) (00,3f) (01,01) (01,1f) (3f,3f) (3f,3f) (3f,3f) (3f,3f) (3f,3f) (3f,3f) (3f,3f) (3f,3f) 
[:slot1:storager] GA  2998926.3us D800  7dac=3ed6 pc=008990
[:slot1:storager] GA  2998928.7us C800  c800=0000 pc=00899a
[:slot1:storager] TEMPC800 cell[00] <= 0000 pc=00899a
[:slot1:storager] GA  2998935.1us wr    e802=aad3 pc=0089b2
[:slot1:storager] GA  2998939.3us rd    e000=0a6d pc=0089ce
[:slot1:storager] TEMPH  2998944.7us verify      alt=0 741e=0000 743a=748a 74b4=0000 7462=0000 7a30=0001
[:slot1:storager] TEMPSTAGE sec=15 R=10 -> chunk=0000 | accepted[7428]=0001 ptr[741e]=0000 pool[74ac]=74c4 remain[7956]=0008 | 796a=0001 7958=00000000 ledger[7654+01]=ff
[:slot1:storager] GA  3007619.9us IRQ5  0000=0010 pc=0022c4
[:slot1:storager] TEMPH  3007632.9us setup       alt=1 741e=0000 743a=748a 74b4=0000 7462=0000 7a30=0001
[:slot1:storager] GA  3007645.5us wr    e802=a2d3 pc=007bd0
[:slot1:storager] GA  3007647.5us wr    e802=aad3 pc=007bd8
[:slot1:storager] XSTATE  3007682.7us [741c] <= 0001
[:slot1:storager] PHASE  3007682.7us [741c] <= 0001 pc=007d5c
[:slot1:storager] CTX  3007682.7us [741c] <= 0001 pc=007d5c IPL=7  <-- IN ISR
[:slot1:storager] CNT  3007688.5us [79a4] <= ffeb pc=007d9c
[:slot1:storager] GA  3007696.9us wr    e802=a8d3 pc=0088ba
[:slot1:storager] GA  3007700.1us wr    e802=20d3 pc=0088c2
[:slot1:storager] GA  3007702.5us rd    e01e=023f pc=0088ca
[:slot1:storager] GA  3007705.7us C800  c83e=0000 pc=0088d4
[:slot1:storager] TEMPC800 cell[1f] <= 0000 pc=0088d4
[:slot1:storager] GA  3007714.1us wr    e802=a2d3 pc=008916
[:slot1:storager] GA  3007715.3us wr    e000=022f pc=00891a
[:slot1:storager] GA  3007716.9us rd    e000=022f pc=008922
[:slot1:storager] TEMPPROG start: 16 descriptors (port$3F pushes=8) [7abc]=0008: (00,17) (00,1c) (00,1d) (00,1d) (00,3f) (00,3f) (01,01) (01,1f) (3f,3f) (3f,3f) (3f,3f) (3f,3f) (3f,3f) (3f,3f) (3f,3f) (3f,3f) 
[:slot1:storager] TEMPC800 cell[00] <= 0000 pc=00899a
[:slot1:storager] TEMPH  3007778.7us verify      alt=0 741e=0000 743a=748a 74b4=0000 7462=0000 7a30=0001
[:slot1:storager] TEMPH  3009666.7us verify      alt=1 741e=0000 743a=748a 74b4=0000 7462=0000 7a30=0001
[:slot1:storager] CNT  3009681.1us [79a4] <= ffea pc=008a3c
[:slot1:storager] TEMPC800 cell[1f] <= 0000 pc=0088d4
[:slot1:storager] TEMPPROG start: 16 descriptors (port$3F pushes=8) [7abc]=0008: (00,17) (00,1c) (00,1d) (00,1d) (00,3f) (00,3f) (01,01) (01,1f) (3f,3f) (3f,3f) (3f,3f) (3f,3f) (3f,3f) (3f,3f) (3f,3f) (3f,3f) 
[:slot1:storager] TEMPC800 cell[00] <= 0000 pc=00899a
[:slot1:storager] TEMPH  3009773.1us verify      alt=0 741e=0000 743a=748a 74b4=0000 7462=0000 7a30=0001
[:slot1:storager] TEMPH  3011861.9us setup       alt=1 741e=0000 743a=748a 74b4=0000 7462=0000 7a30=0001
[:slot1:storager] ACCEPT  3011904.3us [7428] <= 0001 pc=007e0a
[:slot1:storager] CTX  3011904.3us [7428] <= 0001 pc=007e0a IPL=7  <-- IN ISR
[:slot1:storager] CNT  3011906.3us [79a4] <= 0100 pc=007e0e
[:slot1:storager] SCAN  3011916.7us halted at pos=2   (byte ff) [7956]=0008 | ledger: c0 ff ff ff ff ff ff ff ff fe fe fe fe fe fe fe fe fe fe fe fe fe fe fe fe fe aa c0 c0 c0 
[:slot1:storager] REMAIN  3011924.5us [7956] <= 0007 pc=007ebe
[:slot1:storager] POOL  3011951.3us [74ac] <= 74cc pc=003302
[:slot1:storager] CTX  3011951.3us [74ac] <= 74cc pc=003302 IPL=7  <-- IN ISR
[:slot1:storager] CTX  3011987.7us [7424] <= 0000 pc=007efe IPL=7  <-- IN ISR
[:slot1:storager] BUFPTR  3011996.5us [741e] <= 2000 (byte 4000) pc=007f10
[:slot1:storager] CTX  3011996.5us [741e] <= 2000 pc=007f10 IPL=7  <-- IN ISR
[:slot1:storager] XSTATE  3011998.1us [741c] <= 0001
[:slot1:storager] PHASE  3011998.1us [741c] <= 0001 pc=007f14
[:slot1:storager] CTX  3011998.1us [741c] <= 0001 pc=007f14 IPL=7  <-- IN ISR
[:slot1:storager] TEMPSTAGE sec=0 R=01 -> chunk=0000 | accepted[7428]=0001 ptr[741e]=2000 pool[74ac]=74cc remain[7956]=0007 | 796a=0001 7958=00000000 ledger[7654+01]=ff
[:slot1:storager] GA count-exhaust n=8 var=1 t=3.0204 (no UIB+12 / node+26 deposit)
[:slot1:storager] TEMPH  3020460.7us done        alt=0 741e=2000 743a=748a 74b4=0000 7462=0000 7a30=0001
[:slot1:storager] TEMPC800 cell[00] <= 2000 pc=008022
[:slot1:storager] ACCEPT  3020502.3us [7428] <= 0002 pc=00810e
[:slot1:storager] CTX  3020502.3us [7428] <= 0002 pc=00810e IPL=7  <-- IN ISR
[:slot1:storager] XSTATE  3020543.7us [74b4] <= 74c4
[:slot1:storager] TEMPH  3020556.1us done-tail   alt=0 741e=2000 743a=748a 74b4=74c4 7462=0000 7a30=0001
[:slot1:storager] TEMPH  3020559.1us KICK-test   alt=0 741e=2000 743a=748a 74b4=74c4 7462=0000 7a30=0001
[:slot1:storager] TEMPH  3020559.9us KICK-test   alt=0 741e=2000 743a=748a 74b4=74c4 7462=0000 7a30=0001
[:slot1:storager] TEMPH  3020561.9us KICK-TAKEN  alt=0 741e=2000 743a=748a 74b4=74c4 7462=0000 7a30=0001
[:slot1:storager] A30  3020562.3us [7a30] <= 0000 pc=00833c
[:slot1:storager] KICKREAL  3020562.3us old=0001 new=0000 [799a]=6e60 +20=8c27 b11=1 74b4=74c4 7454=0000 71b2=0001 7b0c=0000 uib20=8c27
[:slot1:storager] CTX  3020562.3us [7a30] <= 0000 pc=00833c IPL=4  <-- IN ISR
[:slot1:storager] D3  3020562.9us AFTER-KICK [799a]=6e60 +20=8c27 b11=1 | [71bc]=71f0 +20=0000 b11=0 | 74b4=74c4 7454=0000 7462=0000 7a64=0000 71b2=0001 7b0c=0000 743a=748a
[:slot1:storager] TICK  3022346.5us head[736c]=7360 [736e]=7360 [7370]=730c [7b12]=0000 [7a36]=0001 [7a38]=0000
[:slot1:storager] PIT  3022367.5us ff8000 <= ffff mask=00ff pc=002bc4
[:slot1:storager] TICK  3048462.5us head[736c]=7360 [736e]=7360 [7370]=730c [7b12]=0000 [7a36]=0001 [7a38]=0000
[:slot1:storager] PIT  3048483.5us ff8000 <= ffff mask=00ff pc=002bc4
[:slot1:storager] TICK  3074580.5us head[736c]=7360 [736e]=7360 [7370]=730c [7b12]=0000 [7a36]=0001 [7a38]=0000
[:slot1:storager] PIT  3074601.5us ff8000 <= ffff mask=00ff pc=002bc4
[:slot1:storager] TICK  3100696.5us head[736c]=7360 [736e]=7360 [7370]=730c [7b12]=0000 [7a36]=0001 [7a38]=0000
[:slot1:storager] PIT  3100717.5us ff8000 <= ffff mask=00ff pc=002bc4
[:slot1:storager] TICK  3126813.5us head[736c]=7360 [736e]=7360 [7370]=730c [7b12]=0000 [7a36]=0001 [7a38]=0000
[:slot1:storager] PIT  3126834.5us ff8000 <= ffff mask=00ff pc=002bc4
[:slot1:storager] TICK  3152927.5us head[736c]=7360 [736e]=7360 [7370]=730c [7b12]=0000 [7a36]=0001 [7a38]=0000
[:slot1:storager] PIT  3152948.5us ff8000 <= ffff mask=00ff pc=002bc4
[:slot1:storager] TICK  3179044.5us head[736c]=7360 [736e]=7360 [7370]=730c [7b12]=0000 [7a36]=0001 [7a38]=0000
[:slot1:storager] PIT  3179065.5us ff8000 <= ffff mask=00ff pc=002bc4
[:slot1:storager] TICK  3205161.5us head[736c]=7360 [736e]=7360 [7370]=730c [7b12]=0000 [7a36]=0001 [7a38]=0000
[:slot1:storager] PIT  3205182.5us ff8000 <= ffff mask=00ff pc=002bc4
[:slot1:storager] TICK  3231277.5us head[736c]=7360 [736e]=7360 [7370]=730c [7b12]=0000 [7a36]=0001 [7a38]=0000
[:slot1:storager] PIT  3231298.5us ff8000 <= ffff mask=00ff pc=002bc4
[:slot1:storager] TICK  3257394.5us head[736c]=7360 [736e]=7360 [7370]=730c [7b12]=0000 [7a36]=0001 [7a38]=0000
[:slot1:storager] PIT  3257415.5us ff8000 <= ffff mask=00ff pc=002bc4
[:slot1:storager] TICK  3283510.5us head[736c]=7360 [736e]=7360 [7370]=730c [7b12]=0000 [7a36]=0001 [7a38]=0000
[:slot1:storager] PIT  3283531.5us ff8000 <= ffff mask=00ff pc=002bc4
[:slot1:storager] TICK  3309627.5us head[736c]=7360 [736e]=7360 [7370]=730c [7b12]=0000 [7a36]=0001 [7a38]=0000
[:slot1:storager] PIT  3309648.5us ff8000 <= ffff mask=00ff pc=002bc4
[:slot1:storager] TICK  3335743.5us head[736c]=7360 [736e]=7360 [7370]=730c [7b12]=0000 [7a36]=0001 [7a38]=0000
[:slot1:storager] PIT  3335764.5us ff8000 <= ffff mask=00ff pc=002bc4
[:slot1:storager] TICK  3361859.5us head[736c]=7360 [736e]=7360 [7370]=730c [7b12]=0000 [7a36]=0001 [7a38]=0000
[:slot1:storager] PIT  3361880.5us ff8000 <= ffff mask=00ff pc=002bc4
[:slot1:storager] TICK  3387976.5us head[736c]=7360 [736e]=7360 [7370]=730c [7b12]=0000 [7a36]=0001 [7a38]=0000
[:slot1:storager] PIT  3387997.5us ff8000 <= ffff mask=00ff pc=002bc4
[:slot1:storager] TICK  3414091.5us head[736c]=7360 [736e]=7360 [7370]=730c [7b12]=0000 [7a36]=0001 [7a38]=0000
[:slot1:storager] PIT  3414112.5us ff8000 <= ffff mask=00ff pc=002bc4
[:slot1:storager] TICK  3440208.5us head[736c]=7360 [736e]=7360 [7370]=730c [7b12]=0000 [7a36]=0001 [7a38]=0000
[:slot1:storager] PIT  3440229.5us ff8000 <= ffff mask=00ff pc=002bc4
[:slot1:storager] TICK  3466325.5us head[736c]=7360 [736e]=7360 [7370]=730c [7b12]=0000 [7a36]=0001 [7a38]=0000
[:slot1:storager] PIT  3466346.5us ff8000 <= ffff mask=00ff pc=002bc4
[:slot1:storager] TICK  3492440.5us head[736c]=7360 [736e]=7360 [7370]=730c [7b12]=0000 [7a36]=0001 [7a38]=0000
[:slot1:storager] PIT  3492461.5us ff8000 <= ffff mask=00ff pc=002bc4
[:slot1:storager] TICK  3518558.5us head[736c]=7360 [736e]=7360 [7370]=730c [7b12]=0000 [7a36]=0001 [7a38]=0000
[:slot1:storager] PIT  3518579.5us ff8000 <= ffff mask=00ff pc=002bc4
[:slot1:storager] TICK  3544673.5us head[736c]=7360 [736e]=7360 [7370]=730c [7b12]=0000 [7a36]=0001 [7a38]=0000
[:slot1:storager] PIT  3544694.5us ff8000 <= ffff mask=00ff pc=002bc4
[:slot1:storager] TICK  3570790.5us head[736c]=7360 [736e]=7360 [7370]=730c [7b12]=0000 [7a36]=0001 [7a38]=0000
[:slot1:storager] PIT  3570811.5us ff8000 <= ffff mask=00ff pc=002bc4
[:slot1:storager] TICK  3596906.5us head[736c]=7360 [736e]=7360 [7370]=730c [7b12]=0000 [7a36]=0001 [7a38]=0000
[:slot1:storager] PIT  3596927.5us ff8000 <= ffff mask=00ff pc=002bc4
[:slot1:storager] TICK  3623023.5us head[736c]=7360 [736e]=7360 [7370]=730c [7b12]=0000 [7a36]=0001 [7a38]=0000
[:slot1:storager] PIT  3623044.5us ff8000 <= ffff mask=00ff pc=002bc4
[:slot1:storager] TICK  3649139.5us head[736c]=7360 [736e]=7360 [7370]=730c [7b12]=0000 [7a36]=0001 [7a38]=0000
[:slot1:storager] PIT  3649160.5us ff8000 <= ffff mask=00ff pc=002bc4
[:slot1:storager] TICK  3675276.5us head[736c]=7360 [736e]=7360 [7370]=730c [7b12]=0000 [7a36]=0001 [7a38]=0000
[:slot1:storager] PIT  3675297.5us ff8000 <= ffff mask=00ff pc=002bc4
[:slot1:storager] TICK  3701372.5us head[736c]=7360 [736e]=7360 [7370]=730c [7b12]=0000 [7a36]=0001 [7a38]=0000
[:slot1:storager] PIT  3701393.5us ff8000 <= ffff mask=00ff pc=002bc4
[:slot1:storager] TICK  3727488.5us head[736c]=7360 [736e]=7360 [7370]=730c [7b12]=0000 [7a36]=0001 [7a38]=0000
[:slot1:storager] PIT  3727509.5us ff8000 <= ffff mask=00ff pc=002bc4
[:slot1:storager] TICK  3753622.5us head[736c]=7360 [736e]=7360 [7370]=730c [7b12]=0000 [7a36]=0001 [7a38]=0000
[:slot1:storager] PIT  3753643.5us ff8000 <= ffff mask=00ff pc=002bc4
[:slot1:storager] TICK  3779721.5us head[736c]=7360 [736e]=7360 [7370]=730c [7b12]=0000 [7a36]=0001 [7a38]=0000
[:slot1:storager] PIT  3779742.5us ff8000 <= ffff mask=00ff pc=002bc4
[:slot1:storager] TICK  3805837.5us head[736c]=7360 [736e]=7360 [7370]=730c [7b12]=0000 [7a36]=0001 [7a38]=0000
[:slot1:storager] PIT  3805858.5us ff8000 <= ffff mask=00ff pc=002bc4
[:slot1:storager] TICK  3831968.5us head[736c]=7360 [736e]=7360 [7370]=730c [7b12]=0000 [7a36]=0001 [7a38]=0000
[:slot1:storager] PIT  3831989.5us ff8000 <= ffff mask=00ff pc=002bc4
[:slot1:storager] TICK  3858070.5us head[736c]=7360 [736e]=7360 [7370]=730c [7b12]=0000 [7a36]=0001 [7a38]=0000
[:slot1:storager] PIT  3858091.5us ff8000 <= ffff mask=00ff pc=002bc4
[:slot1:storager] TICK  3884187.5us head[736c]=7360 [736e]=7360 [7370]=730c [7b12]=0000 [7a36]=0001 [7a38]=0000
[:slot1:storager] PIT  3884208.5us ff8000 <= ffff mask=00ff pc=002bc4
[:slot1:storager] TICK  3910315.5us head[736c]=7360 [736e]=7360 [7370]=730c [7b12]=0000 [7a36]=0001 [7a38]=0000
[:slot1:storager] PIT  3910336.5us ff8000 <= ffff mask=00ff pc=002bc4
[:slot1:storager] TICK  3936420.5us head[736c]=7360 [736e]=7360 [7370]=730c [7b12]=0000 [7a36]=0001 [7a38]=0000
[:slot1:storager] PIT  3936441.5us ff8000 <= ffff mask=00ff pc=002bc4
[:slot1:storager] TICK  3962536.5us head[736c]=7360 [736e]=7360 [7370]=730c [7b12]=0000 [7a36]=0001 [7a38]=0000
[:slot1:storager] PIT  3962557.5us ff8000 <= ffff mask=00ff pc=002bc4
[:slot1:storager] TICK  3988662.5us head[736c]=7360 [736e]=7360 [7370]=730c [7b12]=0000 [7a36]=0001 [7a38]=0000
[:slot1:storager] PIT  3988683.5us ff8000 <= ffff mask=00ff pc=002bc4
[:slot1:storager] TICK  4014769.5us head[736c]=7360 [736e]=7360 [7370]=730c [7b12]=0000 [7a36]=0001 [7a38]=0000
[:slot1:storager] PIT  4014790.5us ff8000 <= ffff mask=00ff pc=002bc4
[:slot1:storager] TICK  4040885.5us head[736c]=7360 [736e]=7360 [7370]=730c [7b12]=0000 [7a36]=0001 [7a38]=0000
[:slot1:storager] PIT  4040906.5us ff8000 <= ffff mask=00ff pc=002bc4
[:slot1:storager] TICK  4067009.5us head[736c]=7360 [736e]=7360 [7370]=730c [7b12]=0000 [7a36]=0001 [7a38]=0000
[:slot1:storager] PIT  4067030.5us ff8000 <= ffff mask=00ff pc=002bc4
[:slot1:storager] TICK  4093118.5us head[736c]=7360 [736e]=7360 [7370]=730c [7b12]=0000 [7a36]=0001 [7a38]=0000
[:slot1:storager] PIT  4093139.5us ff8000 <= ffff mask=00ff pc=002bc4
[:slot1:storager] TICK  4119234.5us head[736c]=7360 [736e]=7360 [7370]=730c [7b12]=0000 [7a36]=0001 [7a38]=0000
[:slot1:storager] PIT  4119255.5us ff8000 <= ffff mask=00ff pc=002bc4
[:slot1:storager] TICK  4145356.5us head[736c]=7360 [736e]=7360 [7370]=730c [7b12]=0000 [7a36]=0001 [7a38]=0000
[:slot1:storager] PIT  4145377.5us ff8000 <= ffff mask=00ff pc=002bc4
[:slot1:storager] TICK  4171467.5us head[736c]=7360 [736e]=7360 [7370]=730c [7b12]=0000 [7a36]=0001 [7a38]=0000
[:slot1:storager] PIT  4171488.5us ff8000 <= ffff mask=00ff pc=002bc4
[:slot1:storager] TICK  4197584.5us head[736c]=7360 [736e]=7360 [7370]=730c [7b12]=0000 [7a36]=0001 [7a38]=0000
[:slot1:storager] PIT  4197605.5us ff8000 <= ffff mask=00ff pc=002bc4
[:slot1:storager] TICK  4223703.5us head[736c]=7360 [736e]=7360 [7370]=730c [7b12]=0000 [7a36]=0001 [7a38]=0000
[:slot1:storager] PIT  4223724.5us ff8000 <= ffff mask=00ff pc=002bc4
[:slot1:storager] TICK  4249816.5us head[736c]=7360 [736e]=7360 [7370]=730c [7b12]=0000 [7a36]=0001 [7a38]=0000
[:slot1:storager] PIT  4249837.5us ff8000 <= ffff mask=00ff pc=002bc4
[:slot1:storager] TICK  4275933.5us head[736c]=7360 [736e]=7360 [7370]=730c [7b12]=0000 [7a36]=0001 [7a38]=0000
[:slot1:storager] PIT  4275954.5us ff8000 <= ffff mask=00ff pc=002bc4
[:slot1:storager] TICK  4302050.5us head[736c]=7360 [736e]=7360 [7370]=730c [7b12]=0000 [7a36]=0001 [7a38]=0000
[:slot1:storager] PIT  4302071.5us ff8000 <= ffff mask=00ff pc=002bc4
[:slot1:storager] TICK  4328166.5us head[736c]=7360 [736e]=7360 [7370]=730c [7b12]=0000 [7a36]=0001 [7a38]=0000
[:slot1:storager] PIT  4328187.5us ff8000 <= ffff mask=00ff pc=002bc4
[:slot1:storager] TICK  4354283.5us head[736c]=7360 [736e]=7360 [7370]=730c [7b12]=0000 [7a36]=0001 [7a38]=0000
[:slot1:storager] PIT  4354304.5us ff8000 <= ffff mask=00ff pc=002bc4
[:slot1:storager] TICK  4380398.5us head[736c]=7360 [736e]=7360 [7370]=730c [7b12]=0000 [7a36]=0001 [7a38]=0000
[:slot1:storager] PIT  4380419.5us ff8000 <= ffff mask=00ff pc=002bc4
[:slot1:storager] TICK  4406514.5us head[736c]=7360 [736e]=7360 [7370]=730c [7b12]=0000 [7a36]=0001 [7a38]=0000
[:slot1:storager] PIT  4406535.5us ff8000 <= ffff mask=00ff pc=002bc4
[:slot1:storager] TICK  4432631.5us head[736c]=7360 [736e]=7360 [7370]=730c [7b12]=0000 [7a36]=0001 [7a38]=0000
[:slot1:storager] PIT  4432652.5us ff8000 <= ffff mask=00ff pc=002bc4
[:slot1:storager] TICK  4458747.5us head[736c]=7360 [736e]=7360 [7370]=730c [7b12]=0000 [7a36]=0001 [7a38]=0000
[:slot1:storager] PIT  4458768.5us ff8000 <= ffff mask=00ff pc=002bc4
[:slot1:storager] TICK  4484864.5us head[736c]=7360 [736e]=7360 [7370]=730c [7b12]=0000 [7a36]=0001 [7a38]=0000
[:slot1:storager] PIT  4484885.5us ff8000 <= ffff mask=00ff pc=002bc4
[:slot1:storager] TICK  4510980.5us head[736c]=7360 [736e]=7360 [7370]=730c [7b12]=0000 [7a36]=0001 [7a38]=0000
[:slot1:storager] PIT  4511001.5us ff8000 <= ffff mask=00ff pc=002bc4
[:slot1:storager] TICK  4537097.5us head[736c]=7360 [736e]=7360 [7370]=730c [7b12]=0000 [7a36]=0001 [7a38]=0000
[:slot1:storager] PIT  4537118.5us ff8000 <= ffff mask=00ff pc=002bc4
[:slot1:storager] TICK  4563213.5us head[736c]=7360 [736e]=7360 [7370]=730c [7b12]=0000 [7a36]=0001 [7a38]=0000
[:slot1:storager] PIT  4563234.5us ff8000 <= ffff mask=00ff pc=002bc4
[:slot1:storager] TICK  4589330.5us head[736c]=7360 [736e]=7360 [7370]=730c [7b12]=0000 [7a36]=0001 [7a38]=0000
[:slot1:storager] PIT  4589351.5us ff8000 <= ffff mask=00ff pc=002bc4
[:slot1:storager] TICK  4615446.5us head[736c]=7360 [736e]=7360 [7370]=730c [7b12]=0000 [7a36]=0001 [7a38]=0000
[:slot1:storager] PIT  4615467.5us ff8000 <= ffff mask=00ff pc=002bc4
[:slot1:storager] TICK  4641563.5us head[736c]=7360 [736e]=7360 [7370]=730c [7b12]=0000 [7a36]=0001 [7a38]=0000
[:slot1:storager] PIT  4641584.5us ff8000 <= ffff mask=00ff pc=002bc4
[:slot1:storager] TICK  4667679.5us head[736c]=7360 [736e]=7360 [7370]=730c [7b12]=0000 [7a36]=0001 [7a38]=0000
[:slot1:storager] PIT  4667700.5us ff8000 <= ffff mask=00ff pc=002bc4
[:slot1:storager] TICK  4693795.5us head[736c]=7360 [736e]=7360 [7370]=730c [7b12]=0000 [7a36]=0001 [7a38]=0000
[:slot1:storager] PIT  4693816.5us ff8000 <= ffff mask=00ff pc=002bc4
[:slot1:storager] TICK  4719912.5us head[736c]=7360 [736e]=7360 [7370]=730c [7b12]=0000 [7a36]=0001 [7a38]=0000
[:slot1:storager] PIT  4719933.5us ff8000 <= ffff mask=00ff pc=002bc4
[:slot1:storager] TICK  4746050.5us head[736c]=7360 [736e]=7360 [7370]=730c [7b12]=0000 [7a36]=0001 [7a38]=0000
[:slot1:storager] GUARD  4746065.1us [7a3e] <= 0001 pc=002b84
[:slot1:storager] CTX  4746065.1us [7a3e] <= 0001 pc=002b84 IPL=1  <-- IN ISR
[:slot1:storager] GUARD  4746090.3us [7a40] <= 0000 pc=002af6
[:slot1:storager] CTX  4746090.3us [7a40] <= 0000 pc=002af6 IPL=4  <-- IN ISR
[:slot1:storager] QHEAD  4746093.9us [736c] <= 0000 pc=002afe
[:slot1:storager] QHEAD  4746096.7us [736c] <= 0000 pc=002b06
[:slot1:storager] QHEAD  4746098.3us [736e] <= 0000 pc=002b0a
[:slot1:storager] QHEAD  4746108.1us [7372] <= 7360 pc=002b4c
[:slot1:storager] TICK  4746113.3us head[736c]=0000 [736e]=0000 [7370]=730c [7b12]=0000 [7a36]=0001 [7a38]=0000
[:slot1:storager] PIT  4746125.7us ff8000 <= ffff mask=00ff pc=002bc4
[:slot1:storager] PIT  4746213.7us 008006 <= 9a9a mask=00ff pc=006cc2
[:slot1:storager] PHASE  4746243.9us [7216] <= 000a pc=0015a0
[:slot1:storager] GA park-seen node+26=7216 phase=000a D000=38f8 t=4.7462 (no deposit)
[:slot1:storager] TICK  4772144.5us head[736c]=0000 [736e]=0000 [7370]=730c [7b12]=0000 [7a36]=0001 [7a38]=0000
[:slot1:storager] PIT  4772160.1us ff8000 <= ffff mask=00ff pc=002bc4
[:slot1:storager] TICK  4798261.5us head[736c]=0000 [736e]=0000 [7370]=730c [7b12]=0000 [7a36]=0001 [7a38]=0000
[:slot1:storager] PIT  4798277.1us ff8000 <= ffff mask=00ff pc=002bc4
[:slot1:storager] TICK  4824377.5us head[736c]=0000 [736e]=0000 [7370]=730c [7b12]=0000 [7a36]=0001 [7a38]=0000
[:slot1:storager] PIT  4824393.1us ff8000 <= ffff mask=00ff pc=002bc4
[:slot1:storager] TICK  4850494.5us head[736c]=0000 [736e]=0000 [7370]=730c [7b12]=0000 [7a36]=0001 [7a38]=0000
[:slot1:storager] PIT  4850510.1us ff8000 <= ffff mask=00ff pc=002bc4
[:slot1:storager] TICK  4876610.5us head[736c]=0000 [736e]=0000 [7370]=730c [7b12]=0000 [7a36]=0001 [7a38]=0000
[:slot1:storager] PIT  4876626.1us ff8000 <= ffff mask=00ff pc=002bc4
[:slot1:storager] TICK  4902726.5us head[736c]=0000 [736e]=0000 [7370]=730c [7b12]=0000 [7a36]=0001 [7a38]=0000
[:slot1:storager] PIT  4902742.1us ff8000 <= ffff mask=00ff pc=002bc4
[:slot1:storager] TICK  4928843.5us head[736c]=0000 [736e]=0000 [7370]=730c [7b12]=0000 [7a36]=0001 [7a38]=0000
[:slot1:storager] PIT  4928859.1us ff8000 <= ffff mask=00ff pc=002bc4
[:slot1:storager] TICK  4954959.5us head[736c]=0000 [736e]=0000 [7370]=730c [7b12]=0000 [7a36]=0001 [7a38]=0000
[:slot1:storager] PIT  4954975.1us ff8000 <= ffff mask=00ff pc=002bc4
[:slot1:storager] TICK  4981075.5us head[736c]=0000 [736e]=0000 [7370]=730c [7b12]=0000 [7a36]=0001 [7a38]=0000
[:slot1:storager] PIT  4981091.1us ff8000 <= ffff mask=00ff pc=002bc4
[:slot1:storager] TICK  5007192.5us head[736c]=0000 [736e]=0000 [7370]=730c [7b12]=0000 [7a36]=0001 [7a38]=0000
[:slot1:storager] PIT  5007208.1us ff8000 <= ffff mask=00ff pc=002bc4
[:slot1:storager] TICK  5033309.5us head[736c]=0000 [736e]=0000 [7370]=730c [7b12]=0000 [7a36]=0001 [7a38]=0000
[:slot1:storager] PIT  5033325.1us ff8000 <= ffff mask=00ff pc=002bc4
[:slot1:storager] TICK  5059425.5us head[736c]=0000 [736e]=0000 [7370]=730c [7b12]=0000 [7a36]=0001 [7a38]=0000
[:slot1:storager] PIT  5059441.1us ff8000 <= ffff mask=00ff pc=002bc4
[:slot1:storager] TICK  5085541.5us head[736c]=0000 [736e]=0000 [7370]=730c [7b12]=0000 [7a36]=0001 [7a38]=0000
[:slot1:storager] PIT  5085557.1us ff8000 <= ffff mask=00ff pc=002bc4
[:slot1:storager] TICK  5111658.5us head[736c]=0000 [736e]=0000 [7370]=730c [7b12]=0000 [7a36]=0001 [7a38]=0000
[:slot1:storager] PIT  5111674.1us ff8000 <= ffff mask=00ff pc=002bc4
[:slot1:storager] TICK  5137791.5us head[736c]=0000 [736e]=0000 [7370]=730c [7b12]=0000 [7a36]=0001 [7a38]=0000
[:slot1:storager] PIT  5137807.1us ff8000 <= ffff mask=00ff pc=002bc4
[:slot1:storager] TICK  5163903.5us head[736c]=0000 [736e]=0000 [7370]=730c [7b12]=0000 [7a36]=0001 [7a38]=0000
[:slot1:storager] PIT  5163919.1us ff8000 <= ffff mask=00ff pc=002bc4
[:slot1:storager] TICK  5190015.5us head[736c]=0000 [736e]=0000 [7370]=730c [7b12]=0000 [7a36]=0001 [7a38]=0000
[:slot1:storager] PIT  5190031.1us ff8000 <= ffff mask=00ff pc=002bc4
[:slot1:storager] TICK  5216127.5us head[736c]=0000 [736e]=0000 [7370]=730c [7b12]=0000 [7a36]=0001 [7a38]=0000
[:slot1:storager] PIT  5216143.1us ff8000 <= ffff mask=00ff pc=002bc4
[:slot1:storager] TICK  5242240.5us head[736c]=0000 [736e]=0000 [7370]=730c [7b12]=0000 [7a36]=0001 [7a38]=0000
[:slot1:storager] PIT  5242256.1us ff8000 <= ffff mask=00ff pc=002bc4
[:slot1:storager] TICK  5268356.5us head[736c]=0000 [736e]=0000 [7370]=730c [7b12]=0000 [7a36]=0001 [7a38]=0000
[:slot1:storager] PIT  5268372.1us ff8000 <= ffff mask=00ff pc=002bc4
[:slot1:storager] TICK  5294472.5us head[736c]=0000 [736e]=0000 [7370]=730c [7b12]=0000 [7a36]=0001 [7a38]=0000
[:slot1:storager] PIT  5294488.1us ff8000 <= ffff mask=00ff pc=002bc4
[:slot1:storager] TICK  5320589.5us head[736c]=0000 [736e]=0000 [7370]=730c [7b12]=0000 [7a36]=0001 [7a38]=0000
[:slot1:storager] PIT  5320605.1us ff8000 <= ffff mask=00ff pc=002bc4
[:slot1:storager] TICK  5346705.5us head[736c]=0000 [736e]=0000 [7370]=730c [7b12]=0000 [7a36]=0001 [7a38]=0000
[:slot1:storager] PIT  5346721.1us ff8000 <= ffff mask=00ff pc=002bc4
[:slot1:storager] TICK  5372821.5us head[736c]=0000 [736e]=0000 [7370]=730c [7b12]=0000 [7a36]=0001 [7a38]=0000
[:slot1:storager] PIT  5372837.1us ff8000 <= ffff mask=00ff pc=002bc4
[:slot1:storager] TICK  5398938.5us head[736c]=0000 [736e]=0000 [7370]=730c [7b12]=0000 [7a36]=0001 [7a38]=0000
[:slot1:storager] PIT  5398954.1us ff8000 <= ffff mask=00ff pc=002bc4
[:slot1:storager] TICK  5425055.5us head[736c]=0000 [736e]=0000 [7370]=730c [7b12]=0000 [7a36]=0001 [7a38]=0000
[:slot1:storager] PIT  5425071.1us ff8000 <= ffff mask=00ff pc=002bc4
[:slot1:storager] TICK  5451171.5us head[736c]=0000 [736e]=0000 [7370]=730c [7b12]=0000 [7a36]=0001 [7a38]=0000
[:slot1:storager] PIT  5451187.1us ff8000 <= ffff mask=00ff pc=002bc4
[:slot1:storager] TICK  5477287.5us head[736c]=0000 [736e]=0000 [7370]=730c [7b12]=0000 [7a36]=0001 [7a38]=0000
[:slot1:storager] PIT  5477303.1us ff8000 <= ffff mask=00ff pc=002bc4
[:slot1:storager] TICK  5503404.5us head[736c]=0000 [736e]=0000 [7370]=730c [7b12]=0000 [7a36]=0001 [7a38]=0000
[:slot1:storager] PIT  5503420.1us ff8000 <= ffff mask=00ff pc=002bc4
[:slot1:storager] TICK  5529520.5us head[736c]=0000 [736e]=0000 [7370]=730c [7b12]=0000 [7a36]=0001 [7a38]=0000
[:slot1:storager] PIT  5529536.1us ff8000 <= ffff mask=00ff pc=002bc4
[:slot1:storager] TICK  5555637.5us head[736c]=0000 [736e]=0000 [7370]=730c [7b12]=0000 [7a36]=0001 [7a38]=0000
[:slot1:storager] PIT  5555653.1us ff8000 <= ffff mask=00ff pc=002bc4
[:slot1:storager] TICK  5581753.5us head[736c]=0000 [736e]=0000 [7370]=730c [7b12]=0000 [7a36]=0001 [7a38]=0000
[:slot1:storager] PIT  5581769.1us ff8000 <= ffff mask=00ff pc=002bc4
[:slot1:storager] TICK  5607869.5us head[736c]=0000 [736e]=0000 [7370]=730c [7b12]=0000 [7a36]=0001 [7a38]=0000
[:slot1:storager] PIT  5607885.1us ff8000 <= ffff mask=00ff pc=002bc4
[:slot1:storager] TICK  5633986.5us head[736c]=0000 [736e]=0000 [7370]=730c [7b12]=0000 [7a36]=0001 [7a38]=0000
[:slot1:storager] PIT  5634002.1us ff8000 <= ffff mask=00ff pc=002bc4
[:slot1:storager] TICK  5660102.5us head[736c]=0000 [736e]=0000 [7370]=730c [7b12]=0000 [7a36]=0001 [7a38]=0000
[:slot1:storager] PIT  5660118.1us ff8000 <= ffff mask=00ff pc=002bc4
[:slot1:storager] TICK  5686219.5us head[736c]=0000 [736e]=0000 [7370]=730c [7b12]=0000 [7a36]=0001 [7a38]=0000
[:slot1:storager] PIT  5686235.1us ff8000 <= ffff mask=00ff pc=002bc4
[:slot1:storager] TICK  5712335.5us head[736c]=0000 [736e]=0000 [7370]=730c [7b12]=0000 [7a36]=0001 [7a38]=0000
[:slot1:storager] PIT  5712351.1us ff8000 <= ffff mask=00ff pc=002bc4
[:slot1:storager] TICK  5738452.5us head[736c]=0000 [736e]=0000 [7370]=730c [7b12]=0000 [7a36]=0001 [7a38]=0000
[:slot1:storager] PIT  5738468.1us ff8000 <= ffff mask=00ff pc=002bc4
[:slot1:storager] TICK  5764567.5us head[736c]=0000 [736e]=0000 [7370]=730c [7b12]=0000 [7a36]=0001 [7a38]=0000
[:slot1:storager] PIT  5764583.1us ff8000 <= ffff mask=00ff pc=002bc4
[:slot1:storager] TICK  5790684.5us head[736c]=0000 [736e]=0000 [7370]=730c [7b12]=0000 [7a36]=0001 [7a38]=0000
[:slot1:storager] PIT  5790700.1us ff8000 <= ffff mask=00ff pc=002bc4
[:slot1:storager] TICK  5816800.5us head[736c]=0000 [736e]=0000 [7370]=730c [7b12]=0000 [7a36]=0001 [7a38]=0000
[:slot1:storager] PIT  5816816.1us ff8000 <= ffff mask=00ff pc=002bc4
[:slot1:storager] TICK  5842917.5us head[736c]=0000 [736e]=0000 [7370]=730c [7b12]=0000 [7a36]=0001 [7a38]=0000
[:slot1:storager] PIT  5842933.1us ff8000 <= ffff mask=00ff pc=002bc4
[:slot1:storager] TICK  5869033.5us head[736c]=0000 [736e]=0000 [7370]=730c [7b12]=0000 [7a36]=0001 [7a38]=0000
[:slot1:storager] PIT  5869049.1us ff8000 <= ffff mask=00ff pc=002bc4
[:slot1:storager] TICK  5895151.5us head[736c]=0000 [736e]=0000 [7370]=730c [7b12]=0000 [7a36]=0001 [7a38]=0000
[:slot1:storager] PIT  5895167.1us ff8000 <= ffff mask=00ff pc=002bc4
[:slot1:storager] TICK  5921266.5us head[736c]=0000 [736e]=0000 [7370]=730c [7b12]=0000 [7a36]=0001 [7a38]=0000
[:slot1:storager] PIT  5921282.1us ff8000 <= ffff mask=00ff pc=002bc4
[:slot1:storager] TICK  5947383.5us head[736c]=0000 [736e]=0000 [7370]=730c [7b12]=0000 [7a36]=0001 [7a38]=0000
[:slot1:storager] PIT  5947399.1us ff8000 <= ffff mask=00ff pc=002bc4
[:slot1:storager] TICK  5973516.5us head[736c]=0000 [736e]=0000 [7370]=730c [7b12]=0000 [7a36]=0001 [7a38]=0000
[:slot1:storager] PIT  5973532.1us ff8000 <= ffff mask=00ff pc=002bc4
[:slot1:storager] TICK  5999628.5us head[736c]=0000 [736e]=0000 [7370]=730c [7b12]=0000 [7a36]=0001 [7a38]=0000
[:slot1:storager] PIT  5999644.1us ff8000 <= ffff mask=00ff pc=002bc4
[:slot1:storager] TICK  6025740.5us head[736c]=0000 [736e]=0000 [7370]=730c [7b12]=0000 [7a36]=0001 [7a38]=0000
[:slot1:storager] PIT  6025756.1us ff8000 <= ffff mask=00ff pc=002bc4
[:slot1:storager] TICK  6051852.5us head[736c]=0000 [736e]=0000 [7370]=730c [7b12]=0000 [7a36]=0001 [7a38]=0000
[:slot1:storager] PIT  6051868.1us ff8000 <= ffff mask=00ff pc=002bc4
[:slot1:storager] TICK  6077964.5us head[736c]=0000 [736e]=0000 [7370]=730c [7b12]=0000 [7a36]=0001 [7a38]=0000
[:slot1:storager] PIT  6077980.1us ff8000 <= ffff mask=00ff pc=002bc4
[:slot1:storager] TICK  6104081.5us head[736c]=0000 [736e]=0000 [7370]=730c [7b12]=0000 [7a36]=0001 [7a38]=0000
[:slot1:storager] PIT  6104097.1us ff8000 <= ffff mask=00ff pc=002bc4
[:slot1:storager] TICK  6130197.5us head[736c]=0000 [736e]=0000 [7370]=730c [7b12]=0000 [7a36]=0001 [7a38]=0000
[:slot1:storager] PIT  6130213.1us ff8000 <= ffff mask=00ff pc=002bc4
[:slot1:storager] TICK  6156314.5us head[736c]=0000 [736e]=0000 [7370]=730c [7b12]=0000 [7a36]=0001 [7a38]=0000
[:slot1:storager] PIT  6156330.1us ff8000 <= ffff mask=00ff pc=002bc4
[:slot1:storager] TICK  6182430.5us head[736c]=0000 [736e]=0000 [7370]=730c [7b12]=0000 [7a36]=0001 [7a38]=0000
[:slot1:storager] PIT  6182446.1us ff8000 <= ffff mask=00ff pc=002bc4
[:slot1:storager] TICK  6208546.5us head[736c]=0000 [736e]=0000 [7370]=730c [7b12]=0000 [7a36]=0001 [7a38]=0000
[:slot1:storager] PIT  6208562.1us ff8000 <= ffff mask=00ff pc=002bc4
[:slot1:storager] TICK  6234663.5us head[736c]=0000 [736e]=0000 [7370]=730c [7b12]=0000 [7a36]=0001 [7a38]=0000
[:slot1:storager] PIT  6234679.1us ff8000 <= ffff mask=00ff pc=002bc4
[:slot1:storager] TICK  6260779.5us head[736c]=0000 [736e]=0000 [7370]=730c [7b12]=0000 [7a36]=0001 [7a38]=0000
[:slot1:storager] PIT  6260795.1us ff8000 <= ffff mask=00ff pc=002bc4
[:slot1:storager] TICK  6286896.5us head[736c]=0000 [736e]=0000 [7370]=730c [7b12]=0000 [7a36]=0001 [7a38]=0000
[:slot1:storager] PIT  6286912.1us ff8000 <= ffff mask=00ff pc=002bc4
[:slot1:storager] TICK  6313012.5us head[736c]=0000 [736e]=0000 [7370]=730c [7b12]=0000 [7a36]=0001 [7a38]=0000
[:slot1:storager] PIT  6313028.1us ff8000 <= ffff mask=00ff pc=002bc4
[:slot1:storager] TICK  6339128.5us head[736c]=0000 [736e]=0000 [7370]=730c [7b12]=0000 [7a36]=0001 [7a38]=0000
[:slot1:storager] PIT  6339144.1us ff8000 <= ffff mask=00ff pc=002bc4
[:slot1:storager] TICK  6365245.5us head[736c]=0000 [736e]=0000 [7370]=730c [7b12]=0000 [7a36]=0001 [7a38]=0000
[:slot1:storager] PIT  6365261.1us ff8000 <= ffff mask=00ff pc=002bc4
[:slot1:storager] TICK  6391361.5us head[736c]=0000 [736e]=0000 [7370]=730c [7b12]=0000 [7a36]=0001 [7a38]=0000
[:slot1:storager] PIT  6391377.1us ff8000 <= ffff mask=00ff pc=002bc4
[:slot1:storager] TICK  6417478.5us head[736c]=0000 [736e]=0000 [7370]=730c [7b12]=0000 [7a36]=0001 [7a38]=0000
[:slot1:storager] PIT  6417494.1us ff8000 <= ffff mask=00ff pc=002bc4
[:slot1:storager] TICK  6443594.5us head[736c]=0000 [736e]=0000 [7370]=730c [7b12]=0000 [7a36]=0001 [7a38]=0000
[:slot1:storager] PIT  6443610.1us ff8000 <= ffff mask=00ff pc=002bc4
[:slot1:storager] TICK  6469710.5us head[736c]=0000 [736e]=0000 [7370]=730c [7b12]=0000 [7a36]=0001 [7a38]=0000
[:slot1:storager] PIT  6469726.1us ff8000 <= ffff mask=00ff pc=002bc4
[:slot1:storager] TICK  6495827.5us head[736c]=0000 [736e]=0000 [7370]=730c [7b12]=0000 [7a36]=0001 [7a38]=0000
[:slot1:storager] PIT  6495843.1us ff8000 <= ffff mask=00ff pc=002bc4
[:slot3:serad] 8085 evt rd [004] -> 00 (pc=0a67) @6.50001
[:slot3:serad] 8085 evt rd [005] -> 3f (pc=0a67) @6.50001
[:slot3:serad] 8085 evt rd [004] -> 00 (pc=0a67) @6.50005
[:slot3:serad] 8085 evt rd [005] -> 3f (pc=0a67) @6.50005
[:slot3:serad] 8085 evt rd [004] -> 00 (pc=0a67) @6.50009
[:slot3:serad] 8085 evt rd [005] -> 3f (pc=0a67) @6.50009
[:slot3:serad] 8085 evt rd [004] -> 00 (pc=0a67) @6.50012
[:slot3:serad] 8085 evt rd [005] -> 3f (pc=0a67) @6.50012
[:slot3:serad] 8085 evt rd [004] -> 00 (pc=0a67) @6.50016
[:slot3:serad] 8085 evt rd [005] -> 3f (pc=0a67) @6.50016
[:slot3:serad] 8085 evt rd [004] -> 00 (pc=0a67) @6.50020
[:slot3:serad] 8085 evt rd [005] -> 3f (pc=0a67) @6.50020
[:slot3:serad] 8085 evt rd [004] -> 00 (pc=0a67) @6.50023
[:slot3:serad] 8085 evt rd [005] -> 3f (pc=0a67) @6.50023
[:slot3:serad] 8085 evt rd [004] -> 00 (pc=0a67) @6.50027
[:slot3:serad] 8085 evt rd [005] -> 3f (pc=0a67) @6.50027
[:slot3:serad] 8085 evt rd [004] -> 00 (pc=0a67) @6.50031
[:slot3:serad] 8085 evt rd [005] -> 3f (pc=0a67) @6.50031
[:slot3:serad] 8085 evt rd [004] -> 00 (pc=0a67) @6.50034
[:slot3:serad] 8085 evt rd [005] -> 3f (pc=0a67) @6.50034
[:slot3:serad] 8085 evt rd [004] -> 00 (pc=0a67) @6.50038
[:slot3:serad] 8085 evt rd [005] -> 3f (pc=0a67) @6.50038
[:slot3:serad] 8085 evt rd [004] -> 00 (pc=0a67) @6.50042
[:slot3:serad] 8085 evt rd [005] -> 3f (pc=0a67) @6.50042
[:slot3:serad] 8085 evt rd [004] -> 00 (pc=0a67) @6.50045
[:slot3:serad] 8085 evt rd [005] -> 3f (pc=0a67) @6.50045
[:slot3:serad] 8085 evt rd [004] -> 00 (pc=0a67) @6.50049
[:slot3:serad] 8085 evt rd [005] -> 3f (pc=0a67) @6.50049
[:slot3:serad] 8085 evt rd [004] -> 00 (pc=0a67) @6.50053
[:slot3:serad] 8085 evt rd [005] -> 3f (pc=0a67) @6.50053
[:slot1:storager] TICK  6521944.5us head[736c]=0000 [736e]=0000 [7370]=730c [7b12]=0000 [7a36]=0001 [7a38]=0000
[:slot1:storager] PIT  6521960.1us ff8000 <= ffff mask=00ff pc=002bc4
[:slot1:storager] TICK  6548060.5us head[736c]=0000 [736e]=0000 [7370]=730c [7b12]=0000 [7a36]=0001 [7a38]=0000
[:slot1:storager] PIT  6548076.1us ff8000 <= ffff mask=00ff pc=002bc4
[:slot1:storager] TICK  6574176.5us head[736c]=0000 [736e]=0000 [7370]=730c [7b12]=0000 [7a36]=0001 [7a38]=0000
[:slot1:storager] PIT  6574192.1us ff8000 <= ffff mask=00ff pc=002bc4
[:slot1:storager] TICK  6600292.5us head[736c]=0000 [736e]=0000 [7370]=730c [7b12]=0000 [7a36]=0001 [7a38]=0000
[:slot1:storager] PIT  6600308.1us ff8000 <= ffff mask=00ff pc=002bc4
[:slot1:storager] TICK  6626409.5us head[736c]=0000 [736e]=0000 [7370]=730c [7b12]=0000 [7a36]=0001 [7a38]=0000
[:slot1:storager] PIT  6626425.1us ff8000 <= ffff mask=00ff pc=002bc4
[:slot1:storager] TICK  6652525.5us head[736c]=0000 [736e]=0000 [7370]=730c [7b12]=0000 [7a36]=0001 [7a38]=0000
[:slot1:storager] PIT  6652541.1us ff8000 <= ffff mask=00ff pc=002bc4
[:slot1:storager] TICK  6678641.5us head[736c]=0000 [736e]=0000 [7370]=730c [7b12]=0000 [7a36]=0001 [7a38]=0000
[:slot1:storager] PIT  6678657.1us ff8000 <= ffff mask=00ff pc=002bc4
[:slot1:storager] TICK  6704758.5us head[736c]=0000 [736e]=0000 [7370]=730c [7b12]=0000 [7a36]=0001 [7a38]=0000
[:slot1:storager] PIT  6704774.1us ff8000 <= ffff mask=00ff pc=002bc4
[:slot1:storager] TICK  6730874.5us head[736c]=0000 [736e]=0000 [7370]=730c [7b12]=0000 [7a36]=0001 [7a38]=0000
[:slot1:storager] PIT  6730890.1us ff8000 <= ffff mask=00ff pc=002bc4
[:slot1:storager] TICK  6756990.5us head[736c]=0000 [736e]=0000 [7370]=730c [7b12]=0000 [7a36]=0001 [7a38]=0000
[:slot1:storager] PIT  6757006.1us ff8000 <= ffff mask=00ff pc=002bc4
[:slot1:storager] TICK  6783128.5us head[736c]=0000 [736e]=0000 [7370]=730c [7b12]=0000 [7a36]=0001 [7a38]=0000
[:slot1:storager] PIT  6783144.1us ff8000 <= ffff mask=00ff pc=002bc4
[:slot1:storager] TICK  6809240.5us head[736c]=0000 [736e]=0000 [7370]=730c [7b12]=0000 [7a36]=0001 [7a38]=0000
[:slot1:storager] PIT  6809256.1us ff8000 <= ffff mask=00ff pc=002bc4
[:slot1:storager] TICK  6835352.5us head[736c]=0000 [736e]=0000 [7370]=730c [7b12]=0000 [7a36]=0001 [7a38]=0000
[:slot1:storager] PIT  6835368.1us ff8000 <= ffff mask=00ff pc=002bc4
[:slot1:storager] TICK  6861464.5us head[736c]=0000 [736e]=0000 [7370]=730c [7b12]=0000 [7a36]=0001 [7a38]=0000
[:slot1:storager] PIT  6861480.1us ff8000 <= ffff mask=00ff pc=002bc4
[:slot1:storager] TICK  6887576.5us head[736c]=0000 [736e]=0000 [7370]=730c [7b12]=0000 [7a36]=0001 [7a38]=0000
[:slot1:storager] PIT  6887592.1us ff8000 <= ffff mask=00ff pc=002bc4
[:slot1:storager] TICK  6913689.5us head[736c]=0000 [736e]=0000 [7370]=730c [7b12]=0000 [7a36]=0001 [7a38]=0000
[:slot1:storager] PIT  6913705.1us ff8000 <= ffff mask=00ff pc=002bc4
[:slot1:storager] TICK  6939805.5us head[736c]=0000 [736e]=0000 [7370]=730c [7b12]=0000 [7a36]=0001 [7a38]=0000
[:slot1:storager] PIT  6939821.1us ff8000 <= ffff mask=00ff pc=002bc4
[:slot1:storager] TICK  6965922.5us head[736c]=0000 [736e]=0000 [7370]=730c [7b12]=0000 [7a36]=0001 [7a38]=0000
[:slot1:storager] PIT  6965938.1us ff8000 <= ffff mask=00ff pc=002bc4
[:slot1:storager] TICK  6992039.5us head[736c]=0000 [736e]=0000 [7370]=730c [7b12]=0000 [7a36]=0001 [7a38]=0000
[:slot1:storager] PIT  6992055.1us ff8000 <= ffff mask=00ff pc=002bc4
[:slot1:storager] TICK  7018156.5us head[736c]=0000 [736e]=0000 [7370]=730c [7b12]=0000 [7a36]=0001 [7a38]=0000
[:slot1:storager] PIT  7018172.1us ff8000 <= ffff mask=00ff pc=002bc4
[:slot1:storager] TICK  7044271.5us head[736c]=0000 [736e]=0000 [7370]=730c [7b12]=0000 [7a36]=0001 [7a38]=0000
[:slot1:storager] PIT  7044287.1us ff8000 <= ffff mask=00ff pc=002bc4
[:slot1:storager] TICK  7070388.5us head[736c]=0000 [736e]=0000 [7370]=730c [7b12]=0000 [7a36]=0001 [7a38]=0000
[:slot1:storager] PIT  7070404.1us ff8000 <= ffff mask=00ff pc=002bc4
[:slot1:storager] TICK  7096504.5us head[736c]=0000 [736e]=0000 [7370]=730c [7b12]=0000 [7a36]=0001 [7a38]=0000
[:slot1:storager] PIT  7096520.1us ff8000 <= ffff mask=00ff pc=002bc4
[:slot1:storager] TICK  7122620.5us head[736c]=0000 [736e]=0000 [7370]=730c [7b12]=0000 [7a36]=0001 [7a38]=0000
[:slot1:storager] PIT  7122636.1us ff8000 <= ffff mask=00ff pc=002bc4
[:slot1:storager] TICK  7148737.5us head[736c]=0000 [736e]=0000 [7370]=730c [7b12]=0000 [7a36]=0001 [7a38]=0000
[:slot1:storager] PIT  7148753.1us ff8000 <= ffff mask=00ff pc=002bc4
[:slot1:storager] TICK  7174853.5us head[736c]=0000 [736e]=0000 [7370]=730c [7b12]=0000 [7a36]=0001 [7a38]=0000
[:slot1:storager] PIT  7174869.1us ff8000 <= ffff mask=00ff pc=002bc4
[:slot1:storager] TICK  7200970.5us head[736c]=0000 [736e]=0000 [7370]=730c [7b12]=0000 [7a36]=0001 [7a38]=0000
[:slot1:storager] PIT  7200986.1us ff8000 <= ffff mask=00ff pc=002bc4
[:slot1:storager] TICK  7227086.5us head[736c]=0000 [736e]=0000 [7370]=730c [7b12]=0000 [7a36]=0001 [7a38]=0000
[:slot1:storager] PIT  7227102.1us ff8000 <= ffff mask=00ff pc=002bc4
[:slot1:storager] TICK  7253202.5us head[736c]=0000 [736e]=0000 [7370]=730c [7b12]=0000 [7a36]=0001 [7a38]=0000
[:slot1:storager] PIT  7253218.1us ff8000 <= ffff mask=00ff pc=002bc4
[:slot1:storager] TICK  7279319.5us head[736c]=0000 [736e]=0000 [7370]=730c [7b12]=0000 [7a36]=0001 [7a38]=0000
[:slot1:storager] PIT  7279335.1us ff8000 <= ffff mask=00ff pc=002bc4
[:slot1:storager] TICK  7305435.5us head[736c]=0000 [736e]=0000 [7370]=730c [7b12]=0000 [7a36]=0001 [7a38]=0000
[:slot1:storager] PIT  7305451.1us ff8000 <= ffff mask=00ff pc=002bc4
[:slot1:storager] TICK  7331551.5us head[736c]=0000 [736e]=0000 [7370]=730c [7b12]=0000 [7a36]=0001 [7a38]=0000
[:slot1:storager] PIT  7331567.1us ff8000 <= ffff mask=00ff pc=002bc4
[:slot1:storager] TICK  7357669.5us head[736c]=0000 [736e]=0000 [7370]=730c [7b12]=0000 [7a36]=0001 [7a38]=0000
[:slot1:storager] PIT  7357685.1us ff8000 <= ffff mask=00ff pc=002bc4
[:slot1:storager] TICK  7383785.5us head[736c]=0000 [736e]=0000 [7370]=730c [7b12]=0000 [7a36]=0001 [7a38]=0000
[:slot1:storager] PIT  7383801.1us ff8000 <= ffff mask=00ff pc=002bc4
[:slot1:storager] TICK  7409901.5us head[736c]=0000 [736e]=0000 [7370]=730c [7b12]=0000 [7a36]=0001 [7a38]=0000
[:slot1:storager] PIT  7409917.1us ff8000 <= ffff mask=00ff pc=002bc4
[:slot1:storager] TICK  7436017.5us head[736c]=0000 [736e]=0000 [7370]=730c [7b12]=0000 [7a36]=0001 [7a38]=0000
[:slot1:storager] PIT  7436033.1us ff8000 <= ffff mask=00ff pc=002bc4
[:slot1:storager] TICK  7462134.5us head[736c]=0000 [736e]=0000 [7370]=730c [7b12]=0000 [7a36]=0001 [7a38]=0000
[:slot1:storager] PIT  7462150.1us ff8000 <= ffff mask=00ff pc=002bc4
[:slot1:storager] TICK  7488250.5us head[736c]=0000 [736e]=0000 [7370]=730c [7b12]=0000 [7a36]=0001 [7a38]=0000
[:slot1:storager] PIT  7488266.1us ff8000 <= ffff mask=00ff pc=002bc4
[:slot1:storager] TICK  7514366.5us head[736c]=0000 [736e]=0000 [7370]=730c [7b12]=0000 [7a36]=0001 [7a38]=0000
[:slot1:storager] PIT  7514382.1us ff8000 <= ffff mask=00ff pc=002bc4
[:slot1:storager] TICK  7540483.5us head[736c]=0000 [736e]=0000 [7370]=730c [7b12]=0000 [7a36]=0001 [7a38]=0000
[:slot1:storager] PIT  7540499.1us ff8000 <= ffff mask=00ff pc=002bc4
[:slot1:storager] TICK  7566599.5us head[736c]=0000 [736e]=0000 [7370]=730c [7b12]=0000 [7a36]=0001 [7a38]=0000
[:slot1:storager] PIT  7566615.1us ff8000 <= ffff mask=00ff pc=002bc4
[:slot1:storager] TICK  7592715.5us head[736c]=0000 [736e]=0000 [7370]=730c [7b12]=0000 [7a36]=0001 [7a38]=0000
[:slot1:storager] PIT  7592731.1us ff8000 <= ffff mask=00ff pc=002bc4
[:slot1:storager] TICK  7618832.5us head[736c]=0000 [736e]=0000 [7370]=730c [7b12]=0000 [7a36]=0001 [7a38]=0000
[:slot1:storager] PIT  7618848.1us ff8000 <= ffff mask=00ff pc=002bc4
[:slot1:storager] TICK  7644965.5us head[736c]=0000 [736e]=0000 [7370]=730c [7b12]=0000 [7a36]=0001 [7a38]=0000
[:slot1:storager] PIT  7644981.1us ff8000 <= ffff mask=00ff pc=002bc4
[:slot1:storager] TICK  7671077.5us head[736c]=0000 [736e]=0000 [7370]=730c [7b12]=0000 [7a36]=0001 [7a38]=0000
[:slot1:storager] PIT  7671093.1us ff8000 <= ffff mask=00ff pc=002bc4
[:slot1:storager] TICK  7697189.5us head[736c]=0000 [736e]=0000 [7370]=730c [7b12]=0000 [7a36]=0001 [7a38]=0000
[:slot1:storager] PIT  7697205.1us ff8000 <= ffff mask=00ff pc=002bc4
[:slot1:storager] TICK  7723301.5us head[736c]=0000 [736e]=0000 [7370]=730c [7b12]=0000 [7a36]=0001 [7a38]=0000
[:slot1:storager] PIT  7723317.1us ff8000 <= ffff mask=00ff pc=002bc4
[:slot1:storager] TICK  7749414.5us head[736c]=0000 [736e]=0000 [7370]=730c [7b12]=0000 [7a36]=0001 [7a38]=0000
[:slot1:storager] PIT  7749430.1us ff8000 <= ffff mask=00ff pc=002bc4
[:slot1:storager] TICK  7775530.5us head[736c]=0000 [736e]=0000 [7370]=730c [7b12]=0000 [7a36]=0001 [7a38]=0000
[:slot1:storager] PIT  7775546.1us ff8000 <= ffff mask=00ff pc=002bc4
[:slot1:storager] TICK  7801647.5us head[736c]=0000 [736e]=0000 [7370]=730c [7b12]=0000 [7a36]=0001 [7a38]=0000
[:slot1:storager] PIT  7801663.1us ff8000 <= ffff mask=00ff pc=002bc4
[:slot1:storager] TICK  7827763.5us head[736c]=0000 [736e]=0000 [7370]=730c [7b12]=0000 [7a36]=0001 [7a38]=0000
[:slot1:storager] PIT  7827779.1us ff8000 <= ffff mask=00ff pc=002bc4
[:slot1:storager] TICK  7853881.5us head[736c]=0000 [736e]=0000 [7370]=730c [7b12]=0000 [7a36]=0001 [7a38]=0000
[:slot1:storager] PIT  7853897.1us ff8000 <= ffff mask=00ff pc=002bc4
[:slot1:storager] TICK  7879996.5us head[736c]=0000 [736e]=0000 [7370]=730c [7b12]=0000 [7a36]=0001 [7a38]=0000
[:slot1:storager] PIT  7880012.1us ff8000 <= ffff mask=00ff pc=002bc4
[:slot1:storager] TICK  7906113.5us head[736c]=0000 [736e]=0000 [7370]=730c [7b12]=0000 [7a36]=0001 [7a38]=0000
[:slot1:storager] PIT  7906129.1us ff8000 <= ffff mask=00ff pc=002bc4
[:slot1:storager] TICK  7932229.5us head[736c]=0000 [736e]=0000 [7370]=730c [7b12]=0000 [7a36]=0001 [7a38]=0000
[:slot1:storager] PIT  7932245.1us ff8000 <= ffff mask=00ff pc=002bc4
[:slot1:storager] TICK  7958345.5us head[736c]=0000 [736e]=0000 [7370]=730c [7b12]=0000 [7a36]=0001 [7a38]=0000
[:slot1:storager] PIT  7958361.1us ff8000 <= ffff mask=00ff pc=002bc4
[:slot1:storager] TICK  7984462.5us head[736c]=0000 [736e]=0000 [7370]=730c [7b12]=0000 [7a36]=0001 [7a38]=0000
[:slot1:storager] PIT  7984478.1us ff8000 <= ffff mask=00ff pc=002bc4
[:slot1:storager] TICK  8010578.5us head[736c]=0000 [736e]=0000 [7370]=730c [7b12]=0000 [7a36]=0001 [7a38]=0000
[:slot1:storager] PIT  8010594.1us ff8000 <= ffff mask=00ff pc=002bc4
[:slot1:storager] TICK  8036695.5us head[736c]=0000 [736e]=0000 [7370]=730c [7b12]=0000 [7a36]=0001 [7a38]=0000
[:slot1:storager] PIT  8036711.1us ff8000 <= ffff mask=00ff pc=002bc4
[:slot1:storager] TICK  8062811.5us head[736c]=0000 [736e]=0000 [7370]=730c [7b12]=0000 [7a36]=0001 [7a38]=0000
[:slot1:storager] PIT  8062827.1us ff8000 <= ffff mask=00ff pc=002bc4
[:slot1:storager] TICK  8088927.5us head[736c]=0000 [736e]=0000 [7370]=730c [7b12]=0000 [7a36]=0001 [7a38]=0000
[:slot1:storager] PIT  8088943.1us ff8000 <= ffff mask=00ff pc=002bc4
[:slot1:storager] TICK  8115044.5us head[736c]=0000 [736e]=0000 [7370]=730c [7b12]=0000 [7a36]=0001 [7a38]=0000
[:slot1:storager] PIT  8115060.1us ff8000 <= ffff mask=00ff pc=002bc4
[:slot1:storager] TICK  8141160.5us head[736c]=0000 [736e]=0000 [7370]=730c [7b12]=0000 [7a36]=0001 [7a38]=0000
[:slot1:storager] PIT  8141176.1us ff8000 <= ffff mask=00ff pc=002bc4
[:slot1:storager] TICK  8167276.5us head[736c]=0000 [736e]=0000 [7370]=730c [7b12]=0000 [7a36]=0001 [7a38]=0000
[:slot1:storager] PIT  8167292.1us ff8000 <= ffff mask=00ff pc=002bc4
[:slot1:storager] TICK  8193394.5us head[736c]=0000 [736e]=0000 [7370]=730c [7b12]=0000 [7a36]=0001 [7a38]=0000
[:slot1:storager] PIT  8193410.1us ff8000 <= ffff mask=00ff pc=002bc4
[:slot1:storager] TICK  8219510.5us head[736c]=0000 [736e]=0000 [7370]=730c [7b12]=0000 [7a36]=0001 [7a38]=0000
[:slot1:storager] PIT  8219526.1us ff8000 <= ffff mask=00ff pc=002bc4
[:slot1:storager] TICK  8245625.5us head[736c]=0000 [736e]=0000 [7370]=730c [7b12]=0000 [7a36]=0001 [7a38]=0000
[:slot1:storager] PIT  8245641.1us ff8000 <= ffff mask=00ff pc=002bc4
[:slot3:serad] 8085 IP io0D -> be (pc=0a0b) @8.25800
[:slot3:serad] 8085 IP io0D -> be (pc=0a63) @8.25802
[:slot3:serad] 8085 IP io0D -> be (pc=0a0b) @8.25804
[:slot3:serad] 8085 IP io0D -> be (pc=0a63) @8.25805
[:slot3:serad] 8085 IP io0D -> be (pc=0a0b) @8.25808
[:slot3:serad] 8085 IP io0D -> be (pc=0a63) @8.25809
[:slot3:serad] 8085 IP io0D -> be (pc=0a0b) @8.25811
[:slot3:serad] 8085 IP io0D -> be (pc=0a63) @8.25813
[:slot3:serad] 8085 IP io0D -> be (pc=0a0b) @8.25815
[:slot3:serad] 8085 IP io0D -> be (pc=0a63) @8.25817
[:slot3:serad] 8085 IP io0D -> be (pc=0a0b) @8.25819
[:slot3:serad] 8085 IP io0D -> be (pc=0a63) @8.25820
[:slot3:serad] 8085 IP io0D -> be (pc=0a0b) @8.25822
[:slot3:serad] 8085 IP io0D -> be (pc=0a63) @8.25824
[:slot3:serad] 8085 IP io0D -> be (pc=0a0b) @8.25826
[:slot3:serad] 8085 IP io0D -> be (pc=0a63) @8.25828
[:slot3:serad] 8085 IP io0D -> be (pc=0a0b) @8.25830
[:slot3:serad] 8085 IP io0D -> be (pc=0a63) @8.25831
[:slot3:serad] 8085 IP io0D -> be (pc=0a0b) @8.25833
[:slot3:serad] 8085 IP io0D -> be (pc=0a63) @8.25835
[:slot1:storager] TICK  8271742.5us head[736c]=0000 [736e]=0000 [7370]=730c [7b12]=0000 [7a36]=0001 [7a38]=0000
[:slot1:storager] PIT  8271758.1us ff8000 <= ffff mask=00ff pc=002bc4
[:slot1:storager] TICK  8297858.5us head[736c]=0000 [736e]=0000 [7370]=730c [7b12]=0000 [7a36]=0001 [7a38]=0000
[:slot1:storager] PIT  8297874.1us ff8000 <= ffff mask=00ff pc=002bc4
[:slot1:storager] TICK  8323975.5us head[736c]=0000 [736e]=0000 [7370]=730c [7b12]=0000 [7a36]=0001 [7a38]=0000
[:slot1:storager] PIT  8323991.1us ff8000 <= ffff mask=00ff pc=002bc4
[:slot1:storager] TICK  8350091.5us head[736c]=0000 [736e]=0000 [7370]=730c [7b12]=0000 [7a36]=0001 [7a38]=0000
[:slot1:storager] PIT  8350107.1us ff8000 <= ffff mask=00ff pc=002bc4
[:slot1:storager] TICK  8376208.5us head[736c]=0000 [736e]=0000 [7370]=730c [7b12]=0000 [7a36]=0001 [7a38]=0000
[:slot1:storager] PIT  8376224.1us ff8000 <= ffff mask=00ff pc=002bc4
[:slot1:storager] TICK  8402324.5us head[736c]=0000 [736e]=0000 [7370]=730c [7b12]=0000 [7a36]=0001 [7a38]=0000
[:slot1:storager] PIT  8402340.1us ff8000 <= ffff mask=00ff pc=002bc4
[:slot1:storager] TICK  8428440.5us head[736c]=0000 [736e]=0000 [7370]=730c [7b12]=0000 [7a36]=0001 [7a38]=0000
[:slot1:storager] PIT  8428456.1us ff8000 <= ffff mask=00ff pc=002bc4
[:slot1:storager] TICK  8454557.5us head[736c]=0000 [736e]=0000 [7370]=730c [7b12]=0000 [7a36]=0001 [7a38]=0000
[:slot1:storager] PIT  8454573.1us ff8000 <= ffff mask=00ff pc=002bc4
[:slot1:storager] TICK  8480690.5us head[736c]=0000 [736e]=0000 [7370]=730c [7b12]=0000 [7a36]=0001 [7a38]=0000
[:slot1:storager] PIT  8480706.1us ff8000 <= ffff mask=00ff pc=002bc4
[:slot3:serad] 8085 desc rd [013] -> 04 (pc=0a0c) @8.50000
[:slot3:serad] 8085 desc rd [012] -> 00 (pc=0a0c) @8.50000
[:slot3:serad] 8085 desc rd [015] -> 04 (pc=0a0c) @8.50000
[:slot3:serad] 8085 desc rd [014] -> 00 (pc=0a0c) @8.50000
[:slot3:serad] MBXDUMP en4=00 en5=3f sum2=00 sum3=80 ev6=00 ring12=0400 ring14=0400 cell[a0]=81 @8.5000
[:slot6:cpuap:cpu] CELLDUMP [a0]=81 en4=00 en5=3f sum2=00 ring12=0400 ring14=0400 @8.5000
[:slot1:storager] TICK  8506802.5us head[736c]=0000 [736e]=0000 [7370]=730c [7b12]=0000 [7a36]=0001 [7a38]=0000
[:slot1:storager] PIT  8506818.1us ff8000 <= ffff mask=00ff pc=002bc4
[:slot1:storager] TICK  8532914.5us head[736c]=0000 [736e]=0000 [7370]=730c [7b12]=0000 [7a36]=0001 [7a38]=0000
[:slot1:storager] PIT  8532930.1us ff8000 <= ffff mask=00ff pc=002bc4
[:slot1:storager] TICK  8559026.5us head[736c]=0000 [736e]=0000 [7370]=730c [7b12]=0000 [7a36]=0001 [7a38]=0000
[:slot1:storager] PIT  8559042.1us ff8000 <= ffff mask=00ff pc=002bc4
[:slot1:storager] TICK  8585139.5us head[736c]=0000 [736e]=0000 [7370]=730c [7b12]=0000 [7a36]=0001 [7a38]=0000
[:slot1:storager] PIT  8585155.1us ff8000 <= ffff mask=00ff pc=002bc4
[:slot1:storager] TICK  8611255.5us head[736c]=0000 [736e]=0000 [7370]=730c [7b12]=0000 [7a36]=0001 [7a38]=0000
[:slot1:storager] PIT  8611271.1us ff8000 <= ffff mask=00ff pc=002bc4
[:slot1:storager] TICK  8637371.5us head[736c]=0000 [736e]=0000 [7370]=730c [7b12]=0000 [7a36]=0001 [7a38]=0000
[:slot1:storager] PIT  8637387.1us ff8000 <= ffff mask=00ff pc=002bc4
[:slot1:storager] TICK  8663488.5us head[736c]=0000 [736e]=0000 [7370]=730c [7b12]=0000 [7a36]=0001 [7a38]=0000
[:slot1:storager] PIT  8663504.1us ff8000 <= ffff mask=00ff pc=002bc4
[:slot1:storager] TICK  8689604.5us head[736c]=0000 [736e]=0000 [7370]=730c [7b12]=0000 [7a36]=0001 [7a38]=0000
[:slot1:storager] PIT  8689620.1us ff8000 <= ffff mask=00ff pc=002bc4
[:slot1:storager] TICK  8715720.5us head[736c]=0000 [736e]=0000 [7370]=730c [7b12]=0000 [7a36]=0001 [7a38]=0000
[:slot1:storager] PIT  8715736.1us ff8000 <= ffff mask=00ff pc=002bc4
[:slot1:storager] TICK  8741837.5us head[736c]=0000 [736e]=0000 [7370]=730c [7b12]=0000 [7a36]=0001 [7a38]=0000
[:slot1:storager] PIT  8741853.1us ff8000 <= ffff mask=00ff pc=002bc4
[:slot1:storager] TICK  8767954.5us head[736c]=0000 [736e]=0000 [7370]=730c [7b12]=0000 [7a36]=0001 [7a38]=0000
[:slot1:storager] PIT  8767970.1us ff8000 <= ffff mask=00ff pc=002bc4
[:slot1:storager] TICK  8794070.5us head[736c]=0000 [736e]=0000 [7370]=730c [7b12]=0000 [7a36]=0001 [7a38]=0000
[:slot1:storager] PIT  8794086.1us ff8000 <= ffff mask=00ff pc=002bc4
[:slot1:storager] TICK  8820186.5us head[736c]=0000 [736e]=0000 [7370]=730c [7b12]=0000 [7a36]=0001 [7a38]=0000
[:slot1:storager] PIT  8820202.1us ff8000 <= ffff mask=00ff pc=002bc4
[:slot1:storager] TICK  8846304.5us head[736c]=0000 [736e]=0000 [7370]=730c [7b12]=0000 [7a36]=0001 [7a38]=0000
[:slot1:storager] PIT  8846320.1us ff8000 <= ffff mask=00ff pc=002bc4
[:slot1:storager] TICK  8872419.5us head[736c]=0000 [736e]=0000 [7370]=730c [7b12]=0000 [7a36]=0001 [7a38]=0000
[:slot1:storager] PIT  8872435.1us ff8000 <= ffff mask=00ff pc=002bc4
[:slot1:storager] TICK  8898536.5us head[736c]=0000 [736e]=0000 [7370]=730c [7b12]=0000 [7a36]=0001 [7a38]=0000
[:slot1:storager] PIT  8898552.1us ff8000 <= ffff mask=00ff pc=002bc4
[:slot1:storager] TICK  8924652.5us head[736c]=0000 [736e]=0000 [7370]=730c [7b12]=0000 [7a36]=0001 [7a38]=0000
[:slot1:storager] PIT  8924668.1us ff8000 <= ffff mask=00ff pc=002bc4
[:slot1:storager] TICK  8950768.5us head[736c]=0000 [736e]=0000 [7370]=730c [7b12]=0000 [7a36]=0001 [7a38]=0000
[:slot1:storager] PIT  8950784.1us ff8000 <= ffff mask=00ff pc=002bc4
[:slot1:storager] TICK  8976886.5us head[736c]=0000 [736e]=0000 [7370]=730c [7b12]=0000 [7a36]=0001 [7a38]=0000
[:slot1:storager] PIT  8976902.1us ff8000 <= ffff mask=00ff pc=002bc4
[:slot1:storager] TICK  9003002.5us head[736c]=0000 [736e]=0000 [7370]=730c [7b12]=0000 [7a36]=0001 [7a38]=0000
[:slot1:storager] PIT  9003018.1us ff8000 <= ffff mask=00ff pc=002bc4
[:slot1:storager] TICK  9029118.5us head[736c]=0000 [736e]=0000 [7370]=730c [7b12]=0000 [7a36]=0001 [7a38]=0000
[:slot1:storager] PIT  9029134.1us ff8000 <= ffff mask=00ff pc=002bc4
[:slot1:storager] TICK  9055234.5us head[736c]=0000 [736e]=0000 [7370]=730c [7b12]=0000 [7a36]=0001 [7a38]=0000
[:slot1:storager] PIT  9055250.1us ff8000 <= ffff mask=00ff pc=002bc4
[:slot1:storager] TICK  9081351.5us head[736c]=0000 [736e]=0000 [7370]=730c [7b12]=0000 [7a36]=0001 [7a38]=0000
[:slot1:storager] PIT  9081367.1us ff8000 <= ffff mask=00ff pc=002bc4
[:slot1:storager] TICK  9107467.5us head[736c]=0000 [736e]=0000 [7370]=730c [7b12]=0000 [7a36]=0001 [7a38]=0000
[:slot1:storager] PIT  9107483.1us ff8000 <= ffff mask=00ff pc=002bc4
[:slot1:storager] TICK  9133583.5us head[736c]=0000 [736e]=0000 [7370]=730c [7b12]=0000 [7a36]=0001 [7a38]=0000
[:slot1:storager] PIT  9133599.1us ff8000 <= ffff mask=00ff pc=002bc4
[:slot1:storager] TICK  9159700.5us head[736c]=0000 [736e]=0000 [7370]=730c [7b12]=0000 [7a36]=0001 [7a38]=0000
[:slot1:storager] PIT  9159716.1us ff8000 <= ffff mask=00ff pc=002bc4
[:slot1:storager] TICK  9185816.5us head[736c]=0000 [736e]=0000 [7370]=730c [7b12]=0000 [7a36]=0001 [7a38]=0000
[:slot1:storager] PIT  9185832.1us ff8000 <= ffff mask=00ff pc=002bc4
[:slot1:storager] TICK  9211932.5us head[736c]=0000 [736e]=0000 [7370]=730c [7b12]=0000 [7a36]=0001 [7a38]=0000
[:slot1:storager] PIT  9211948.1us ff8000 <= ffff mask=00ff pc=002bc4
[:slot1:storager] TICK  9238050.5us head[736c]=0000 [736e]=0000 [7370]=730c [7b12]=0000 [7a36]=0001 [7a38]=0000
[:slot1:storager] PIT  9238066.1us ff8000 <= ffff mask=00ff pc=002bc4
[:slot1:storager] TICK  9264165.5us head[736c]=0000 [736e]=0000 [7370]=730c [7b12]=0000 [7a36]=0001 [7a38]=0000
[:slot1:storager] PIT  9264181.1us ff8000 <= ffff mask=00ff pc=002bc4
[:slot1:storager] TICK  9290282.5us head[736c]=0000 [736e]=0000 [7370]=730c [7b12]=0000 [7a36]=0001 [7a38]=0000
[:slot1:storager] PIT  9290298.1us ff8000 <= ffff mask=00ff pc=002bc4
[:slot1:storager] TICK  9316415.5us head[736c]=0000 [736e]=0000 [7370]=730c [7b12]=0000 [7a36]=0001 [7a38]=0000
[:slot1:storager] PIT  9316431.1us ff8000 <= ffff mask=00ff pc=002bc4
[:slot1:storager] TICK  9342527.5us head[736c]=0000 [736e]=0000 [7370]=730c [7b12]=0000 [7a36]=0001 [7a38]=0000
[:slot1:storager] PIT  9342543.1us ff8000 <= ffff mask=00ff pc=002bc4
[:slot1:storager] TICK  9368639.5us head[736c]=0000 [736e]=0000 [7370]=730c [7b12]=0000 [7a36]=0001 [7a38]=0000
[:slot1:storager] PIT  9368655.1us ff8000 <= ffff mask=00ff pc=002bc4
[:slot1:storager] TICK  9394751.5us head[736c]=0000 [736e]=0000 [7370]=730c [7b12]=0000 [7a36]=0001 [7a38]=0000
[:slot1:storager] PIT  9394767.1us ff8000 <= ffff mask=00ff pc=002bc4
[:slot1:storager] TICK  9420864.5us head[736c]=0000 [736e]=0000 [7370]=730c [7b12]=0000 [7a36]=0001 [7a38]=0000
[:slot1:storager] PIT  9420880.1us ff8000 <= ffff mask=00ff pc=002bc4
[:slot1:storager] TICK  9446980.5us head[736c]=0000 [736e]=0000 [7370]=730c [7b12]=0000 [7a36]=0001 [7a38]=0000
[:slot1:storager] PIT  9446996.1us ff8000 <= ffff mask=00ff pc=002bc4
[:slot1:storager] TICK  9473096.5us head[736c]=0000 [736e]=0000 [7370]=730c [7b12]=0000 [7a36]=0001 [7a38]=0000
[:slot1:storager] PIT  9473112.1us ff8000 <= ffff mask=00ff pc=002bc4
[:slot1:storager] TICK  9499213.5us head[736c]=0000 [736e]=0000 [7370]=730c [7b12]=0000 [7a36]=0001 [7a38]=0000
[:slot1:storager] PIT  9499229.1us ff8000 <= ffff mask=00ff pc=002bc4
[:slot1:storager] TICK  9525329.5us head[736c]=0000 [736e]=0000 [7370]=730c [7b12]=0000 [7a36]=0001 [7a38]=0000
[:slot1:storager] PIT  9525345.1us ff8000 <= ffff mask=00ff pc=002bc4
[:slot1:storager] TICK  9551445.5us head[736c]=0000 [736e]=0000 [7370]=730c [7b12]=0000 [7a36]=0001 [7a38]=0000
[:slot1:storager] PIT  9551461.1us ff8000 <= ffff mask=00ff pc=002bc4
[:slot1:storager] TICK  9577562.5us head[736c]=0000 [736e]=0000 [7370]=730c [7b12]=0000 [7a36]=0001 [7a38]=0000
[:slot1:storager] PIT  9577578.1us ff8000 <= ffff mask=00ff pc=002bc4
[:slot1:storager] TICK  9603679.5us head[736c]=0000 [736e]=0000 [7370]=730c [7b12]=0000 [7a36]=0001 [7a38]=0000
[:slot1:storager] PIT  9603695.1us ff8000 <= ffff mask=00ff pc=002bc4
[:slot1:storager] TICK  9629795.5us head[736c]=0000 [736e]=0000 [7370]=730c [7b12]=0000 [7a36]=0001 [7a38]=0000
[:slot1:storager] PIT  9629811.1us ff8000 <= ffff mask=00ff pc=002bc4
[:slot1:storager] TICK  9655911.5us head[736c]=0000 [736e]=0000 [7370]=730c [7b12]=0000 [7a36]=0001 [7a38]=0000
[:slot1:storager] PIT  9655927.1us ff8000 <= ffff mask=00ff pc=002bc4
[:slot1:storager] TICK  9682028.5us head[736c]=0000 [736e]=0000 [7370]=730c [7b12]=0000 [7a36]=0001 [7a38]=0000
[:slot1:storager] PIT  9682044.1us ff8000 <= ffff mask=00ff pc=002bc4
[:slot1:storager] TICK  9708144.5us head[736c]=0000 [736e]=0000 [7370]=730c [7b12]=0000 [7a36]=0001 [7a38]=0000
[:slot1:storager] PIT  9708160.1us ff8000 <= ffff mask=00ff pc=002bc4
[:slot1:storager] TICK  9734261.5us head[736c]=0000 [736e]=0000 [7370]=730c [7b12]=0000 [7a36]=0001 [7a38]=0000
[:slot1:storager] PIT  9734277.1us ff8000 <= ffff mask=00ff pc=002bc4
[:slot1:storager] TICK  9760377.5us head[736c]=0000 [736e]=0000 [7370]=730c [7b12]=0000 [7a36]=0001 [7a38]=0000
[:slot1:storager] PIT  9760393.1us ff8000 <= ffff mask=00ff pc=002bc4
[:slot1:storager] TICK  9786493.5us head[736c]=0000 [736e]=0000 [7370]=730c [7b12]=0000 [7a36]=0001 [7a38]=0000
[:slot1:storager] PIT  9786509.1us ff8000 <= ffff mask=00ff pc=002bc4
[:slot1:storager] TICK  9812610.5us head[736c]=0000 [736e]=0000 [7370]=730c [7b12]=0000 [7a36]=0001 [7a38]=0000
[:slot1:storager] PIT  9812626.1us ff8000 <= ffff mask=00ff pc=002bc4
[:slot1:storager] TICK  9838726.5us head[736c]=0000 [736e]=0000 [7370]=730c [7b12]=0000 [7a36]=0001 [7a38]=0000
[:slot1:storager] PIT  9838742.1us ff8000 <= ffff mask=00ff pc=002bc4
[:slot1:storager] TICK  9864843.5us head[736c]=0000 [736e]=0000 [7370]=730c [7b12]=0000 [7a36]=0001 [7a38]=0000
[:slot1:storager] PIT  9864859.1us ff8000 <= ffff mask=00ff pc=002bc4
[:slot1:storager] TICK  9890959.5us head[736c]=0000 [736e]=0000 [7370]=730c [7b12]=0000 [7a36]=0001 [7a38]=0000
[:slot1:storager] PIT  9890975.1us ff8000 <= ffff mask=00ff pc=002bc4
[:slot1:storager] TICK  9917076.5us head[736c]=0000 [736e]=0000 [7370]=730c [7b12]=0000 [7a36]=0001 [7a38]=0000
[:slot1:storager] PIT  9917092.1us ff8000 <= ffff mask=00ff pc=002bc4
[:slot1:storager] TICK  9943191.5us head[736c]=0000 [736e]=0000 [7370]=730c [7b12]=0000 [7a36]=0001 [7a38]=0000
[:slot1:storager] PIT  9943207.1us ff8000 <= ffff mask=00ff pc=002bc4
[:slot1:storager] TICK  9969308.5us head[736c]=0000 [736e]=0000 [7370]=730c [7b12]=0000 [7a36]=0001 [7a38]=0000
[:slot1:storager] PIT  9969324.1us ff8000 <= ffff mask=00ff pc=002bc4
[:slot1:storager] TICK  9995424.5us head[736c]=0000 [736e]=0000 [7370]=730c [7b12]=0000 [7a36]=0001 [7a38]=0000
[:slot1:storager] PIT  9995440.1us ff8000 <= ffff mask=00ff pc=002bc4
[:slot1:storager] TICK 10021541.5us head[736c]=0000 [736e]=0000 [7370]=730c [7b12]=0000 [7a36]=0001 [7a38]=0000
[:slot1:storager] PIT 10021557.1us ff8000 <= ffff mask=00ff pc=002bc4
[:slot1:storager] TICK 10047657.5us head[736c]=0000 [736e]=0000 [7370]=730c [7b12]=0000 [7a36]=0001 [7a38]=0000
[:slot1:storager] PIT 10047673.1us ff8000 <= ffff mask=00ff pc=002bc4
[:slot1:storager] TICK 10073775.5us head[736c]=0000 [736e]=0000 [7370]=730c [7b12]=0000 [7a36]=0001 [7a38]=0000
[:slot1:storager] PIT 10073791.1us ff8000 <= ffff mask=00ff pc=002bc4
[:slot1:storager] TICK 10099890.5us head[736c]=0000 [736e]=0000 [7370]=730c [7b12]=0000 [7a36]=0001 [7a38]=0000
[:slot1:storager] PIT 10099906.1us ff8000 <= ffff mask=00ff pc=002bc4
[:slot1:storager] TICK 10126007.5us head[736c]=0000 [736e]=0000 [7370]=730c [7b12]=0000 [7a36]=0001 [7a38]=0000
[:slot1:storager] PIT 10126023.1us ff8000 <= ffff mask=00ff pc=002bc4
[:slot1:storager] TICK 10152140.5us head[736c]=0000 [736e]=0000 [7370]=730c [7b12]=0000 [7a36]=0001 [7a38]=0000
[:slot1:storager] PIT 10152156.1us ff8000 <= ffff mask=00ff pc=002bc4
[:slot1:storager] TICK 10178252.5us head[736c]=0000 [736e]=0000 [7370]=730c [7b12]=0000 [7a36]=0001 [7a38]=0000
[:slot1:storager] PIT 10178268.1us ff8000 <= ffff mask=00ff pc=002bc4
[:slot1:storager] TICK 10204364.5us head[736c]=0000 [736e]=0000 [7370]=730c [7b12]=0000 [7a36]=0001 [7a38]=0000
[:slot1:storager] PIT 10204380.1us ff8000 <= ffff mask=00ff pc=002bc4
[:slot1:storager] TICK 10230476.5us head[736c]=0000 [736e]=0000 [7370]=730c [7b12]=0000 [7a36]=0001 [7a38]=0000
[:slot1:storager] PIT 10230492.1us ff8000 <= ffff mask=00ff pc=002bc4
[:slot1:storager] TICK 10256588.5us head[736c]=0000 [736e]=0000 [7370]=730c [7b12]=0000 [7a36]=0001 [7a38]=0000
[:slot1:storager] PIT 10256604.1us ff8000 <= ffff mask=00ff pc=002bc4
[:slot1:storager] TICK 10282705.5us head[736c]=0000 [736e]=0000 [7370]=730c [7b12]=0000 [7a36]=0001 [7a38]=0000
[:slot1:storager] PIT 10282721.1us ff8000 <= ffff mask=00ff pc=002bc4
[:slot1:storager] TICK 10308821.5us head[736c]=0000 [736e]=0000 [7370]=730c [7b12]=0000 [7a36]=0001 [7a38]=0000
[:slot1:storager] PIT 10308837.1us ff8000 <= ffff mask=00ff pc=002bc4
[:slot1:storager] TICK 10334938.5us head[736c]=0000 [736e]=0000 [7370]=730c [7b12]=0000 [7a36]=0001 [7a38]=0000
[:slot1:storager] PIT 10334954.1us ff8000 <= ffff mask=00ff pc=002bc4
[:slot1:storager] TICK 10361054.5us head[736c]=0000 [736e]=0000 [7370]=730c [7b12]=0000 [7a36]=0001 [7a38]=0000
[:slot1:storager] PIT 10361070.1us ff8000 <= ffff mask=00ff pc=002bc4
[:slot1:storager] TICK 10387170.5us head[736c]=0000 [736e]=0000 [7370]=730c [7b12]=0000 [7a36]=0001 [7a38]=0000
[:slot1:storager] PIT 10387186.1us ff8000 <= ffff mask=00ff pc=002bc4
[:slot1:storager] TICK 10413287.5us head[736c]=0000 [736e]=0000 [7370]=730c [7b12]=0000 [7a36]=0001 [7a38]=0000
[:slot1:storager] PIT 10413303.1us ff8000 <= ffff mask=00ff pc=002bc4
[:slot1:storager] TICK 10439403.5us head[736c]=0000 [736e]=0000 [7370]=730c [7b12]=0000 [7a36]=0001 [7a38]=0000
[:slot1:storager] PIT 10439419.1us ff8000 <= ffff mask=00ff pc=002bc4
[:slot1:storager] TICK 10465520.5us head[736c]=0000 [736e]=0000 [7370]=730c [7b12]=0000 [7a36]=0001 [7a38]=0000
[:slot1:storager] PIT 10465536.1us ff8000 <= ffff mask=00ff pc=002bc4
[:slot1:storager] TICK 10491636.5us head[736c]=0000 [736e]=0000 [7370]=730c [7b12]=0000 [7a36]=0001 [7a38]=0000
[:slot1:storager] PIT 10491652.1us ff8000 <= ffff mask=00ff pc=002bc4
[:slot1:storager] TICK 10517752.5us head[736c]=0000 [736e]=0000 [7370]=730c [7b12]=0000 [7a36]=0001 [7a38]=0000
[:slot1:storager] PIT 10517768.1us ff8000 <= ffff mask=00ff pc=002bc4
[:slot1:storager] TICK 10543869.5us head[736c]=0000 [736e]=0000 [7370]=730c [7b12]=0000 [7a36]=0001 [7a38]=0000
[:slot1:storager] PIT 10543885.1us ff8000 <= ffff mask=00ff pc=002bc4
[:slot1:storager] TICK 10569985.5us head[736c]=0000 [736e]=0000 [7370]=730c [7b12]=0000 [7a36]=0001 [7a38]=0000
[:slot1:storager] PIT 10570001.1us ff8000 <= ffff mask=00ff pc=002bc4
[:slot1:storager] TICK 10596102.5us head[736c]=0000 [736e]=0000 [7370]=730c [7b12]=0000 [7a36]=0001 [7a38]=0000
[:slot1:storager] PIT 10596118.1us ff8000 <= ffff mask=00ff pc=002bc4
[:slot1:storager] TICK 10622218.5us head[736c]=0000 [736e]=0000 [7370]=730c [7b12]=0000 [7a36]=0001 [7a38]=0000
[:slot1:storager] PIT 10622234.1us ff8000 <= ffff mask=00ff pc=002bc4
[:slot1:storager] TICK 10648334.5us head[736c]=0000 [736e]=0000 [7370]=730c [7b12]=0000 [7a36]=0001 [7a38]=0000
[:slot1:storager] PIT 10648350.1us ff8000 <= ffff mask=00ff pc=002bc4
[:slot1:storager] TICK 10674451.5us head[736c]=0000 [736e]=0000 [7370]=730c [7b12]=0000 [7a36]=0001 [7a38]=0000
[:slot1:storager] PIT 10674467.1us ff8000 <= ffff mask=00ff pc=002bc4
[:slot1:storager] TICK 10700568.5us head[736c]=0000 [736e]=0000 [7370]=730c [7b12]=0000 [7a36]=0001 [7a38]=0000
[:slot1:storager] PIT 10700584.1us ff8000 <= ffff mask=00ff pc=002bc4
[:slot1:storager] TICK 10726684.5us head[736c]=0000 [736e]=0000 [7370]=730c [7b12]=0000 [7a36]=0001 [7a38]=0000
[:slot1:storager] PIT 10726700.1us ff8000 <= ffff mask=00ff pc=002bc4
[:slot1:storager] TICK 10752800.5us head[736c]=0000 [736e]=0000 [7370]=730c [7b12]=0000 [7a36]=0001 [7a38]=0000
[:slot1:storager] PIT 10752816.1us ff8000 <= ffff mask=00ff pc=002bc4
[:slot1:storager] TICK 10778916.5us head[736c]=0000 [736e]=0000 [7370]=730c [7b12]=0000 [7a36]=0001 [7a38]=0000
[:slot1:storager] PIT 10778932.1us ff8000 <= ffff mask=00ff pc=002bc4
[:slot1:storager] TICK 10805033.5us head[736c]=0000 [736e]=0000 [7370]=730c [7b12]=0000 [7a36]=0001 [7a38]=0000
[:slot1:storager] PIT 10805049.1us ff8000 <= ffff mask=00ff pc=002bc4
[:slot1:storager] TICK 10831149.5us head[736c]=0000 [736e]=0000 [7370]=730c [7b12]=0000 [7a36]=0001 [7a38]=0000
[:slot1:storager] PIT 10831165.1us ff8000 <= ffff mask=00ff pc=002bc4
[:slot1:storager] TICK 10857265.5us head[736c]=0000 [736e]=0000 [7370]=730c [7b12]=0000 [7a36]=0001 [7a38]=0000
[:slot1:storager] PIT 10857281.1us ff8000 <= ffff mask=00ff pc=002bc4
[:slot1:storager] TICK 10883382.5us head[736c]=0000 [736e]=0000 [7370]=730c [7b12]=0000 [7a36]=0001 [7a38]=0000
[:slot1:storager] PIT 10883398.1us ff8000 <= ffff mask=00ff pc=002bc4
[:slot1:storager] TICK 10909498.5us head[736c]=0000 [736e]=0000 [7370]=730c [7b12]=0000 [7a36]=0001 [7a38]=0000
[:slot1:storager] PIT 10909514.1us ff8000 <= ffff mask=00ff pc=002bc4
[:slot1:storager] TICK 10935614.5us head[736c]=0000 [736e]=0000 [7370]=730c [7b12]=0000 [7a36]=0001 [7a38]=0000
[:slot1:storager] PIT 10935630.1us ff8000 <= ffff mask=00ff pc=002bc4
[:slot1:storager] TICK 10961752.5us head[736c]=0000 [736e]=0000 [7370]=730c [7b12]=0000 [7a36]=0001 [7a38]=0000
[:slot1:storager] PIT 10961768.1us ff8000 <= ffff mask=00ff pc=002bc4
[:slot1:storager] TICK 10987864.5us head[736c]=0000 [736e]=0000 [7370]=730c [7b12]=0000 [7a36]=0001 [7a38]=0000
[:slot1:storager] PIT 10987880.1us ff8000 <= ffff mask=00ff pc=002bc4
[:slot1:storager] TICK 11013976.5us head[736c]=0000 [736e]=0000 [7370]=730c [7b12]=0000 [7a36]=0001 [7a38]=0000
[:slot1:storager] PIT 11013992.1us ff8000 <= ffff mask=00ff pc=002bc4
[:slot1:storager] TICK 11040088.5us head[736c]=0000 [736e]=0000 [7370]=730c [7b12]=0000 [7a36]=0001 [7a38]=0000
[:slot1:storager] PIT 11040104.1us ff8000 <= ffff mask=00ff pc=002bc4
[:slot1:storager] TICK 11066200.5us head[736c]=0000 [736e]=0000 [7370]=730c [7b12]=0000 [7a36]=0001 [7a38]=0000
[:slot1:storager] PIT 11066216.1us ff8000 <= ffff mask=00ff pc=002bc4
[:slot1:storager] TICK 11092313.5us head[736c]=0000 [736e]=0000 [7370]=730c [7b12]=0000 [7a36]=0001 [7a38]=0000
[:slot1:storager] PIT 11092329.1us ff8000 <= ffff mask=00ff pc=002bc4
[:slot1:storager] TICK 11118429.5us head[736c]=0000 [736e]=0000 [7370]=730c [7b12]=0000 [7a36]=0001 [7a38]=0000
[:slot1:storager] PIT 11118445.1us ff8000 <= ffff mask=00ff pc=002bc4
[:slot1:storager] TICK 11144546.5us head[736c]=0000 [736e]=0000 [7370]=730c [7b12]=0000 [7a36]=0001 [7a38]=0000
[:slot1:storager] PIT 11144562.1us ff8000 <= ffff mask=00ff pc=002bc4
[:slot1:storager] TICK 11170663.5us head[736c]=0000 [736e]=0000 [7370]=730c [7b12]=0000 [7a36]=0001 [7a38]=0000
[:slot1:storager] PIT 11170679.1us ff8000 <= ffff mask=00ff pc=002bc4
[:slot1:storager] TICK 11196780.5us head[736c]=0000 [736e]=0000 [7370]=730c [7b12]=0000 [7a36]=0001 [7a38]=0000
[:slot1:storager] PIT 11196796.1us ff8000 <= ffff mask=00ff pc=002bc4
[:slot1:storager] TICK 11222895.5us head[736c]=0000 [736e]=0000 [7370]=730c [7b12]=0000 [7a36]=0001 [7a38]=0000
[:slot1:storager] PIT 11222911.1us ff8000 <= ffff mask=00ff pc=002bc4
[:slot1:storager] TICK 11249012.5us head[736c]=0000 [736e]=0000 [7370]=730c [7b12]=0000 [7a36]=0001 [7a38]=0000
[:slot1:storager] PIT 11249028.1us ff8000 <= ffff mask=00ff pc=002bc4
[:slot1:storager] TICK 11275128.5us head[736c]=0000 [736e]=0000 [7370]=730c [7b12]=0000 [7a36]=0001 [7a38]=0000
[:slot1:storager] PIT 11275144.1us ff8000 <= ffff mask=00ff pc=002bc4
[:slot1:storager] TICK 11301244.5us head[736c]=0000 [736e]=0000 [7370]=730c [7b12]=0000 [7a36]=0001 [7a38]=0000
[:slot1:storager] PIT 11301260.1us ff8000 <= ffff mask=00ff pc=002bc4
[:slot1:storager] TICK 11327361.5us head[736c]=0000 [736e]=0000 [7370]=730c [7b12]=0000 [7a36]=0001 [7a38]=0000
[:slot1:storager] PIT 11327377.1us ff8000 <= ffff mask=00ff pc=002bc4
[:slot1:storager] TICK 11353477.5us head[736c]=0000 [736e]=0000 [7370]=730c [7b12]=0000 [7a36]=0001 [7a38]=0000
[:slot1:storager] PIT 11353493.1us ff8000 <= ffff mask=00ff pc=002bc4
[:slot1:storager] TICK 11379594.5us head[736c]=0000 [736e]=0000 [7370]=730c [7b12]=0000 [7a36]=0001 [7a38]=0000
[:slot1:storager] PIT 11379610.1us ff8000 <= ffff mask=00ff pc=002bc4
[:slot1:storager] TICK 11405710.5us head[736c]=0000 [736e]=0000 [7370]=730c [7b12]=0000 [7a36]=0001 [7a38]=0000
[:slot1:storager] PIT 11405726.1us ff8000 <= ffff mask=00ff pc=002bc4
[:slot1:storager] TICK 11431826.5us head[736c]=0000 [736e]=0000 [7370]=730c [7b12]=0000 [7a36]=0001 [7a38]=0000
[:slot1:storager] PIT 11431842.1us ff8000 <= ffff mask=00ff pc=002bc4
[:slot1:storager] TICK 11457943.5us head[736c]=0000 [736e]=0000 [7370]=730c [7b12]=0000 [7a36]=0001 [7a38]=0000
[:slot1:storager] PIT 11457959.1us ff8000 <= ffff mask=00ff pc=002bc4
[:slot1:storager] TICK 11484059.5us head[736c]=0000 [736e]=0000 [7370]=730c [7b12]=0000 [7a36]=0001 [7a38]=0000
[:slot1:storager] PIT 11484075.1us ff8000 <= ffff mask=00ff pc=002bc4
[:slot1:storager] TICK 11510175.5us head[736c]=0000 [736e]=0000 [7370]=730c [7b12]=0000 [7a36]=0001 [7a38]=0000
[:slot1:storager] PIT 11510191.1us ff8000 <= ffff mask=00ff pc=002bc4
[:slot1:storager] TICK 11536293.5us head[736c]=0000 [736e]=0000 [7370]=730c [7b12]=0000 [7a36]=0001 [7a38]=0000
[:slot1:storager] PIT 11536309.1us ff8000 <= ffff mask=00ff pc=002bc4
[:slot1:storager] TICK 11562409.5us head[736c]=0000 [736e]=0000 [7370]=730c [7b12]=0000 [7a36]=0001 [7a38]=0000
[:slot1:storager] PIT 11562425.1us ff8000 <= ffff mask=00ff pc=002bc4
[:slot1:storager] TICK 11588525.5us head[736c]=0000 [736e]=0000 [7370]=730c [7b12]=0000 [7a36]=0001 [7a38]=0000
[:slot1:storager] PIT 11588541.1us ff8000 <= ffff mask=00ff pc=002bc4
[:slot1:storager] TICK 11614641.5us head[736c]=0000 [736e]=0000 [7370]=730c [7b12]=0000 [7a36]=0001 [7a38]=0000
[:slot1:storager] PIT 11614657.1us ff8000 <= ffff mask=00ff pc=002bc4
[:slot1:storager] TICK 11640758.5us head[736c]=0000 [736e]=0000 [7370]=730c [7b12]=0000 [7a36]=0001 [7a38]=0000
[:slot1:storager] PIT 11640774.1us ff8000 <= ffff mask=00ff pc=002bc4
[:slot1:storager] TICK 11666874.5us head[736c]=0000 [736e]=0000 [7370]=730c [7b12]=0000 [7a36]=0001 [7a38]=0000
[:slot1:storager] PIT 11666890.1us ff8000 <= ffff mask=00ff pc=002bc4
[:slot1:storager] TICK 11692990.5us head[736c]=0000 [736e]=0000 [7370]=730c [7b12]=0000 [7a36]=0001 [7a38]=0000
[:slot1:storager] PIT 11693006.1us ff8000 <= ffff mask=00ff pc=002bc4
[:slot1:storager] TICK 11719107.5us head[736c]=0000 [736e]=0000 [7370]=730c [7b12]=0000 [7a36]=0001 [7a38]=0000
[:slot1:storager] PIT 11719123.1us ff8000 <= ffff mask=00ff pc=002bc4
[:slot1:storager] TICK 11745223.5us head[736c]=0000 [736e]=0000 [7370]=730c [7b12]=0000 [7a36]=0001 [7a38]=0000
[:slot1:storager] PIT 11745239.1us ff8000 <= ffff mask=00ff pc=002bc4
[:slot1:storager] TICK 11771339.5us head[736c]=0000 [736e]=0000 [7370]=730c [7b12]=0000 [7a36]=0001 [7a38]=0000
[:slot1:storager] PIT 11771355.1us ff8000 <= ffff mask=00ff pc=002bc4
[:slot1:storager] TICK 11797456.5us head[736c]=0000 [736e]=0000 [7370]=730c [7b12]=0000 [7a36]=0001 [7a38]=0000
[:slot1:storager] PIT 11797472.1us ff8000 <= ffff mask=00ff pc=002bc4
[:slot1:storager] TICK 11823589.5us head[736c]=0000 [736e]=0000 [7370]=730c [7b12]=0000 [7a36]=0001 [7a38]=0000
[:slot1:storager] PIT 11823605.1us ff8000 <= ffff mask=00ff pc=002bc4
[:slot1:storager] TICK 11849701.5us head[736c]=0000 [736e]=0000 [7370]=730c [7b12]=0000 [7a36]=0001 [7a38]=0000
[:slot1:storager] PIT 11849717.1us ff8000 <= ffff mask=00ff pc=002bc4
[:slot1:storager] TICK 11875813.5us head[736c]=0000 [736e]=0000 [7370]=730c [7b12]=0000 [7a36]=0001 [7a38]=0000
[:slot1:storager] PIT 11875829.1us ff8000 <= ffff mask=00ff pc=002bc4
[:slot1:storager] TICK 11901925.5us head[736c]=0000 [736e]=0000 [7370]=730c [7b12]=0000 [7a36]=0001 [7a38]=0000
[:slot1:storager] PIT 11901941.1us ff8000 <= ffff mask=00ff pc=002bc4
[:slot1:storager] TICK 11928038.5us head[736c]=0000 [736e]=0000 [7370]=730c [7b12]=0000 [7a36]=0001 [7a38]=0000
[:slot1:storager] PIT 11928054.1us ff8000 <= ffff mask=00ff pc=002bc4
[:slot1:storager] TICK 11954154.5us head[736c]=0000 [736e]=0000 [7370]=730c [7b12]=0000 [7a36]=0001 [7a38]=0000
[:slot1:storager] PIT 11954170.1us ff8000 <= ffff mask=00ff pc=002bc4
[:slot1:storager] TICK 11980271.5us head[736c]=0000 [736e]=0000 [7370]=730c [7b12]=0000 [7a36]=0001 [7a38]=0000
[:slot1:storager] PIT 11980287.1us ff8000 <= ffff mask=00ff pc=002bc4
[:slot1:storager] TICK 12006387.5us head[736c]=0000 [736e]=0000 [7370]=730c [7b12]=0000 [7a36]=0001 [7a38]=0000
[:slot1:storager] PIT 12006403.1us ff8000 <= ffff mask=00ff pc=002bc4
[:slot1:storager] TICK 12032505.5us head[736c]=0000 [736e]=0000 [7370]=730c [7b12]=0000 [7a36]=0001 [7a38]=0000
[:slot1:storager] PIT 12032521.1us ff8000 <= ffff mask=00ff pc=002bc4
[:slot1:storager] TICK 12058620.5us head[736c]=0000 [736e]=0000 [7370]=730c [7b12]=0000 [7a36]=0001 [7a38]=0000
[:slot1:storager] PIT 12058636.1us ff8000 <= ffff mask=00ff pc=002bc4
[:slot1:storager] TICK 12084737.5us head[736c]=0000 [736e]=0000 [7370]=730c [7b12]=0000 [7a36]=0001 [7a38]=0000
[:slot1:storager] PIT 12084753.1us ff8000 <= ffff mask=00ff pc=002bc4
[:slot1:storager] TICK 12110853.5us head[736c]=0000 [736e]=0000 [7370]=730c [7b12]=0000 [7a36]=0001 [7a38]=0000
[:slot1:storager] PIT 12110869.1us ff8000 <= ffff mask=00ff pc=002bc4
[:slot1:storager] TICK 12136969.5us head[736c]=0000 [736e]=0000 [7370]=730c [7b12]=0000 [7a36]=0001 [7a38]=0000
[:slot1:storager] PIT 12136985.1us ff8000 <= ffff mask=00ff pc=002bc4
[:slot1:storager] TICK 12163086.5us head[736c]=0000 [736e]=0000 [7370]=730c [7b12]=0000 [7a36]=0001 [7a38]=0000
[:slot1:storager] PIT 12163102.1us ff8000 <= ffff mask=00ff pc=002bc4
[:slot1:storager] TICK 12189202.5us head[736c]=0000 [736e]=0000 [7370]=730c [7b12]=0000 [7a36]=0001 [7a38]=0000
[:slot1:storager] PIT 12189218.1us ff8000 <= ffff mask=00ff pc=002bc4
[:slot1:storager] TICK 12215319.5us head[736c]=0000 [736e]=0000 [7370]=730c [7b12]=0000 [7a36]=0001 [7a38]=0000
[:slot1:storager] PIT 12215335.1us ff8000 <= ffff mask=00ff pc=002bc4
[:slot1:storager] TICK 12241435.5us head[736c]=0000 [736e]=0000 [7370]=730c [7b12]=0000 [7a36]=0001 [7a38]=0000
[:slot1:storager] PIT 12241451.1us ff8000 <= ffff mask=00ff pc=002bc4
[:slot1:storager] TICK 12267551.5us head[736c]=0000 [736e]=0000 [7370]=730c [7b12]=0000 [7a36]=0001 [7a38]=0000
[:slot1:storager] PIT 12267567.1us ff8000 <= ffff mask=00ff pc=002bc4
[:slot1:storager] TICK 12293668.5us head[736c]=0000 [736e]=0000 [7370]=730c [7b12]=0000 [7a36]=0001 [7a38]=0000
[:slot1:storager] PIT 12293684.1us ff8000 <= ffff mask=00ff pc=002bc4
[:slot1:storager] TICK 12319784.5us head[736c]=0000 [736e]=0000 [7370]=730c [7b12]=0000 [7a36]=0001 [7a38]=0000
[:slot1:storager] PIT 12319800.1us ff8000 <= ffff mask=00ff pc=002bc4
[:slot1:storager] TICK 12345900.5us head[736c]=0000 [736e]=0000 [7370]=730c [7b12]=0000 [7a36]=0001 [7a38]=0000
[:slot1:storager] PIT 12345916.1us ff8000 <= ffff mask=00ff pc=002bc4
[:slot1:storager] TICK 12372018.5us head[736c]=0000 [736e]=0000 [7370]=730c [7b12]=0000 [7a36]=0001 [7a38]=0000
[:slot1:storager] PIT 12372034.1us ff8000 <= ffff mask=00ff pc=002bc4
[:slot1:storager] TICK 12398134.5us head[736c]=0000 [736e]=0000 [7370]=730c [7b12]=0000 [7a36]=0001 [7a38]=0000
[:slot1:storager] PIT 12398150.1us ff8000 <= ffff mask=00ff pc=002bc4
[:slot1:storager] TICK 12424249.5us head[736c]=0000 [736e]=0000 [7370]=730c [7b12]=0000 [7a36]=0001 [7a38]=0000
[:slot1:storager] PIT 12424265.1us ff8000 <= ffff mask=00ff pc=002bc4
[:slot1:storager] TICK 12450366.5us head[736c]=0000 [736e]=0000 [7370]=730c [7b12]=0000 [7a36]=0001 [7a38]=0000
[:slot1:storager] PIT 12450382.1us ff8000 <= ffff mask=00ff pc=002bc4
[:slot1:storager] TICK 12476482.5us head[736c]=0000 [736e]=0000 [7370]=730c [7b12]=0000 [7a36]=0001 [7a38]=0000
[:slot1:storager] PIT 12476498.1us ff8000 <= ffff mask=00ff pc=002bc4
[:slot1:storager] TICK 12502599.5us head[736c]=0000 [736e]=0000 [7370]=730c [7b12]=0000 [7a36]=0001 [7a38]=0000
[:slot1:storager] PIT 12502615.1us ff8000 <= ffff mask=00ff pc=002bc4
[:slot1:storager] TICK 12528715.5us head[736c]=0000 [736e]=0000 [7370]=730c [7b12]=0000 [7a36]=0001 [7a38]=0000
[:slot1:storager] PIT 12528731.1us ff8000 <= ffff mask=00ff pc=002bc4
[:slot1:storager] TICK 12554832.5us head[736c]=0000 [736e]=0000 [7370]=730c [7b12]=0000 [7a36]=0001 [7a38]=0000
[:slot1:storager] PIT 12554848.1us ff8000 <= ffff mask=00ff pc=002bc4
[:slot1:storager] TICK 12580948.5us head[736c]=0000 [736e]=0000 [7370]=730c [7b12]=0000 [7a36]=0001 [7a38]=0000
[:slot1:storager] PIT 12580964.1us ff8000 <= ffff mask=00ff pc=002bc4
[:slot1:storager] TICK 12607064.5us head[736c]=0000 [736e]=0000 [7370]=730c [7b12]=0000 [7a36]=0001 [7a38]=0000
[:slot1:storager] PIT 12607080.1us ff8000 <= ffff mask=00ff pc=002bc4
[:slot1:storager] TICK 12633181.5us head[736c]=0000 [736e]=0000 [7370]=730c [7b12]=0000 [7a36]=0001 [7a38]=0000
[:slot1:storager] PIT 12633197.1us ff8000 <= ffff mask=00ff pc=002bc4
[:slot1:storager] TICK 12659314.5us head[736c]=0000 [736e]=0000 [7370]=730c [7b12]=0000 [7a36]=0001 [7a38]=0000
[:slot1:storager] PIT 12659330.1us ff8000 <= ffff mask=00ff pc=002bc4
[:slot1:storager] TICK 12685426.5us head[736c]=0000 [736e]=0000 [7370]=730c [7b12]=0000 [7a36]=0001 [7a38]=0000
[:slot1:storager] PIT 12685442.1us ff8000 <= ffff mask=00ff pc=002bc4
[:slot1:storager] TICK 12711538.5us head[736c]=0000 [736e]=0000 [7370]=730c [7b12]=0000 [7a36]=0001 [7a38]=0000
[:slot1:storager] PIT 12711554.1us ff8000 <= ffff mask=00ff pc=002bc4
[:slot1:storager] TICK 12737650.5us head[736c]=0000 [736e]=0000 [7370]=730c [7b12]=0000 [7a36]=0001 [7a38]=0000
[:slot1:storager] PIT 12737666.1us ff8000 <= ffff mask=00ff pc=002bc4
[:slot1:storager] TICK 12763763.5us head[736c]=0000 [736e]=0000 [7370]=730c [7b12]=0000 [7a36]=0001 [7a38]=0000
[:slot1:storager] PIT 12763779.1us ff8000 <= ffff mask=00ff pc=002bc4
[:slot1:storager] TICK 12789879.5us head[736c]=0000 [736e]=0000 [7370]=730c [7b12]=0000 [7a36]=0001 [7a38]=0000
[:slot1:storager] PIT 12789895.1us ff8000 <= ffff mask=00ff pc=002bc4
[:slot1:storager] TICK 12815995.5us head[736c]=0000 [736e]=0000 [7370]=730c [7b12]=0000 [7a36]=0001 [7a38]=0000
[:slot1:storager] PIT 12816011.1us ff8000 <= ffff mask=00ff pc=002bc4
[:slot1:storager] TICK 12842112.5us head[736c]=0000 [736e]=0000 [7370]=730c [7b12]=0000 [7a36]=0001 [7a38]=0000
[:slot1:storager] PIT 12842128.1us ff8000 <= ffff mask=00ff pc=002bc4
[:slot1:storager] TICK 12868228.5us head[736c]=0000 [736e]=0000 [7370]=730c [7b12]=0000 [7a36]=0001 [7a38]=0000
[:slot1:storager] PIT 12868244.1us ff8000 <= ffff mask=00ff pc=002bc4
[:slot1:storager] TICK 12894344.5us head[736c]=0000 [736e]=0000 [7370]=730c [7b12]=0000 [7a36]=0001 [7a38]=0000
[:slot1:storager] PIT 12894360.1us ff8000 <= ffff mask=00ff pc=002bc4
[:slot1:storager] TICK 12920461.5us head[736c]=0000 [736e]=0000 [7370]=730c [7b12]=0000 [7a36]=0001 [7a38]=0000
[:slot1:storager] PIT 12920477.1us ff8000 <= ffff mask=00ff pc=002bc4
[:slot1:storager] TICK 12946578.5us head[736c]=0000 [736e]=0000 [7370]=730c [7b12]=0000 [7a36]=0001 [7a38]=0000
[:slot1:storager] PIT 12946594.1us ff8000 <= ffff mask=00ff pc=002bc4
[:slot1:storager] TICK 12972694.5us head[736c]=0000 [736e]=0000 [7370]=730c [7b12]=0000 [7a36]=0001 [7a38]=0000
[:slot1:storager] PIT 12972710.1us ff8000 <= ffff mask=00ff pc=002bc4
[:slot1:storager] TICK 12998810.5us head[736c]=0000 [736e]=0000 [7370]=730c [7b12]=0000 [7a36]=0001 [7a38]=0000
[:slot1:storager] PIT 12998826.1us ff8000 <= ffff mask=00ff pc=002bc4
[:slot1:storager] TICK 13024928.5us head[736c]=0000 [736e]=0000 [7370]=730c [7b12]=0000 [7a36]=0001 [7a38]=0000
[:slot1:storager] PIT 13024944.1us ff8000 <= ffff mask=00ff pc=002bc4
[:slot1:storager] TICK 13051043.5us head[736c]=0000 [736e]=0000 [7370]=730c [7b12]=0000 [7a36]=0001 [7a38]=0000
[:slot1:storager] PIT 13051059.1us ff8000 <= ffff mask=00ff pc=002bc4
[:slot1:storager] TICK 13077160.5us head[736c]=0000 [736e]=0000 [7370]=730c [7b12]=0000 [7a36]=0001 [7a38]=0000
[:slot1:storager] PIT 13077176.1us ff8000 <= ffff mask=00ff pc=002bc4
[:slot1:storager] TICK 13103276.5us head[736c]=0000 [736e]=0000 [7370]=730c [7b12]=0000 [7a36]=0001 [7a38]=0000
[:slot1:storager] PIT 13103292.1us ff8000 <= ffff mask=00ff pc=002bc4
[:slot1:storager] TICK 13129392.5us head[736c]=0000 [736e]=0000 [7370]=730c [7b12]=0000 [7a36]=0001 [7a38]=0000
[:slot1:storager] PIT 13129408.1us ff8000 <= ffff mask=00ff pc=002bc4
[:slot1:storager] TICK 13155510.5us head[736c]=0000 [736e]=0000 [7370]=730c [7b12]=0000 [7a36]=0001 [7a38]=0000
[:slot1:storager] PIT 13155526.1us ff8000 <= ffff mask=00ff pc=002bc4
[:slot1:storager] TICK 13181626.5us head[736c]=0000 [736e]=0000 [7370]=730c [7b12]=0000 [7a36]=0001 [7a38]=0000
[:slot1:storager] PIT 13181642.1us ff8000 <= ffff mask=00ff pc=002bc4
[:slot1:storager] TICK 13207742.5us head[736c]=0000 [736e]=0000 [7370]=730c [7b12]=0000 [7a36]=0001 [7a38]=0000
[:slot1:storager] PIT 13207758.1us ff8000 <= ffff mask=00ff pc=002bc4
[:slot1:storager] TICK 13233858.5us head[736c]=0000 [736e]=0000 [7370]=730c [7b12]=0000 [7a36]=0001 [7a38]=0000
[:slot1:storager] PIT 13233874.1us ff8000 <= ffff mask=00ff pc=002bc4
[:slot1:storager] TICK 13259975.5us head[736c]=0000 [736e]=0000 [7370]=730c [7b12]=0000 [7a36]=0001 [7a38]=0000
[:slot1:storager] PIT 13259991.1us ff8000 <= ffff mask=00ff pc=002bc4
[:slot1:storager] TICK 13286091.5us head[736c]=0000 [736e]=0000 [7370]=730c [7b12]=0000 [7a36]=0001 [7a38]=0000
[:slot1:storager] PIT 13286107.1us ff8000 <= ffff mask=00ff pc=002bc4
[:slot1:storager] TICK 13312207.5us head[736c]=0000 [736e]=0000 [7370]=730c [7b12]=0000 [7a36]=0001 [7a38]=0000
[:slot1:storager] PIT 13312223.1us ff8000 <= ffff mask=00ff pc=002bc4
[:slot1:storager] TICK 13338324.5us head[736c]=0000 [736e]=0000 [7370]=730c [7b12]=0000 [7a36]=0001 [7a38]=0000
[:slot1:storager] PIT 13338340.1us ff8000 <= ffff mask=00ff pc=002bc4
[:slot1:storager] TICK 13364440.5us head[736c]=0000 [736e]=0000 [7370]=730c [7b12]=0000 [7a36]=0001 [7a38]=0000
[:slot1:storager] PIT 13364456.1us ff8000 <= ffff mask=00ff pc=002bc4
[:slot1:storager] TICK 13390556.5us head[736c]=0000 [736e]=0000 [7370]=730c [7b12]=0000 [7a36]=0001 [7a38]=0000
[:slot1:storager] PIT 13390572.1us ff8000 <= ffff mask=00ff pc=002bc4
[:slot1:storager] TICK 13416674.5us head[736c]=0000 [736e]=0000 [7370]=730c [7b12]=0000 [7a36]=0001 [7a38]=0000
[:slot1:storager] PIT 13416690.1us ff8000 <= ffff mask=00ff pc=002bc4
[:slot1:storager] TICK 13442789.5us head[736c]=0000 [736e]=0000 [7370]=730c [7b12]=0000 [7a36]=0001 [7a38]=0000
[:slot1:storager] PIT 13442805.1us ff8000 <= ffff mask=00ff pc=002bc4
[:slot1:storager] TICK 13468906.5us head[736c]=0000 [736e]=0000 [7370]=730c [7b12]=0000 [7a36]=0001 [7a38]=0000
[:slot1:storager] PIT 13468922.1us ff8000 <= ffff mask=00ff pc=002bc4
[:slot1:storager] TICK 13495039.5us head[736c]=0000 [736e]=0000 [7370]=730c [7b12]=0000 [7a36]=0001 [7a38]=0000
[:slot1:storager] PIT 13495055.1us ff8000 <= ffff mask=00ff pc=002bc4
[:slot1:storager] TICK 13521151.5us head[736c]=0000 [736e]=0000 [7370]=730c [7b12]=0000 [7a36]=0001 [7a38]=0000
[:slot1:storager] PIT 13521167.1us ff8000 <= ffff mask=00ff pc=002bc4
[:slot1:storager] TICK 13547263.5us head[736c]=0000 [736e]=0000 [7370]=730c [7b12]=0000 [7a36]=0001 [7a38]=0000
[:slot1:storager] PIT 13547279.1us ff8000 <= ffff mask=00ff pc=002bc4
[:slot1:storager] TICK 13573375.5us head[736c]=0000 [736e]=0000 [7370]=730c [7b12]=0000 [7a36]=0001 [7a38]=0000
[:slot1:storager] PIT 13573391.1us ff8000 <= ffff mask=00ff pc=002bc4
[:slot1:storager] TICK 13599488.5us head[736c]=0000 [736e]=0000 [7370]=730c [7b12]=0000 [7a36]=0001 [7a38]=0000
[:slot1:storager] PIT 13599504.1us ff8000 <= ffff mask=00ff pc=002bc4
[:slot1:storager] TICK 13625604.5us head[736c]=0000 [736e]=0000 [7370]=730c [7b12]=0000 [7a36]=0001 [7a38]=0000
[:slot1:storager] PIT 13625620.1us ff8000 <= ffff mask=00ff pc=002bc4
[:slot1:storager] TICK 13651720.5us head[736c]=0000 [736e]=0000 [7370]=730c [7b12]=0000 [7a36]=0001 [7a38]=0000
[:slot1:storager] PIT 13651736.1us ff8000 <= ffff mask=00ff pc=002bc4
[:slot1:storager] TICK 13677837.5us head[736c]=0000 [736e]=0000 [7370]=730c [7b12]=0000 [7a36]=0001 [7a38]=0000
[:slot1:storager] PIT 13677853.1us ff8000 <= ffff mask=00ff pc=002bc4
[:slot1:storager] TICK 13703953.5us head[736c]=0000 [736e]=0000 [7370]=730c [7b12]=0000 [7a36]=0001 [7a38]=0000
[:slot1:storager] PIT 13703969.1us ff8000 <= ffff mask=00ff pc=002bc4
[:slot1:storager] TICK 13730069.5us head[736c]=0000 [736e]=0000 [7370]=730c [7b12]=0000 [7a36]=0001 [7a38]=0000
[:slot1:storager] PIT 13730085.1us ff8000 <= ffff mask=00ff pc=002bc4
[:slot1:storager] TICK 13756186.5us head[736c]=0000 [736e]=0000 [7370]=730c [7b12]=0000 [7a36]=0001 [7a38]=0000
[:slot1:storager] PIT 13756202.1us ff8000 <= ffff mask=00ff pc=002bc4
[:slot1:storager] TICK 13782303.5us head[736c]=0000 [736e]=0000 [7370]=730c [7b12]=0000 [7a36]=0001 [7a38]=0000
[:slot1:storager] PIT 13782319.1us ff8000 <= ffff mask=00ff pc=002bc4
[:slot1:storager] TICK 13808419.5us head[736c]=0000 [736e]=0000 [7370]=730c [7b12]=0000 [7a36]=0001 [7a38]=0000
[:slot1:storager] PIT 13808435.1us ff8000 <= ffff mask=00ff pc=002bc4
[:slot1:storager] TICK 13834535.5us head[736c]=0000 [736e]=0000 [7370]=730c [7b12]=0000 [7a36]=0001 [7a38]=0000
[:slot1:storager] PIT 13834551.1us ff8000 <= ffff mask=00ff pc=002bc4
[:slot1:storager] TICK 13860652.5us head[736c]=0000 [736e]=0000 [7370]=730c [7b12]=0000 [7a36]=0001 [7a38]=0000
[:slot1:storager] PIT 13860668.1us ff8000 <= ffff mask=00ff pc=002bc4
[:slot1:storager] TICK 13886768.5us head[736c]=0000 [736e]=0000 [7370]=730c [7b12]=0000 [7a36]=0001 [7a38]=0000
[:slot1:storager] PIT 13886784.1us ff8000 <= ffff mask=00ff pc=002bc4
[:slot1:storager] TICK 13912885.5us head[736c]=0000 [736e]=0000 [7370]=730c [7b12]=0000 [7a36]=0001 [7a38]=0000
[:slot1:storager] PIT 13912901.1us ff8000 <= ffff mask=00ff pc=002bc4
[:slot1:storager] TICK 13939001.5us head[736c]=0000 [736e]=0000 [7370]=730c [7b12]=0000 [7a36]=0001 [7a38]=0000
[:slot1:storager] PIT 13939017.1us ff8000 <= ffff mask=00ff pc=002bc4
[:slot1:storager] TICK 13965117.5us head[736c]=0000 [736e]=0000 [7370]=730c [7b12]=0000 [7a36]=0001 [7a38]=0000
[:slot1:storager] PIT 13965133.1us ff8000 <= ffff mask=00ff pc=002bc4
[:slot1:storager] TICK 13991234.5us head[736c]=0000 [736e]=0000 [7370]=730c [7b12]=0000 [7a36]=0001 [7a38]=0000
[:slot1:storager] PIT 13991250.1us ff8000 <= ffff mask=00ff pc=002bc4
[:slot1:storager] TICK 14017350.5us head[736c]=0000 [736e]=0000 [7370]=730c [7b12]=0000 [7a36]=0001 [7a38]=0000
[:slot1:storager] PIT 14017366.1us ff8000 <= ffff mask=00ff pc=002bc4
[:slot1:storager] TICK 14043467.5us head[736c]=0000 [736e]=0000 [7370]=730c [7b12]=0000 [7a36]=0001 [7a38]=0000
[:slot1:storager] PIT 14043483.1us ff8000 <= ffff mask=00ff pc=002bc4
[:slot1:storager] TICK 14069583.5us head[736c]=0000 [736e]=0000 [7370]=730c [7b12]=0000 [7a36]=0001 [7a38]=0000
[:slot1:storager] PIT 14069599.1us ff8000 <= ffff mask=00ff pc=002bc4
[:slot1:storager] TICK 14095700.5us head[736c]=0000 [736e]=0000 [7370]=730c [7b12]=0000 [7a36]=0001 [7a38]=0000
[:slot1:storager] PIT 14095716.1us ff8000 <= ffff mask=00ff pc=002bc4
[:slot1:storager] TICK 14121815.5us head[736c]=0000 [736e]=0000 [7370]=730c [7b12]=0000 [7a36]=0001 [7a38]=0000
[:slot1:storager] PIT 14121831.1us ff8000 <= ffff mask=00ff pc=002bc4
[:slot1:storager] TICK 14147932.5us head[736c]=0000 [736e]=0000 [7370]=730c [7b12]=0000 [7a36]=0001 [7a38]=0000
[:slot1:storager] PIT 14147948.1us ff8000 <= ffff mask=00ff pc=002bc4
[:slot1:storager] TICK 14174048.5us head[736c]=0000 [736e]=0000 [7370]=730c [7b12]=0000 [7a36]=0001 [7a38]=0000
[:slot1:storager] PIT 14174064.1us ff8000 <= ffff mask=00ff pc=002bc4
[:slot1:storager] TICK 14200165.5us head[736c]=0000 [736e]=0000 [7370]=730c [7b12]=0000 [7a36]=0001 [7a38]=0000
[:slot1:storager] PIT 14200181.1us ff8000 <= ffff mask=00ff pc=002bc4
[:slot1:storager] TICK 14226281.5us head[736c]=0000 [736e]=0000 [7370]=730c [7b12]=0000 [7a36]=0001 [7a38]=0000
[:slot1:storager] PIT 14226297.1us ff8000 <= ffff mask=00ff pc=002bc4
[:slot1:storager] TICK 14252399.5us head[736c]=0000 [736e]=0000 [7370]=730c [7b12]=0000 [7a36]=0001 [7a38]=0000
[:slot1:storager] PIT 14252415.1us ff8000 <= ffff mask=00ff pc=002bc4
[:slot1:storager] TICK 14278514.5us head[736c]=0000 [736e]=0000 [7370]=730c [7b12]=0000 [7a36]=0001 [7a38]=0000
[:slot1:storager] PIT 14278530.1us ff8000 <= ffff mask=00ff pc=002bc4
[:slot1:storager] TICK 14304631.5us head[736c]=0000 [736e]=0000 [7370]=730c [7b12]=0000 [7a36]=0001 [7a38]=0000
[:slot1:storager] PIT 14304647.1us ff8000 <= ffff mask=00ff pc=002bc4
[:slot1:storager] TICK 14330764.5us head[736c]=0000 [736e]=0000 [7370]=730c [7b12]=0000 [7a36]=0001 [7a38]=0000
[:slot1:storager] PIT 14330780.1us ff8000 <= ffff mask=00ff pc=002bc4
[:slot1:storager] TICK 14356876.5us head[736c]=0000 [736e]=0000 [7370]=730c [7b12]=0000 [7a36]=0001 [7a38]=0000
[:slot1:storager] PIT 14356892.1us ff8000 <= ffff mask=00ff pc=002bc4
[:slot1:storager] TICK 14382988.5us head[736c]=0000 [736e]=0000 [7370]=730c [7b12]=0000 [7a36]=0001 [7a38]=0000
[:slot1:storager] PIT 14383004.1us ff8000 <= ffff mask=00ff pc=002bc4
[:slot1:storager] TICK 14409100.5us head[736c]=0000 [736e]=0000 [7370]=730c [7b12]=0000 [7a36]=0001 [7a38]=0000
[:slot1:storager] PIT 14409116.1us ff8000 <= ffff mask=00ff pc=002bc4
[:slot1:storager] TICK 14435212.5us head[736c]=0000 [736e]=0000 [7370]=730c [7b12]=0000 [7a36]=0001 [7a38]=0000
[:slot1:storager] PIT 14435228.1us ff8000 <= ffff mask=00ff pc=002bc4
[:slot1:storager] TICK 14461329.5us head[736c]=0000 [736e]=0000 [7370]=730c [7b12]=0000 [7a36]=0001 [7a38]=0000
[:slot1:storager] PIT 14461345.1us ff8000 <= ffff mask=00ff pc=002bc4
[:slot1:storager] TICK 14487445.5us head[736c]=0000 [736e]=0000 [7370]=730c [7b12]=0000 [7a36]=0001 [7a38]=0000
[:slot1:storager] PIT 14487461.1us ff8000 <= ffff mask=00ff pc=002bc4
[:slot1:storager] TICK 14513562.5us head[736c]=0000 [736e]=0000 [7370]=730c [7b12]=0000 [7a36]=0001 [7a38]=0000
[:slot1:storager] PIT 14513578.1us ff8000 <= ffff mask=00ff pc=002bc4
[:slot1:storager] TICK 14539678.5us head[736c]=0000 [736e]=0000 [7370]=730c [7b12]=0000 [7a36]=0001 [7a38]=0000
[:slot1:storager] PIT 14539694.1us ff8000 <= ffff mask=00ff pc=002bc4
[:slot1:storager] TICK 14565794.5us head[736c]=0000 [736e]=0000 [7370]=730c [7b12]=0000 [7a36]=0001 [7a38]=0000
[:slot1:storager] PIT 14565810.1us ff8000 <= ffff mask=00ff pc=002bc4
[:slot1:storager] TICK 14591911.5us head[736c]=0000 [736e]=0000 [7370]=730c [7b12]=0000 [7a36]=0001 [7a38]=0000
[:slot1:storager] PIT 14591927.1us ff8000 <= ffff mask=00ff pc=002bc4
[:slot1:storager] TICK 14618027.5us head[736c]=0000 [736e]=0000 [7370]=730c [7b12]=0000 [7a36]=0001 [7a38]=0000
[:slot1:storager] PIT 14618043.1us ff8000 <= ffff mask=00ff pc=002bc4
[:slot1:storager] TICK 14644144.5us head[736c]=0000 [736e]=0000 [7370]=730c [7b12]=0000 [7a36]=0001 [7a38]=0000
[:slot1:storager] PIT 14644160.1us ff8000 <= ffff mask=00ff pc=002bc4
[:slot1:storager] TICK 14670260.5us head[736c]=0000 [736e]=0000 [7370]=730c [7b12]=0000 [7a36]=0001 [7a38]=0000
[:slot1:storager] PIT 14670276.1us ff8000 <= ffff mask=00ff pc=002bc4
[:slot1:storager] TICK 14696376.5us head[736c]=0000 [736e]=0000 [7370]=730c [7b12]=0000 [7a36]=0001 [7a38]=0000
[:slot1:storager] PIT 14696392.1us ff8000 <= ffff mask=00ff pc=002bc4
[:slot1:storager] TICK 14722493.5us head[736c]=0000 [736e]=0000 [7370]=730c [7b12]=0000 [7a36]=0001 [7a38]=0000
[:slot1:storager] PIT 14722509.1us ff8000 <= ffff mask=00ff pc=002bc4
[:slot1:storager] TICK 14748609.5us head[736c]=0000 [736e]=0000 [7370]=730c [7b12]=0000 [7a36]=0001 [7a38]=0000
[:slot1:storager] PIT 14748625.1us ff8000 <= ffff mask=00ff pc=002bc4
[:slot1:storager] TICK 14774726.5us head[736c]=0000 [736e]=0000 [7370]=730c [7b12]=0000 [7a36]=0001 [7a38]=0000
[:slot1:storager] PIT 14774742.1us ff8000 <= ffff mask=00ff pc=002bc4
[:slot1:storager] TICK 14800842.5us head[736c]=0000 [736e]=0000 [7370]=730c [7b12]=0000 [7a36]=0001 [7a38]=0000
[:slot1:storager] PIT 14800858.1us ff8000 <= ffff mask=00ff pc=002bc4
[:slot1:storager] TICK 14826958.5us head[736c]=0000 [736e]=0000 [7370]=730c [7b12]=0000 [7a36]=0001 [7a38]=0000
[:slot1:storager] PIT 14826974.1us ff8000 <= ffff mask=00ff pc=002bc4
[:slot1:storager] TICK 14853075.5us head[736c]=0000 [736e]=0000 [7370]=730c [7b12]=0000 [7a36]=0001 [7a38]=0000
[:slot1:storager] PIT 14853091.1us ff8000 <= ffff mask=00ff pc=002bc4
[:slot1:storager] TICK 14879192.5us head[736c]=0000 [736e]=0000 [7370]=730c [7b12]=0000 [7a36]=0001 [7a38]=0000
[:slot1:storager] PIT 14879208.1us ff8000 <= ffff mask=00ff pc=002bc4
[:slot1:storager] TICK 14905308.5us head[736c]=0000 [736e]=0000 [7370]=730c [7b12]=0000 [7a36]=0001 [7a38]=0000
[:slot1:storager] PIT 14905324.1us ff8000 <= ffff mask=00ff pc=002bc4
[:slot1:storager] TICK 14931424.5us head[736c]=0000 [736e]=0000 [7370]=730c [7b12]=0000 [7a36]=0001 [7a38]=0000
[:slot1:storager] PIT 14931440.1us ff8000 <= ffff mask=00ff pc=002bc4
[:slot1:storager] TICK 14957540.5us head[736c]=0000 [736e]=0000 [7370]=730c [7b12]=0000 [7a36]=0001 [7a38]=0000
[:slot1:storager] PIT 14957556.1us ff8000 <= ffff mask=00ff pc=002bc4
[:slot1:storager] TICK 14983657.5us head[736c]=0000 [736e]=0000 [7370]=730c [7b12]=0000 [7a36]=0001 [7a38]=0000
[:slot1:storager] PIT 14983673.1us ff8000 <= ffff mask=00ff pc=002bc4
[:slot6:cpuap:cpu] INTBASE=00fe023e
[:slot6:cpuap:cpu] SRPRESENT board0=0000 board1=0000 @15s
[:slot6:cpuap:cpu] VEC 16: desc=85ffc001 -> code 085ff
[:slot6:cpuap:cpu] VEC 17: desc=00a05700 -> code 000a0
[:slot6:cpuap:cpu] VEC 18: desc=cefcff0f -> code 0cefc
[:slot6:cpuap:cpu] VEC 19: desc=ffc0a818 -> code 0ffc0
[:slot6:cpuap:cpu] VEC 20: desc=a0280081 -> code 0a028
[:slot6:cpuap:cpu] VEC 21: desc=0205043f -> code 00205
[:slot6:cpuap:cpu] VEC 22: desc=a057081a -> code 0a057
[:slot6:cpuap:cpu] VEC 23: desc=00c00000 -> code c0ea0180
[:slot6:cpuap:cpu] VEC 24: desc=0c6f0cef -> code 00c6f
[:slot6:cpuap:cpu] VEC 25: desc=c000a574 -> code 0c000
[:slot6:cpuap:cpu] VEC 26: desc=8a0083ff -> code 08a00
[:slot6:cpuap:cpu] VEC 27: desc=1e5f6380 -> code 01e5f
[:slot1:storager] TICK 15009773.5us head[736c]=0000 [736e]=0000 [7370]=730c [7b12]=0000 [7a36]=0001 [7a38]=0000
[:slot1:storager] PIT 15009789.1us ff8000 <= ffff mask=00ff pc=002bc4
[:slot1:storager] TICK 15035889.5us head[736c]=0000 [736e]=0000 [7370]=730c [7b12]=0000 [7a36]=0001 [7a38]=0000
[:slot1:storager] PIT 15035905.1us ff8000 <= ffff mask=00ff pc=002bc4
[:slot1:storager] TICK 15062006.5us head[736c]=0000 [736e]=0000 [7370]=730c [7b12]=0000 [7a36]=0001 [7a38]=0000
[:slot1:storager] PIT 15062022.1us ff8000 <= ffff mask=00ff pc=002bc4
[:slot1:storager] TICK 15088122.5us head[736c]=0000 [736e]=0000 [7370]=730c [7b12]=0000 [7a36]=0001 [7a38]=0000
[:slot1:storager] PIT 15088138.1us ff8000 <= ffff mask=00ff pc=002bc4
[:slot1:storager] TICK 15114238.5us head[736c]=0000 [736e]=0000 [7370]=730c [7b12]=0000 [7a36]=0001 [7a38]=0000
[:slot1:storager] PIT 15114254.1us ff8000 <= ffff mask=00ff pc=002bc4
[:slot1:storager] TICK 15140376.5us head[736c]=0000 [736e]=0000 [7370]=730c [7b12]=0000 [7a36]=0001 [7a38]=0000
[:slot1:storager] PIT 15140392.1us ff8000 <= ffff mask=00ff pc=002bc4
[:slot1:storager] TICK 15166488.5us head[736c]=0000 [736e]=0000 [7370]=730c [7b12]=0000 [7a36]=0001 [7a38]=0000
[:slot1:storager] PIT 15166504.1us ff8000 <= ffff mask=00ff pc=002bc4
[:slot1:storager] TICK 15192600.5us head[736c]=0000 [736e]=0000 [7370]=730c [7b12]=0000 [7a36]=0001 [7a38]=0000
[:slot1:storager] PIT 15192616.1us ff8000 <= ffff mask=00ff pc=002bc4
[:slot1:storager] TICK 15218712.5us head[736c]=0000 [736e]=0000 [7370]=730c [7b12]=0000 [7a36]=0001 [7a38]=0000
[:slot1:storager] PIT 15218728.1us ff8000 <= ffff mask=00ff pc=002bc4
[:slot1:storager] TICK 15244824.5us head[736c]=0000 [736e]=0000 [7370]=730c [7b12]=0000 [7a36]=0001 [7a38]=0000
[:slot1:storager] PIT 15244840.1us ff8000 <= ffff mask=00ff pc=002bc4
[:slot1:storager] TICK 15270937.5us head[736c]=0000 [736e]=0000 [7370]=730c [7b12]=0000 [7a36]=0001 [7a38]=0000
[:slot1:storager] PIT 15270953.1us ff8000 <= ffff mask=00ff pc=002bc4
[:slot1:storager] TICK 15297053.5us head[736c]=0000 [736e]=0000 [7370]=730c [7b12]=0000 [7a36]=0001 [7a38]=0000
[:slot1:storager] PIT 15297069.1us ff8000 <= ffff mask=00ff pc=002bc4
[:slot1:storager] TICK 15323170.5us head[736c]=0000 [736e]=0000 [7370]=730c [7b12]=0000 [7a36]=0001 [7a38]=0000
[:slot1:storager] PIT 15323186.1us ff8000 <= ffff mask=00ff pc=002bc4
[:slot1:storager] TICK 15349287.5us head[736c]=0000 [736e]=0000 [7370]=730c [7b12]=0000 [7a36]=0001 [7a38]=0000
[:slot1:storager] PIT 15349303.1us ff8000 <= ffff mask=00ff pc=002bc4
[:slot1:storager] TICK 15375404.5us head[736c]=0000 [736e]=0000 [7370]=730c [7b12]=0000 [7a36]=0001 [7a38]=0000
[:slot1:storager] PIT 15375420.1us ff8000 <= ffff mask=00ff pc=002bc4
[:slot1:storager] TICK 15401519.5us head[736c]=0000 [736e]=0000 [7370]=730c [7b12]=0000 [7a36]=0001 [7a38]=0000
[:slot1:storager] PIT 15401535.1us ff8000 <= ffff mask=00ff pc=002bc4
[:slot1:storager] TICK 15427636.5us head[736c]=0000 [736e]=0000 [7370]=730c [7b12]=0000 [7a36]=0001 [7a38]=0000
[:slot1:storager] PIT 15427652.1us ff8000 <= ffff mask=00ff pc=002bc4
[:slot1:storager] TICK 15453752.5us head[736c]=0000 [736e]=0000 [7370]=730c [7b12]=0000 [7a36]=0001 [7a38]=0000
[:slot1:storager] PIT 15453768.1us ff8000 <= ffff mask=00ff pc=002bc4
[:slot1:storager] TICK 15479868.5us head[736c]=0000 [736e]=0000 [7370]=730c [7b12]=0000 [7a36]=0001 [7a38]=0000
[:slot1:storager] PIT 15479884.1us ff8000 <= ffff mask=00ff pc=002bc4
[:slot1:storager] TICK 15505985.5us head[736c]=0000 [736e]=0000 [7370]=730c [7b12]=0000 [7a36]=0001 [7a38]=0000
[:slot1:storager] PIT 15506001.1us ff8000 <= ffff mask=00ff pc=002bc4
[:slot1:storager] TICK 15532101.5us head[736c]=0000 [736e]=0000 [7370]=730c [7b12]=0000 [7a36]=0001 [7a38]=0000
[:slot1:storager] PIT 15532117.1us ff8000 <= ffff mask=00ff pc=002bc4
[:slot1:storager] TICK 15558218.5us head[736c]=0000 [736e]=0000 [7370]=730c [7b12]=0000 [7a36]=0001 [7a38]=0000
[:slot1:storager] PIT 15558234.1us ff8000 <= ffff mask=00ff pc=002bc4
[:slot1:storager] TICK 15584334.5us head[736c]=0000 [736e]=0000 [7370]=730c [7b12]=0000 [7a36]=0001 [7a38]=0000
[:slot1:storager] PIT 15584350.1us ff8000 <= ffff mask=00ff pc=002bc4
[:slot1:storager] TICK 15610450.5us head[736c]=0000 [736e]=0000 [7370]=730c [7b12]=0000 [7a36]=0001 [7a38]=0000
[:slot1:storager] PIT 15610466.1us ff8000 <= ffff mask=00ff pc=002bc4
[:slot1:storager] TICK 15636567.5us head[736c]=0000 [736e]=0000 [7370]=730c [7b12]=0000 [7a36]=0001 [7a38]=0000
[:slot1:storager] PIT 15636583.1us ff8000 <= ffff mask=00ff pc=002bc4
[:slot1:storager] TICK 15662683.5us head[736c]=0000 [736e]=0000 [7370]=730c [7b12]=0000 [7a36]=0001 [7a38]=0000
[:slot1:storager] PIT 15662699.1us ff8000 <= ffff mask=00ff pc=002bc4
[:slot1:storager] TICK 15688799.5us head[736c]=0000 [736e]=0000 [7370]=730c [7b12]=0000 [7a36]=0001 [7a38]=0000
[:slot1:storager] PIT 15688815.1us ff8000 <= ffff mask=00ff pc=002bc4
[:slot1:storager] TICK 15714917.5us head[736c]=0000 [736e]=0000 [7370]=730c [7b12]=0000 [7a36]=0001 [7a38]=0000
[:slot1:storager] PIT 15714933.1us ff8000 <= ffff mask=00ff pc=002bc4
[:slot1:storager] TICK 15741033.5us head[736c]=0000 [736e]=0000 [7370]=730c [7b12]=0000 [7a36]=0001 [7a38]=0000
[:slot1:storager] PIT 15741049.1us ff8000 <= ffff mask=00ff pc=002bc4
[:slot1:storager] TICK 15767149.5us head[736c]=0000 [736e]=0000 [7370]=730c [7b12]=0000 [7a36]=0001 [7a38]=0000
[:slot1:storager] PIT 15767165.1us ff8000 <= ffff mask=00ff pc=002bc4
[:slot1:storager] TICK 15793265.5us head[736c]=0000 [736e]=0000 [7370]=730c [7b12]=0000 [7a36]=0001 [7a38]=0000
[:slot1:storager] PIT 15793281.1us ff8000 <= ffff mask=00ff pc=002bc4
[:slot1:storager] TICK 15819382.5us head[736c]=0000 [736e]=0000 [7370]=730c [7b12]=0000 [7a36]=0001 [7a38]=0000
[:slot1:storager] PIT 15819398.1us ff8000 <= ffff mask=00ff pc=002bc4
[:slot1:storager] TICK 15845498.5us head[736c]=0000 [736e]=0000 [7370]=730c [7b12]=0000 [7a36]=0001 [7a38]=0000
[:slot1:storager] PIT 15845514.1us ff8000 <= ffff mask=00ff pc=002bc4
[:slot1:storager] TICK 15871614.5us head[736c]=0000 [736e]=0000 [7370]=730c [7b12]=0000 [7a36]=0001 [7a38]=0000
[:slot1:storager] PIT 15871630.1us ff8000 <= ffff mask=00ff pc=002bc4
[:slot1:storager] TICK 15897731.5us head[736c]=0000 [736e]=0000 [7370]=730c [7b12]=0000 [7a36]=0001 [7a38]=0000
[:slot1:storager] PIT 15897747.1us ff8000 <= ffff mask=00ff pc=002bc4
[:slot1:storager] TICK 15923847.5us head[736c]=0000 [736e]=0000 [7370]=730c [7b12]=0000 [7a36]=0001 [7a38]=0000
[:slot1:storager] PIT 15923863.1us ff8000 <= ffff mask=00ff pc=002bc4
[:slot1:storager] TICK 15949963.5us head[736c]=0000 [736e]=0000 [7370]=730c [7b12]=0000 [7a36]=0001 [7a38]=0000
[:slot1:storager] PIT 15949979.1us ff8000 <= ffff mask=00ff pc=002bc4
[:slot1:storager] TICK 15976080.5us head[736c]=0000 [736e]=0000 [7370]=730c [7b12]=0000 [7a36]=0001 [7a38]=0000
[:slot1:storager] PIT 15976096.1us ff8000 <= ffff mask=00ff pc=002bc4
[:slot1:storager] TICK 16002213.5us head[736c]=0000 [736e]=0000 [7370]=730c [7b12]=0000 [7a36]=0001 [7a38]=0000
[:slot1:storager] PIT 16002229.1us ff8000 <= ffff mask=00ff pc=002bc4
[:slot1:storager] TICK 16028325.5us head[736c]=0000 [736e]=0000 [7370]=730c [7b12]=0000 [7a36]=0001 [7a38]=0000
[:slot1:storager] PIT 16028341.1us ff8000 <= ffff mask=00ff pc=002bc4
[:slot1:storager] TICK 16054437.5us head[736c]=0000 [736e]=0000 [7370]=730c [7b12]=0000 [7a36]=0001 [7a38]=0000
[:slot1:storager] PIT 16054453.1us ff8000 <= ffff mask=00ff pc=002bc4
[:slot1:storager] TICK 16080549.5us head[736c]=0000 [736e]=0000 [7370]=730c [7b12]=0000 [7a36]=0001 [7a38]=0000
[:slot1:storager] PIT 16080565.1us ff8000 <= ffff mask=00ff pc=002bc4
[:slot1:storager] TICK 16106662.5us head[736c]=0000 [736e]=0000 [7370]=730c [7b12]=0000 [7a36]=0001 [7a38]=0000
[:slot1:storager] PIT 16106678.1us ff8000 <= ffff mask=00ff pc=002bc4
[:slot1:storager] TICK 16132778.5us head[736c]=0000 [736e]=0000 [7370]=730c [7b12]=0000 [7a36]=0001 [7a38]=0000
[:slot1:storager] PIT 16132794.1us ff8000 <= ffff mask=00ff pc=002bc4
[:slot1:storager] TICK 16158895.5us head[736c]=0000 [736e]=0000 [7370]=730c [7b12]=0000 [7a36]=0001 [7a38]=0000
[:slot1:storager] PIT 16158911.1us ff8000 <= ffff mask=00ff pc=002bc4
[:slot1:storager] TICK 16185011.5us head[736c]=0000 [736e]=0000 [7370]=730c [7b12]=0000 [7a36]=0001 [7a38]=0000
[:slot1:storager] PIT 16185027.1us ff8000 <= ffff mask=00ff pc=002bc4
[:slot1:storager] TICK 16211129.5us head[736c]=0000 [736e]=0000 [7370]=730c [7b12]=0000 [7a36]=0001 [7a38]=0000
[:slot1:storager] PIT 16211145.1us ff8000 <= ffff mask=00ff pc=002bc4
[:slot1:storager] TICK 16237244.5us head[736c]=0000 [736e]=0000 [7370]=730c [7b12]=0000 [7a36]=0001 [7a38]=0000
[:slot1:storager] PIT 16237260.1us ff8000 <= ffff mask=00ff pc=002bc4
[:slot1:storager] TICK 16263361.5us head[736c]=0000 [736e]=0000 [7370]=730c [7b12]=0000 [7a36]=0001 [7a38]=0000
[:slot1:storager] PIT 16263377.1us ff8000 <= ffff mask=00ff pc=002bc4
[:slot1:storager] TICK 16289477.5us head[736c]=0000 [736e]=0000 [7370]=730c [7b12]=0000 [7a36]=0001 [7a38]=0000
[:slot1:storager] PIT 16289493.1us ff8000 <= ffff mask=00ff pc=002bc4
[:slot1:storager] TICK 16315593.5us head[736c]=0000 [736e]=0000 [7370]=730c [7b12]=0000 [7a36]=0001 [7a38]=0000
[:slot1:storager] PIT 16315609.1us ff8000 <= ffff mask=00ff pc=002bc4
[:slot1:storager] TICK 16341710.5us head[736c]=0000 [736e]=0000 [7370]=730c [7b12]=0000 [7a36]=0001 [7a38]=0000
[:slot1:storager] PIT 16341726.1us ff8000 <= ffff mask=00ff pc=002bc4
[:slot1:storager] TICK 16367826.5us head[736c]=0000 [736e]=0000 [7370]=730c [7b12]=0000 [7a36]=0001 [7a38]=0000
[:slot1:storager] PIT 16367842.1us ff8000 <= ffff mask=00ff pc=002bc4
[:slot1:storager] TICK 16393943.5us head[736c]=0000 [736e]=0000 [7370]=730c [7b12]=0000 [7a36]=0001 [7a38]=0000
[:slot1:storager] PIT 16393959.1us ff8000 <= ffff mask=00ff pc=002bc4
[:slot1:storager] TICK 16420059.5us head[736c]=0000 [736e]=0000 [7370]=730c [7b12]=0000 [7a36]=0001 [7a38]=0000
[:slot1:storager] PIT 16420075.1us ff8000 <= ffff mask=00ff pc=002bc4
[:slot1:storager] TICK 16446175.5us head[736c]=0000 [736e]=0000 [7370]=730c [7b12]=0000 [7a36]=0001 [7a38]=0000
[:slot1:storager] PIT 16446191.1us ff8000 <= ffff mask=00ff pc=002bc4
[:slot1:storager] TICK 16472292.5us head[736c]=0000 [736e]=0000 [7370]=730c [7b12]=0000 [7a36]=0001 [7a38]=0000
[:slot1:storager] PIT 16472308.1us ff8000 <= ffff mask=00ff pc=002bc4
[:slot1:storager] TICK 16498408.5us head[736c]=0000 [736e]=0000 [7370]=730c [7b12]=0000 [7a36]=0001 [7a38]=0000
[:slot1:storager] PIT 16498424.1us ff8000 <= ffff mask=00ff pc=002bc4
[:slot1:storager] TICK 16524524.5us head[736c]=0000 [736e]=0000 [7370]=730c [7b12]=0000 [7a36]=0001 [7a38]=0000
[:slot1:storager] PIT 16524540.1us ff8000 <= ffff mask=00ff pc=002bc4
[:slot1:storager] TICK 16550642.5us head[736c]=0000 [736e]=0000 [7370]=730c [7b12]=0000 [7a36]=0001 [7a38]=0000
[:slot1:storager] PIT 16550658.1us ff8000 <= ffff mask=00ff pc=002bc4
[:slot1:storager] TICK 16576758.5us head[736c]=0000 [736e]=0000 [7370]=730c [7b12]=0000 [7a36]=0001 [7a38]=0000
[:slot1:storager] PIT 16576774.1us ff8000 <= ffff mask=00ff pc=002bc4
[:slot1:storager] TICK 16602873.5us head[736c]=0000 [736e]=0000 [7370]=730c [7b12]=0000 [7a36]=0001 [7a38]=0000
[:slot1:storager] PIT 16602889.1us ff8000 <= ffff mask=00ff pc=002bc4
[:slot1:storager] TICK 16628990.5us head[736c]=0000 [736e]=0000 [7370]=730c [7b12]=0000 [7a36]=0001 [7a38]=0000
[:slot1:storager] PIT 16629006.1us ff8000 <= ffff mask=00ff pc=002bc4
[:slot1:storager] TICK 16655106.5us head[736c]=0000 [736e]=0000 [7370]=730c [7b12]=0000 [7a36]=0001 [7a38]=0000
[:slot1:storager] PIT 16655122.1us ff8000 <= ffff mask=00ff pc=002bc4
[:slot1:storager] TICK 16681223.5us head[736c]=0000 [736e]=0000 [7370]=730c [7b12]=0000 [7a36]=0001 [7a38]=0000
[:slot1:storager] PIT 16681239.1us ff8000 <= ffff mask=00ff pc=002bc4
[:slot1:storager] TICK 16707339.5us head[736c]=0000 [736e]=0000 [7370]=730c [7b12]=0000 [7a36]=0001 [7a38]=0000
[:slot1:storager] PIT 16707355.1us ff8000 <= ffff mask=00ff pc=002bc4
[:slot1:storager] TICK 16733456.5us head[736c]=0000 [736e]=0000 [7370]=730c [7b12]=0000 [7a36]=0001 [7a38]=0000
[:slot1:storager] PIT 16733472.1us ff8000 <= ffff mask=00ff pc=002bc4
[:slot1:storager] TICK 16759572.5us head[736c]=0000 [736e]=0000 [7370]=730c [7b12]=0000 [7a36]=0001 [7a38]=0000
[:slot1:storager] PIT 16759588.1us ff8000 <= ffff mask=00ff pc=002bc4
[:slot1:storager] TICK 16785688.5us head[736c]=0000 [736e]=0000 [7370]=730c [7b12]=0000 [7a36]=0001 [7a38]=0000
[:slot1:storager] PIT 16785704.1us ff8000 <= ffff mask=00ff pc=002bc4
[:slot1:storager] TICK 16811805.5us head[736c]=0000 [736e]=0000 [7370]=730c [7b12]=0000 [7a36]=0001 [7a38]=0000
[:slot1:storager] PIT 16811821.1us ff8000 <= ffff mask=00ff pc=002bc4
[:slot1:storager] TICK 16837938.5us head[736c]=0000 [736e]=0000 [7370]=730c [7b12]=0000 [7a36]=0001 [7a38]=0000
[:slot1:storager] PIT 16837954.1us ff8000 <= ffff mask=00ff pc=002bc4
[:slot1:storager] TICK 16864050.5us head[736c]=0000 [736e]=0000 [7370]=730c [7b12]=0000 [7a36]=0001 [7a38]=0000
[:slot1:storager] PIT 16864066.1us ff8000 <= ffff mask=00ff pc=002bc4
[:slot1:storager] TICK 16890162.5us head[736c]=0000 [736e]=0000 [7370]=730c [7b12]=0000 [7a36]=0001 [7a38]=0000
[:slot1:storager] PIT 16890178.1us ff8000 <= ffff mask=00ff pc=002bc4
[:slot1:storager] TICK 16916274.5us head[736c]=0000 [736e]=0000 [7370]=730c [7b12]=0000 [7a36]=0001 [7a38]=0000
[:slot1:storager] PIT 16916290.1us ff8000 <= ffff mask=00ff pc=002bc4
[:slot1:storager] TICK 16942387.5us head[736c]=0000 [736e]=0000 [7370]=730c [7b12]=0000 [7a36]=0001 [7a38]=0000
[:slot1:storager] PIT 16942403.1us ff8000 <= ffff mask=00ff pc=002bc4
[:slot1:storager] TICK 16968503.5us head[736c]=0000 [736e]=0000 [7370]=730c [7b12]=0000 [7a36]=0001 [7a38]=0000
[:slot1:storager] PIT 16968519.1us ff8000 <= ffff mask=00ff pc=002bc4
[:slot1:storager] TICK 16994619.5us head[736c]=0000 [736e]=0000 [7370]=730c [7b12]=0000 [7a36]=0001 [7a38]=0000
[:slot1:storager] PIT 16994635.1us ff8000 <= ffff mask=00ff pc=002bc4
[:slot1:storager] TICK 17020736.5us head[736c]=0000 [736e]=0000 [7370]=730c [7b12]=0000 [7a36]=0001 [7a38]=0000
[:slot1:storager] PIT 17020752.1us ff8000 <= ffff mask=00ff pc=002bc4
[:slot1:storager] TICK 17046852.5us head[736c]=0000 [736e]=0000 [7370]=730c [7b12]=0000 [7a36]=0001 [7a38]=0000
[:slot1:storager] PIT 17046868.1us ff8000 <= ffff mask=00ff pc=002bc4
[:slot1:storager] TICK 17072968.5us head[736c]=0000 [736e]=0000 [7370]=730c [7b12]=0000 [7a36]=0001 [7a38]=0000
[:slot1:storager] PIT 17072984.1us ff8000 <= ffff mask=00ff pc=002bc4
[:slot1:storager] TICK 17099085.5us head[736c]=0000 [736e]=0000 [7370]=730c [7b12]=0000 [7a36]=0001 [7a38]=0000
[:slot1:storager] PIT 17099101.1us ff8000 <= ffff mask=00ff pc=002bc4
[:slot1:storager] TICK 17125202.5us head[736c]=0000 [736e]=0000 [7370]=730c [7b12]=0000 [7a36]=0001 [7a38]=0000
[:slot1:storager] PIT 17125218.1us ff8000 <= ffff mask=00ff pc=002bc4
[:slot1:storager] TICK 17151318.5us head[736c]=0000 [736e]=0000 [7370]=730c [7b12]=0000 [7a36]=0001 [7a38]=0000
[:slot1:storager] PIT 17151334.1us ff8000 <= ffff mask=00ff pc=002bc4
[:slot1:storager] TICK 17177434.5us head[736c]=0000 [736e]=0000 [7370]=730c [7b12]=0000 [7a36]=0001 [7a38]=0000
[:slot1:storager] PIT 17177450.1us ff8000 <= ffff mask=00ff pc=002bc4
[:slot1:storager] TICK 17203552.5us head[736c]=0000 [736e]=0000 [7370]=730c [7b12]=0000 [7a36]=0001 [7a38]=0000
[:slot1:storager] PIT 17203568.1us ff8000 <= ffff mask=00ff pc=002bc4
[:slot1:storager] TICK 17229667.5us head[736c]=0000 [736e]=0000 [7370]=730c [7b12]=0000 [7a36]=0001 [7a38]=0000
[:slot1:storager] PIT 17229683.1us ff8000 <= ffff mask=00ff pc=002bc4
[:slot1:storager] TICK 17255784.5us head[736c]=0000 [736e]=0000 [7370]=730c [7b12]=0000 [7a36]=0001 [7a38]=0000
[:slot1:storager] PIT 17255800.1us ff8000 <= ffff mask=00ff pc=002bc4
[:slot1:storager] TICK 17281900.5us head[736c]=0000 [736e]=0000 [7370]=730c [7b12]=0000 [7a36]=0001 [7a38]=0000
[:slot1:storager] PIT 17281916.1us ff8000 <= ffff mask=00ff pc=002bc4
[:slot1:storager] TICK 17308016.5us head[736c]=0000 [736e]=0000 [7370]=730c [7b12]=0000 [7a36]=0001 [7a38]=0000
[:slot1:storager] PIT 17308032.1us ff8000 <= ffff mask=00ff pc=002bc4
[:slot1:storager] TICK 17334134.5us head[736c]=0000 [736e]=0000 [7370]=730c [7b12]=0000 [7a36]=0001 [7a38]=0000
[:slot1:storager] PIT 17334150.1us ff8000 <= ffff mask=00ff pc=002bc4
[:slot1:storager] TICK 17360250.5us head[736c]=0000 [736e]=0000 [7370]=730c [7b12]=0000 [7a36]=0001 [7a38]=0000
[:slot1:storager] PIT 17360266.1us ff8000 <= ffff mask=00ff pc=002bc4
[:slot1:storager] TICK 17386366.5us head[736c]=0000 [736e]=0000 [7370]=730c [7b12]=0000 [7a36]=0001 [7a38]=0000
[:slot1:storager] PIT 17386382.1us ff8000 <= ffff mask=00ff pc=002bc4
[:slot1:storager] TICK 17412482.5us head[736c]=0000 [736e]=0000 [7370]=730c [7b12]=0000 [7a36]=0001 [7a38]=0000
[:slot1:storager] PIT 17412498.1us ff8000 <= ffff mask=00ff pc=002bc4
[:slot1:storager] TICK 17438599.5us head[736c]=0000 [736e]=0000 [7370]=730c [7b12]=0000 [7a36]=0001 [7a38]=0000
[:slot1:storager] PIT 17438615.1us ff8000 <= ffff mask=00ff pc=002bc4
[:slot1:storager] TICK 17464715.5us head[736c]=0000 [736e]=0000 [7370]=730c [7b12]=0000 [7a36]=0001 [7a38]=0000
[:slot1:storager] PIT 17464731.1us ff8000 <= ffff mask=00ff pc=002bc4
[:slot1:storager] TICK 17490831.5us head[736c]=0000 [736e]=0000 [7370]=730c [7b12]=0000 [7a36]=0001 [7a38]=0000
[:slot1:storager] PIT 17490847.1us ff8000 <= ffff mask=00ff pc=002bc4
[:slot1:storager] TICK 17516948.5us head[736c]=0000 [736e]=0000 [7370]=730c [7b12]=0000 [7a36]=0001 [7a38]=0000
[:slot1:storager] PIT 17516964.1us ff8000 <= ffff mask=00ff pc=002bc4
[:slot1:storager] TICK 17543064.5us head[736c]=0000 [736e]=0000 [7370]=730c [7b12]=0000 [7a36]=0001 [7a38]=0000
[:slot1:storager] PIT 17543080.1us ff8000 <= ffff mask=00ff pc=002bc4
[:slot1:storager] TICK 17569180.5us head[736c]=0000 [736e]=0000 [7370]=730c [7b12]=0000 [7a36]=0001 [7a38]=0000
[:slot1:storager] PIT 17569196.1us ff8000 <= ffff mask=00ff pc=002bc4
[:slot1:storager] TICK 17595298.5us head[736c]=0000 [736e]=0000 [7370]=730c [7b12]=0000 [7a36]=0001 [7a38]=0000
[:slot1:storager] PIT 17595314.1us ff8000 <= ffff mask=00ff pc=002bc4
[:slot1:storager] TICK 17621413.5us head[736c]=0000 [736e]=0000 [7370]=730c [7b12]=0000 [7a36]=0001 [7a38]=0000
[:slot1:storager] PIT 17621429.1us ff8000 <= ffff mask=00ff pc=002bc4
[:slot1:storager] TICK 17647530.5us head[736c]=0000 [736e]=0000 [7370]=730c [7b12]=0000 [7a36]=0001 [7a38]=0000
[:slot1:storager] PIT 17647546.1us ff8000 <= ffff mask=00ff pc=002bc4
[:slot1:storager] TICK 17673663.5us head[736c]=0000 [736e]=0000 [7370]=730c [7b12]=0000 [7a36]=0001 [7a38]=0000
[:slot1:storager] PIT 17673679.1us ff8000 <= ffff mask=00ff pc=002bc4
[:slot1:storager] TICK 17699775.5us head[736c]=0000 [736e]=0000 [7370]=730c [7b12]=0000 [7a36]=0001 [7a38]=0000
[:slot1:storager] PIT 17699791.1us ff8000 <= ffff mask=00ff pc=002bc4
[:slot1:storager] TICK 17725887.5us head[736c]=0000 [736e]=0000 [7370]=730c [7b12]=0000 [7a36]=0001 [7a38]=0000
[:slot1:storager] PIT 17725903.1us ff8000 <= ffff mask=00ff pc=002bc4
[:slot1:storager] TICK 17751999.5us head[736c]=0000 [736e]=0000 [7370]=730c [7b12]=0000 [7a36]=0001 [7a38]=0000
[:slot1:storager] PIT 17752015.1us ff8000 <= ffff mask=00ff pc=002bc4
[:slot1:storager] TICK 17778112.5us head[736c]=0000 [736e]=0000 [7370]=730c [7b12]=0000 [7a36]=0001 [7a38]=0000
[:slot1:storager] PIT 17778128.1us ff8000 <= ffff mask=00ff pc=002bc4
[:slot1:storager] TICK 17804228.5us head[736c]=0000 [736e]=0000 [7370]=730c [7b12]=0000 [7a36]=0001 [7a38]=0000
[:slot1:storager] PIT 17804244.1us ff8000 <= ffff mask=00ff pc=002bc4
[:slot1:storager] TICK 17830344.5us head[736c]=0000 [736e]=0000 [7370]=730c [7b12]=0000 [7a36]=0001 [7a38]=0000
[:slot1:storager] PIT 17830360.1us ff8000 <= ffff mask=00ff pc=002bc4
[:slot1:storager] TICK 17856461.5us head[736c]=0000 [736e]=0000 [7370]=730c [7b12]=0000 [7a36]=0001 [7a38]=0000
[:slot1:storager] PIT 17856477.1us ff8000 <= ffff mask=00ff pc=002bc4
[:slot1:storager] TICK 17882577.5us head[736c]=0000 [736e]=0000 [7370]=730c [7b12]=0000 [7a36]=0001 [7a38]=0000
[:slot1:storager] PIT 17882593.1us ff8000 <= ffff mask=00ff pc=002bc4
[:slot1:storager] TICK 17908693.5us head[736c]=0000 [736e]=0000 [7370]=730c [7b12]=0000 [7a36]=0001 [7a38]=0000
[:slot1:storager] PIT 17908709.1us ff8000 <= ffff mask=00ff pc=002bc4
[:slot1:storager] TICK 17934810.5us head[736c]=0000 [736e]=0000 [7370]=730c [7b12]=0000 [7a36]=0001 [7a38]=0000
[:slot1:storager] PIT 17934826.1us ff8000 <= ffff mask=00ff pc=002bc4
[:slot1:storager] TICK 17960927.5us head[736c]=0000 [736e]=0000 [7370]=730c [7b12]=0000 [7a36]=0001 [7a38]=0000
[:slot1:storager] PIT 17960943.1us ff8000 <= ffff mask=00ff pc=002bc4
[:slot1:storager] TICK 17987043.5us head[736c]=0000 [736e]=0000 [7370]=730c [7b12]=0000 [7a36]=0001 [7a38]=0000
[:slot1:storager] PIT 17987059.1us ff8000 <= ffff mask=00ff pc=002bc4
[:slot1:storager] TICK 18013159.5us head[736c]=0000 [736e]=0000 [7370]=730c [7b12]=0000 [7a36]=0001 [7a38]=0000
[:slot1:storager] PIT 18013175.1us ff8000 <= ffff mask=00ff pc=002bc4
[:slot1:storager] TICK 18039276.5us head[736c]=0000 [736e]=0000 [7370]=730c [7b12]=0000 [7a36]=0001 [7a38]=0000
[:slot1:storager] PIT 18039292.1us ff8000 <= ffff mask=00ff pc=002bc4
[:slot1:storager] TICK 18065392.5us head[736c]=0000 [736e]=0000 [7370]=730c [7b12]=0000 [7a36]=0001 [7a38]=0000
[:slot1:storager] PIT 18065408.1us ff8000 <= ffff mask=00ff pc=002bc4
[:slot1:storager] TICK 18091509.5us head[736c]=0000 [736e]=0000 [7370]=730c [7b12]=0000 [7a36]=0001 [7a38]=0000
[:slot1:storager] PIT 18091525.1us ff8000 <= ffff mask=00ff pc=002bc4
[:slot1:storager] TICK 18117625.5us head[736c]=0000 [736e]=0000 [7370]=730c [7b12]=0000 [7a36]=0001 [7a38]=0000
[:slot1:storager] PIT 18117641.1us ff8000 <= ffff mask=00ff pc=002bc4
[:slot1:storager] TICK 18143741.5us head[736c]=0000 [736e]=0000 [7370]=730c [7b12]=0000 [7a36]=0001 [7a38]=0000
[:slot1:storager] PIT 18143757.1us ff8000 <= ffff mask=00ff pc=002bc4
[:slot1:storager] TICK 18169858.5us head[736c]=0000 [736e]=0000 [7370]=730c [7b12]=0000 [7a36]=0001 [7a38]=0000
[:slot1:storager] PIT 18169874.1us ff8000 <= ffff mask=00ff pc=002bc4
[:slot1:storager] TICK 18195974.5us head[736c]=0000 [736e]=0000 [7370]=730c [7b12]=0000 [7a36]=0001 [7a38]=0000
[:slot1:storager] PIT 18195990.1us ff8000 <= ffff mask=00ff pc=002bc4
[:slot1:storager] TICK 18222091.5us head[736c]=0000 [736e]=0000 [7370]=730c [7b12]=0000 [7a36]=0001 [7a38]=0000
[:slot1:storager] PIT 18222107.1us ff8000 <= ffff mask=00ff pc=002bc4
[:slot1:storager] TICK 18248207.5us head[736c]=0000 [736e]=0000 [7370]=730c [7b12]=0000 [7a36]=0001 [7a38]=0000
[:slot1:storager] PIT 18248223.1us ff8000 <= ffff mask=00ff pc=002bc4
[:slot1:storager] TICK 18274324.5us head[736c]=0000 [736e]=0000 [7370]=730c [7b12]=0000 [7a36]=0001 [7a38]=0000
[:slot1:storager] PIT 18274340.1us ff8000 <= ffff mask=00ff pc=002bc4
[:slot1:storager] TICK 18300439.5us head[736c]=0000 [736e]=0000 [7370]=730c [7b12]=0000 [7a36]=0001 [7a38]=0000
[:slot1:storager] PIT 18300455.1us ff8000 <= ffff mask=00ff pc=002bc4
[:slot1:storager] TICK 18326556.5us head[736c]=0000 [736e]=0000 [7370]=730c [7b12]=0000 [7a36]=0001 [7a38]=0000
[:slot1:storager] PIT 18326572.1us ff8000 <= ffff mask=00ff pc=002bc4
[:slot1:storager] TICK 18352672.5us head[736c]=0000 [736e]=0000 [7370]=730c [7b12]=0000 [7a36]=0001 [7a38]=0000
[:slot1:storager] PIT 18352688.1us ff8000 <= ffff mask=00ff pc=002bc4
[:slot1:storager] TICK 18378789.5us head[736c]=0000 [736e]=0000 [7370]=730c [7b12]=0000 [7a36]=0001 [7a38]=0000
[:slot1:storager] PIT 18378805.1us ff8000 <= ffff mask=00ff pc=002bc4
[:slot1:storager] TICK 18404905.5us head[736c]=0000 [736e]=0000 [7370]=730c [7b12]=0000 [7a36]=0001 [7a38]=0000
[:slot1:storager] PIT 18404921.1us ff8000 <= ffff mask=00ff pc=002bc4
[:slot1:storager] TICK 18431023.5us head[736c]=0000 [736e]=0000 [7370]=730c [7b12]=0000 [7a36]=0001 [7a38]=0000
[:slot1:storager] PIT 18431039.1us ff8000 <= ffff mask=00ff pc=002bc4
[:slot1:storager] TICK 18457138.5us head[736c]=0000 [736e]=0000 [7370]=730c [7b12]=0000 [7a36]=0001 [7a38]=0000
[:slot1:storager] PIT 18457154.1us ff8000 <= ffff mask=00ff pc=002bc4
[:slot1:storager] TICK 18483255.5us head[736c]=0000 [736e]=0000 [7370]=730c [7b12]=0000 [7a36]=0001 [7a38]=0000
[:slot1:storager] PIT 18483271.1us ff8000 <= ffff mask=00ff pc=002bc4
[:slot1:storager] TICK 18509388.5us head[736c]=0000 [736e]=0000 [7370]=730c [7b12]=0000 [7a36]=0001 [7a38]=0000
[:slot1:storager] PIT 18509404.1us ff8000 <= ffff mask=00ff pc=002bc4
[:slot1:storager] TICK 18535500.5us head[736c]=0000 [736e]=0000 [7370]=730c [7b12]=0000 [7a36]=0001 [7a38]=0000
[:slot1:storager] PIT 18535516.1us ff8000 <= ffff mask=00ff pc=002bc4
[:slot1:storager] TICK 18561612.5us head[736c]=0000 [736e]=0000 [7370]=730c [7b12]=0000 [7a36]=0001 [7a38]=0000
[:slot1:storager] PIT 18561628.1us ff8000 <= ffff mask=00ff pc=002bc4
[:slot1:storager] TICK 18587724.5us head[736c]=0000 [736e]=0000 [7370]=730c [7b12]=0000 [7a36]=0001 [7a38]=0000
[:slot1:storager] PIT 18587740.1us ff8000 <= ffff mask=00ff pc=002bc4
[:slot1:storager] TICK 18613836.5us head[736c]=0000 [736e]=0000 [7370]=730c [7b12]=0000 [7a36]=0001 [7a38]=0000
[:slot1:storager] PIT 18613852.1us ff8000 <= ffff mask=00ff pc=002bc4
[:slot1:storager] TICK 18639953.5us head[736c]=0000 [736e]=0000 [7370]=730c [7b12]=0000 [7a36]=0001 [7a38]=0000
[:slot1:storager] PIT 18639969.1us ff8000 <= ffff mask=00ff pc=002bc4
[:slot1:storager] TICK 18666069.5us head[736c]=0000 [736e]=0000 [7370]=730c [7b12]=0000 [7a36]=0001 [7a38]=0000
[:slot1:storager] PIT 18666085.1us ff8000 <= ffff mask=00ff pc=002bc4
[:slot1:storager] TICK 18692186.5us head[736c]=0000 [736e]=0000 [7370]=730c [7b12]=0000 [7a36]=0001 [7a38]=0000
[:slot1:storager] PIT 18692202.1us ff8000 <= ffff mask=00ff pc=002bc4
[:slot1:storager] TICK 18718302.5us head[736c]=0000 [736e]=0000 [7370]=730c [7b12]=0000 [7a36]=0001 [7a38]=0000
[:slot1:storager] PIT 18718318.1us ff8000 <= ffff mask=00ff pc=002bc4
[:slot1:storager] TICK 18744418.5us head[736c]=0000 [736e]=0000 [7370]=730c [7b12]=0000 [7a36]=0001 [7a38]=0000
[:slot1:storager] PIT 18744434.1us ff8000 <= ffff mask=00ff pc=002bc4
[:slot1:storager] TICK 18770535.5us head[736c]=0000 [736e]=0000 [7370]=730c [7b12]=0000 [7a36]=0001 [7a38]=0000
[:slot1:storager] PIT 18770551.1us ff8000 <= ffff mask=00ff pc=002bc4
[:slot1:storager] TICK 18796651.5us head[736c]=0000 [736e]=0000 [7370]=730c [7b12]=0000 [7a36]=0001 [7a38]=0000
[:slot1:storager] PIT 18796667.1us ff8000 <= ffff mask=00ff pc=002bc4
[:slot1:storager] TICK 18822768.5us head[736c]=0000 [736e]=0000 [7370]=730c [7b12]=0000 [7a36]=0001 [7a38]=0000
[:slot1:storager] PIT 18822784.1us ff8000 <= ffff mask=00ff pc=002bc4
[:slot1:storager] TICK 18848884.5us head[736c]=0000 [736e]=0000 [7370]=730c [7b12]=0000 [7a36]=0001 [7a38]=0000
[:slot1:storager] PIT 18848900.1us ff8000 <= ffff mask=00ff pc=002bc4
[:slot1:storager] TICK 18875000.5us head[736c]=0000 [736e]=0000 [7370]=730c [7b12]=0000 [7a36]=0001 [7a38]=0000
[:slot1:storager] PIT 18875016.1us ff8000 <= ffff mask=00ff pc=002bc4
[:slot1:storager] TICK 18901117.5us head[736c]=0000 [736e]=0000 [7370]=730c [7b12]=0000 [7a36]=0001 [7a38]=0000
[:slot1:storager] PIT 18901133.1us ff8000 <= ffff mask=00ff pc=002bc4
[:slot1:storager] TICK 18927233.5us head[736c]=0000 [736e]=0000 [7370]=730c [7b12]=0000 [7a36]=0001 [7a38]=0000
[:slot1:storager] PIT 18927249.1us ff8000 <= ffff mask=00ff pc=002bc4
[:slot1:storager] TICK 18953350.5us head[736c]=0000 [736e]=0000 [7370]=730c [7b12]=0000 [7a36]=0001 [7a38]=0000
[:slot1:storager] PIT 18953366.1us ff8000 <= ffff mask=00ff pc=002bc4
[:slot1:storager] TICK 18979466.5us head[736c]=0000 [736e]=0000 [7370]=730c [7b12]=0000 [7a36]=0001 [7a38]=0000
[:slot1:storager] PIT 18979482.1us ff8000 <= ffff mask=00ff pc=002bc4
[:slot1:storager] TICK 19005582.5us head[736c]=0000 [736e]=0000 [7370]=730c [7b12]=0000 [7a36]=0001 [7a38]=0000
[:slot1:storager] PIT 19005598.1us ff8000 <= ffff mask=00ff pc=002bc4
[:slot1:storager] TICK 19031699.5us head[736c]=0000 [736e]=0000 [7370]=730c [7b12]=0000 [7a36]=0001 [7a38]=0000
[:slot1:storager] PIT 19031715.1us ff8000 <= ffff mask=00ff pc=002bc4
[:slot1:storager] TICK 19057816.5us head[736c]=0000 [736e]=0000 [7370]=730c [7b12]=0000 [7a36]=0001 [7a38]=0000
[:slot1:storager] PIT 19057832.1us ff8000 <= ffff mask=00ff pc=002bc4
[:slot1:storager] TICK 19083932.5us head[736c]=0000 [736e]=0000 [7370]=730c [7b12]=0000 [7a36]=0001 [7a38]=0000
[:slot1:storager] PIT 19083948.1us ff8000 <= ffff mask=00ff pc=002bc4
[:slot1:storager] TICK 19110048.5us head[736c]=0000 [736e]=0000 [7370]=730c [7b12]=0000 [7a36]=0001 [7a38]=0000
[:slot1:storager] PIT 19110064.1us ff8000 <= ffff mask=00ff pc=002bc4
[:slot1:storager] TICK 19136164.5us head[736c]=0000 [736e]=0000 [7370]=730c [7b12]=0000 [7a36]=0001 [7a38]=0000
[:slot1:storager] PIT 19136180.1us ff8000 <= ffff mask=00ff pc=002bc4
[:slot1:storager] TICK 19162281.5us head[736c]=0000 [736e]=0000 [7370]=730c [7b12]=0000 [7a36]=0001 [7a38]=0000
[:slot1:storager] PIT 19162297.1us ff8000 <= ffff mask=00ff pc=002bc4
[:slot1:storager] TICK 19188397.5us head[736c]=0000 [736e]=0000 [7370]=730c [7b12]=0000 [7a36]=0001 [7a38]=0000
[:slot1:storager] PIT 19188413.1us ff8000 <= ffff mask=00ff pc=002bc4
[:slot1:storager] TICK 19214513.5us head[736c]=0000 [736e]=0000 [7370]=730c [7b12]=0000 [7a36]=0001 [7a38]=0000
[:slot1:storager] PIT 19214529.1us ff8000 <= ffff mask=00ff pc=002bc4
[:slot1:storager] TICK 19240630.5us head[736c]=0000 [736e]=0000 [7370]=730c [7b12]=0000 [7a36]=0001 [7a38]=0000
[:slot1:storager] PIT 19240646.1us ff8000 <= ffff mask=00ff pc=002bc4
[:slot1:storager] TICK 19266746.5us head[736c]=0000 [736e]=0000 [7370]=730c [7b12]=0000 [7a36]=0001 [7a38]=0000
[:slot1:storager] PIT 19266762.1us ff8000 <= ffff mask=00ff pc=002bc4
[:slot1:storager] TICK 19292862.5us head[736c]=0000 [736e]=0000 [7370]=730c [7b12]=0000 [7a36]=0001 [7a38]=0000
[:slot1:storager] PIT 19292878.1us ff8000 <= ffff mask=00ff pc=002bc4
[:slot1:storager] TICK 19319000.5us head[736c]=0000 [736e]=0000 [7370]=730c [7b12]=0000 [7a36]=0001 [7a38]=0000
[:slot1:storager] PIT 19319016.1us ff8000 <= ffff mask=00ff pc=002bc4
[:slot1:storager] TICK 19345112.5us head[736c]=0000 [736e]=0000 [7370]=730c [7b12]=0000 [7a36]=0001 [7a38]=0000
[:slot1:storager] PIT 19345128.1us ff8000 <= ffff mask=00ff pc=002bc4
[:slot1:storager] TICK 19371224.5us head[736c]=0000 [736e]=0000 [7370]=730c [7b12]=0000 [7a36]=0001 [7a38]=0000
[:slot1:storager] PIT 19371240.1us ff8000 <= ffff mask=00ff pc=002bc4
[:slot1:storager] TICK 19397336.5us head[736c]=0000 [736e]=0000 [7370]=730c [7b12]=0000 [7a36]=0001 [7a38]=0000
[:slot1:storager] PIT 19397352.1us ff8000 <= ffff mask=00ff pc=002bc4
[:slot1:storager] TICK 19423448.5us head[736c]=0000 [736e]=0000 [7370]=730c [7b12]=0000 [7a36]=0001 [7a38]=0000
[:slot1:storager] PIT 19423464.1us ff8000 <= ffff mask=00ff pc=002bc4
[:slot1:storager] TICK 19449561.5us head[736c]=0000 [736e]=0000 [7370]=730c [7b12]=0000 [7a36]=0001 [7a38]=0000
[:slot1:storager] PIT 19449577.1us ff8000 <= ffff mask=00ff pc=002bc4
[:slot1:storager] TICK 19475677.5us head[736c]=0000 [736e]=0000 [7370]=730c [7b12]=0000 [7a36]=0001 [7a38]=0000
[:slot1:storager] PIT 19475693.1us ff8000 <= ffff mask=00ff pc=002bc4
[:slot1:storager] TICK 19501794.5us head[736c]=0000 [736e]=0000 [7370]=730c [7b12]=0000 [7a36]=0001 [7a38]=0000
[:slot1:storager] PIT 19501810.1us ff8000 <= ffff mask=00ff pc=002bc4
[:slot1:storager] TICK 19527911.5us head[736c]=0000 [736e]=0000 [7370]=730c [7b12]=0000 [7a36]=0001 [7a38]=0000
[:slot1:storager] PIT 19527927.1us ff8000 <= ffff mask=00ff pc=002bc4
[:slot1:storager] TICK 19554028.5us head[736c]=0000 [736e]=0000 [7370]=730c [7b12]=0000 [7a36]=0001 [7a38]=0000
[:slot1:storager] PIT 19554044.1us ff8000 <= ffff mask=00ff pc=002bc4
[:slot1:storager] TICK 19580143.5us head[736c]=0000 [736e]=0000 [7370]=730c [7b12]=0000 [7a36]=0001 [7a38]=0000
[:slot1:storager] PIT 19580159.1us ff8000 <= ffff mask=00ff pc=002bc4
[:slot1:storager] TICK 19606260.5us head[736c]=0000 [736e]=0000 [7370]=730c [7b12]=0000 [7a36]=0001 [7a38]=0000
[:slot1:storager] PIT 19606276.1us ff8000 <= ffff mask=00ff pc=002bc4
[:slot1:storager] TICK 19632376.5us head[736c]=0000 [736e]=0000 [7370]=730c [7b12]=0000 [7a36]=0001 [7a38]=0000
[:slot1:storager] PIT 19632392.1us ff8000 <= ffff mask=00ff pc=002bc4
[:slot1:storager] TICK 19658492.5us head[736c]=0000 [736e]=0000 [7370]=730c [7b12]=0000 [7a36]=0001 [7a38]=0000
[:slot1:storager] PIT 19658508.1us ff8000 <= ffff mask=00ff pc=002bc4
[:slot1:storager] TICK 19684609.5us head[736c]=0000 [736e]=0000 [7370]=730c [7b12]=0000 [7a36]=0001 [7a38]=0000
[:slot1:storager] PIT 19684625.1us ff8000 <= ffff mask=00ff pc=002bc4
[:slot1:storager] TICK 19710725.5us head[736c]=0000 [736e]=0000 [7370]=730c [7b12]=0000 [7a36]=0001 [7a38]=0000
[:slot1:storager] PIT 19710741.1us ff8000 <= ffff mask=00ff pc=002bc4
[:slot1:storager] TICK 19736842.5us head[736c]=0000 [736e]=0000 [7370]=730c [7b12]=0000 [7a36]=0001 [7a38]=0000
[:slot1:storager] PIT 19736858.1us ff8000 <= ffff mask=00ff pc=002bc4
[:slot1:storager] TICK 19762958.5us head[736c]=0000 [736e]=0000 [7370]=730c [7b12]=0000 [7a36]=0001 [7a38]=0000
[:slot1:storager] PIT 19762974.1us ff8000 <= ffff mask=00ff pc=002bc4
[:slot1:storager] TICK 19789074.5us head[736c]=0000 [736e]=0000 [7370]=730c [7b12]=0000 [7a36]=0001 [7a38]=0000
[:slot1:storager] PIT 19789090.1us ff8000 <= ffff mask=00ff pc=002bc4
[:slot1:storager] TICK 19815191.5us head[736c]=0000 [736e]=0000 [7370]=730c [7b12]=0000 [7a36]=0001 [7a38]=0000
[:slot1:storager] PIT 19815207.1us ff8000 <= ffff mask=00ff pc=002bc4
[:slot1:storager] TICK 19841307.5us head[736c]=0000 [736e]=0000 [7370]=730c [7b12]=0000 [7a36]=0001 [7a38]=0000
[:slot1:storager] PIT 19841323.1us ff8000 <= ffff mask=00ff pc=002bc4
[:slot1:storager] TICK 19867423.5us head[736c]=0000 [736e]=0000 [7370]=730c [7b12]=0000 [7a36]=0001 [7a38]=0000
[:slot1:storager] PIT 19867439.1us ff8000 <= ffff mask=00ff pc=002bc4
[:slot1:storager] TICK 19893541.5us head[736c]=0000 [736e]=0000 [7370]=730c [7b12]=0000 [7a36]=0001 [7a38]=0000
[:slot1:storager] PIT 19893557.1us ff8000 <= ffff mask=00ff pc=002bc4
[:slot1:storager] TICK 19919657.5us head[736c]=0000 [736e]=0000 [7370]=730c [7b12]=0000 [7a36]=0001 [7a38]=0000
[:slot1:storager] PIT 19919673.1us ff8000 <= ffff mask=00ff pc=002bc4
[:slot1:storager] TICK 19945773.5us head[736c]=0000 [736e]=0000 [7370]=730c [7b12]=0000 [7a36]=0001 [7a38]=0000
[:slot1:storager] PIT 19945789.1us ff8000 <= ffff mask=00ff pc=002bc4
[:slot1:storager] TICK 19971889.5us head[736c]=0000 [736e]=0000 [7370]=730c [7b12]=0000 [7a36]=0001 [7a38]=0000
[:slot1:storager] PIT 19971905.1us ff8000 <= ffff mask=00ff pc=002bc4
[:slot1:storager] TICK 19998006.5us head[736c]=0000 [736e]=0000 [7370]=730c [7b12]=0000 [7a36]=0001 [7a38]=0000
[:slot1:storager] PIT 19998022.1us ff8000 <= ffff mask=00ff pc=002bc4
[:slot1:storager] TICK 20024122.5us head[736c]=0000 [736e]=0000 [7370]=730c [7b12]=0000 [7a36]=0001 [7a38]=0000
[:slot1:storager] PIT 20024138.1us ff8000 <= ffff mask=00ff pc=002bc4
[:slot1:storager] TICK 20050238.5us head[736c]=0000 [736e]=0000 [7370]=730c [7b12]=0000 [7a36]=0001 [7a38]=0000
[:slot1:storager] PIT 20050254.1us ff8000 <= ffff mask=00ff pc=002bc4
[:slot1:storager] TICK 20076355.5us head[736c]=0000 [736e]=0000 [7370]=730c [7b12]=0000 [7a36]=0001 [7a38]=0000
[:slot1:storager] PIT 20076371.1us ff8000 <= ffff mask=00ff pc=002bc4
[:slot1:storager] TICK 20102471.5us head[736c]=0000 [736e]=0000 [7370]=730c [7b12]=0000 [7a36]=0001 [7a38]=0000
[:slot1:storager] PIT 20102487.1us ff8000 <= ffff mask=00ff pc=002bc4
[:slot1:storager] TICK 20128587.5us head[736c]=0000 [736e]=0000 [7370]=730c [7b12]=0000 [7a36]=0001 [7a38]=0000
[:slot1:storager] PIT 20128603.1us ff8000 <= ffff mask=00ff pc=002bc4
[:slot1:storager] TICK 20154704.5us head[736c]=0000 [736e]=0000 [7370]=730c [7b12]=0000 [7a36]=0001 [7a38]=0000
[:slot1:storager] PIT 20154720.1us ff8000 <= ffff mask=00ff pc=002bc4
[:slot1:storager] TICK 20180837.5us head[736c]=0000 [736e]=0000 [7370]=730c [7b12]=0000 [7a36]=0001 [7a38]=0000
[:slot1:storager] PIT 20180853.1us ff8000 <= ffff mask=00ff pc=002bc4
[:slot1:storager] TICK 20206949.5us head[736c]=0000 [736e]=0000 [7370]=730c [7b12]=0000 [7a36]=0001 [7a38]=0000
[:slot1:storager] PIT 20206965.1us ff8000 <= ffff mask=00ff pc=002bc4
[:slot1:storager] TICK 20233061.5us head[736c]=0000 [736e]=0000 [7370]=730c [7b12]=0000 [7a36]=0001 [7a38]=0000
[:slot1:storager] PIT 20233077.1us ff8000 <= ffff mask=00ff pc=002bc4
[:slot1:storager] TICK 20259173.5us head[736c]=0000 [736e]=0000 [7370]=730c [7b12]=0000 [7a36]=0001 [7a38]=0000
[:slot1:storager] PIT 20259189.1us ff8000 <= ffff mask=00ff pc=002bc4
[:slot1:storager] TICK 20285286.5us head[736c]=0000 [736e]=0000 [7370]=730c [7b12]=0000 [7a36]=0001 [7a38]=0000
[:slot1:storager] PIT 20285302.1us ff8000 <= ffff mask=00ff pc=002bc4
[:slot1:storager] TICK 20311402.5us head[736c]=0000 [736e]=0000 [7370]=730c [7b12]=0000 [7a36]=0001 [7a38]=0000
[:slot1:storager] PIT 20311418.1us ff8000 <= ffff mask=00ff pc=002bc4
[:slot1:storager] TICK 20337519.5us head[736c]=0000 [736e]=0000 [7370]=730c [7b12]=0000 [7a36]=0001 [7a38]=0000
[:slot1:storager] PIT 20337535.1us ff8000 <= ffff mask=00ff pc=002bc4
[:slot1:storager] TICK 20363635.5us head[736c]=0000 [736e]=0000 [7370]=730c [7b12]=0000 [7a36]=0001 [7a38]=0000
[:slot1:storager] PIT 20363651.1us ff8000 <= ffff mask=00ff pc=002bc4
[:slot1:storager] TICK 20389753.5us head[736c]=0000 [736e]=0000 [7370]=730c [7b12]=0000 [7a36]=0001 [7a38]=0000
[:slot1:storager] PIT 20389769.1us ff8000 <= ffff mask=00ff pc=002bc4
[:slot1:storager] TICK 20415868.5us head[736c]=0000 [736e]=0000 [7370]=730c [7b12]=0000 [7a36]=0001 [7a38]=0000
[:slot1:storager] PIT 20415884.1us ff8000 <= ffff mask=00ff pc=002bc4
[:slot1:storager] TICK 20441985.5us head[736c]=0000 [736e]=0000 [7370]=730c [7b12]=0000 [7a36]=0001 [7a38]=0000
[:slot1:storager] PIT 20442001.1us ff8000 <= ffff mask=00ff pc=002bc4
[:slot1:storager] TICK 20468101.5us head[736c]=0000 [736e]=0000 [7370]=730c [7b12]=0000 [7a36]=0001 [7a38]=0000
[:slot1:storager] PIT 20468117.1us ff8000 <= ffff mask=00ff pc=002bc4
[:slot1:storager] TICK 20494217.5us head[736c]=0000 [736e]=0000 [7370]=730c [7b12]=0000 [7a36]=0001 [7a38]=0000
[:slot1:storager] PIT 20494233.1us ff8000 <= ffff mask=00ff pc=002bc4
[:slot1:storager] TICK 20520334.5us head[736c]=0000 [736e]=0000 [7370]=730c [7b12]=0000 [7a36]=0001 [7a38]=0000
[:slot1:storager] PIT 20520350.1us ff8000 <= ffff mask=00ff pc=002bc4
[:slot1:storager] TICK 20546450.5us head[736c]=0000 [736e]=0000 [7370]=730c [7b12]=0000 [7a36]=0001 [7a38]=0000
[:slot1:storager] PIT 20546466.1us ff8000 <= ffff mask=00ff pc=002bc4
[:slot1:storager] TICK 20572567.5us head[736c]=0000 [736e]=0000 [7370]=730c [7b12]=0000 [7a36]=0001 [7a38]=0000
[:slot1:storager] PIT 20572583.1us ff8000 <= ffff mask=00ff pc=002bc4
[:slot1:storager] TICK 20598683.5us head[736c]=0000 [736e]=0000 [7370]=730c [7b12]=0000 [7a36]=0001 [7a38]=0000
[:slot1:storager] PIT 20598699.1us ff8000 <= ffff mask=00ff pc=002bc4
[:slot1:storager] TICK 20624799.5us head[736c]=0000 [736e]=0000 [7370]=730c [7b12]=0000 [7a36]=0001 [7a38]=0000
[:slot1:storager] PIT 20624815.1us ff8000 <= ffff mask=00ff pc=002bc4
[:slot1:storager] TICK 20650916.5us head[736c]=0000 [736e]=0000 [7370]=730c [7b12]=0000 [7a36]=0001 [7a38]=0000
[:slot1:storager] PIT 20650932.1us ff8000 <= ffff mask=00ff pc=002bc4
[:slot1:storager] TICK 20677032.5us head[736c]=0000 [736e]=0000 [7370]=730c [7b12]=0000 [7a36]=0001 [7a38]=0000
[:slot1:storager] PIT 20677048.1us ff8000 <= ffff mask=00ff pc=002bc4
[:slot1:storager] TICK 20703148.5us head[736c]=0000 [736e]=0000 [7370]=730c [7b12]=0000 [7a36]=0001 [7a38]=0000
[:slot1:storager] PIT 20703164.1us ff8000 <= ffff mask=00ff pc=002bc4
[:slot1:storager] TICK 20729266.5us head[736c]=0000 [736e]=0000 [7370]=730c [7b12]=0000 [7a36]=0001 [7a38]=0000
[:slot1:storager] PIT 20729282.1us ff8000 <= ffff mask=00ff pc=002bc4
[:slot1:storager] TICK 20755382.5us head[736c]=0000 [736e]=0000 [7370]=730c [7b12]=0000 [7a36]=0001 [7a38]=0000
[:slot1:storager] PIT 20755398.1us ff8000 <= ffff mask=00ff pc=002bc4
[:slot1:storager] TICK 20781497.5us head[736c]=0000 [736e]=0000 [7370]=730c [7b12]=0000 [7a36]=0001 [7a38]=0000
[:slot1:storager] PIT 20781513.1us ff8000 <= ffff mask=00ff pc=002bc4
[:slot1:storager] TICK 20807614.5us head[736c]=0000 [736e]=0000 [7370]=730c [7b12]=0000 [7a36]=0001 [7a38]=0000
[:slot1:storager] PIT 20807630.1us ff8000 <= ffff mask=00ff pc=002bc4
[:slot1:storager] TICK 20833730.5us head[736c]=0000 [736e]=0000 [7370]=730c [7b12]=0000 [7a36]=0001 [7a38]=0000
[:slot1:storager] PIT 20833746.1us ff8000 <= ffff mask=00ff pc=002bc4
[:slot1:storager] TICK 20859847.5us head[736c]=0000 [736e]=0000 [7370]=730c [7b12]=0000 [7a36]=0001 [7a38]=0000
[:slot1:storager] PIT 20859863.1us ff8000 <= ffff mask=00ff pc=002bc4
[:slot1:storager] TICK 20885963.5us head[736c]=0000 [736e]=0000 [7370]=730c [7b12]=0000 [7a36]=0001 [7a38]=0000
[:slot1:storager] PIT 20885979.1us ff8000 <= ffff mask=00ff pc=002bc4
[:slot1:storager] TICK 20912080.5us head[736c]=0000 [736e]=0000 [7370]=730c [7b12]=0000 [7a36]=0001 [7a38]=0000
[:slot1:storager] PIT 20912096.1us ff8000 <= ffff mask=00ff pc=002bc4
[:slot1:storager] TICK 20938196.5us head[736c]=0000 [736e]=0000 [7370]=730c [7b12]=0000 [7a36]=0001 [7a38]=0000
[:slot1:storager] PIT 20938212.1us ff8000 <= ffff mask=00ff pc=002bc4
[:slot1:storager] TICK 20964312.5us head[736c]=0000 [736e]=0000 [7370]=730c [7b12]=0000 [7a36]=0001 [7a38]=0000
[:slot1:storager] PIT 20964328.1us ff8000 <= ffff mask=00ff pc=002bc4
[:slot1:storager] TICK 20990429.5us head[736c]=0000 [736e]=0000 [7370]=730c [7b12]=0000 [7a36]=0001 [7a38]=0000
[:slot1:storager] PIT 20990445.1us ff8000 <= ffff mask=00ff pc=002bc4
[:slot1:storager] TICK 21016562.5us head[736c]=0000 [736e]=0000 [7370]=730c [7b12]=0000 [7a36]=0001 [7a38]=0000
[:slot1:storager] PIT 21016578.1us ff8000 <= ffff mask=00ff pc=002bc4
[:slot1:storager] TICK 21042674.5us head[736c]=0000 [736e]=0000 [7370]=730c [7b12]=0000 [7a36]=0001 [7a38]=0000
[:slot1:storager] PIT 21042690.1us ff8000 <= ffff mask=00ff pc=002bc4
[:slot1:storager] TICK 21068786.5us head[736c]=0000 [736e]=0000 [7370]=730c [7b12]=0000 [7a36]=0001 [7a38]=0000
[:slot1:storager] PIT 21068802.1us ff8000 <= ffff mask=00ff pc=002bc4
[:slot1:storager] TICK 21094898.5us head[736c]=0000 [736e]=0000 [7370]=730c [7b12]=0000 [7a36]=0001 [7a38]=0000
[:slot1:storager] PIT 21094914.1us ff8000 <= ffff mask=00ff pc=002bc4
[:slot1:storager] TICK 21121011.5us head[736c]=0000 [736e]=0000 [7370]=730c [7b12]=0000 [7a36]=0001 [7a38]=0000
[:slot1:storager] PIT 21121027.1us ff8000 <= ffff mask=00ff pc=002bc4
[:slot1:storager] TICK 21147127.5us head[736c]=0000 [736e]=0000 [7370]=730c [7b12]=0000 [7a36]=0001 [7a38]=0000
[:slot1:storager] PIT 21147143.1us ff8000 <= ffff mask=00ff pc=002bc4
[:slot1:storager] TICK 21173243.5us head[736c]=0000 [736e]=0000 [7370]=730c [7b12]=0000 [7a36]=0001 [7a38]=0000
[:slot1:storager] PIT 21173259.1us ff8000 <= ffff mask=00ff pc=002bc4
[:slot1:storager] TICK 21199360.5us head[736c]=0000 [736e]=0000 [7370]=730c [7b12]=0000 [7a36]=0001 [7a38]=0000
[:slot1:storager] PIT 21199376.1us ff8000 <= ffff mask=00ff pc=002bc4
[:slot1:storager] TICK 21225476.5us head[736c]=0000 [736e]=0000 [7370]=730c [7b12]=0000 [7a36]=0001 [7a38]=0000
[:slot1:storager] PIT 21225492.1us ff8000 <= ffff mask=00ff pc=002bc4
[:slot1:storager] TICK 21251592.5us head[736c]=0000 [736e]=0000 [7370]=730c [7b12]=0000 [7a36]=0001 [7a38]=0000
[:slot1:storager] PIT 21251608.1us ff8000 <= ffff mask=00ff pc=002bc4
[:slot1:storager] TICK 21277709.5us head[736c]=0000 [736e]=0000 [7370]=730c [7b12]=0000 [7a36]=0001 [7a38]=0000
[:slot1:storager] PIT 21277725.1us ff8000 <= ffff mask=00ff pc=002bc4
[:slot1:storager] TICK 21303826.5us head[736c]=0000 [736e]=0000 [7370]=730c [7b12]=0000 [7a36]=0001 [7a38]=0000
[:slot1:storager] PIT 21303842.1us ff8000 <= ffff mask=00ff pc=002bc4
[:slot1:storager] TICK 21329942.5us head[736c]=0000 [736e]=0000 [7370]=730c [7b12]=0000 [7a36]=0001 [7a38]=0000
[:slot1:storager] PIT 21329958.1us ff8000 <= ffff mask=00ff pc=002bc4
[:slot1:storager] TICK 21356058.5us head[736c]=0000 [736e]=0000 [7370]=730c [7b12]=0000 [7a36]=0001 [7a38]=0000
[:slot1:storager] PIT 21356074.1us ff8000 <= ffff mask=00ff pc=002bc4
[:slot1:storager] TICK 21382176.5us head[736c]=0000 [736e]=0000 [7370]=730c [7b12]=0000 [7a36]=0001 [7a38]=0000
[:slot1:storager] PIT 21382192.1us ff8000 <= ffff mask=00ff pc=002bc4
[:slot1:storager] TICK 21408291.5us head[736c]=0000 [736e]=0000 [7370]=730c [7b12]=0000 [7a36]=0001 [7a38]=0000
[:slot1:storager] PIT 21408307.1us ff8000 <= ffff mask=00ff pc=002bc4
[:slot1:storager] TICK 21434408.5us head[736c]=0000 [736e]=0000 [7370]=730c [7b12]=0000 [7a36]=0001 [7a38]=0000
[:slot1:storager] PIT 21434424.1us ff8000 <= ffff mask=00ff pc=002bc4
[:slot1:storager] TICK 21460524.5us head[736c]=0000 [736e]=0000 [7370]=730c [7b12]=0000 [7a36]=0001 [7a38]=0000
[:slot1:storager] PIT 21460540.1us ff8000 <= ffff mask=00ff pc=002bc4
[:slot1:storager] TICK 21486640.5us head[736c]=0000 [736e]=0000 [7370]=730c [7b12]=0000 [7a36]=0001 [7a38]=0000
[:slot1:storager] PIT 21486656.1us ff8000 <= ffff mask=00ff pc=002bc4
[:slot1:storager] TICK 21512758.5us head[736c]=0000 [736e]=0000 [7370]=730c [7b12]=0000 [7a36]=0001 [7a38]=0000
[:slot1:storager] PIT 21512774.1us ff8000 <= ffff mask=00ff pc=002bc4
[:slot1:storager] TICK 21538874.5us head[736c]=0000 [736e]=0000 [7370]=730c [7b12]=0000 [7a36]=0001 [7a38]=0000
[:slot1:storager] PIT 21538890.1us ff8000 <= ffff mask=00ff pc=002bc4
[:slot1:storager] TICK 21564990.5us head[736c]=0000 [736e]=0000 [7370]=730c [7b12]=0000 [7a36]=0001 [7a38]=0000
[:slot1:storager] PIT 21565006.1us ff8000 <= ffff mask=00ff pc=002bc4
[:slot1:storager] TICK 21591106.5us head[736c]=0000 [736e]=0000 [7370]=730c [7b12]=0000 [7a36]=0001 [7a38]=0000
[:slot1:storager] PIT 21591122.1us ff8000 <= ffff mask=00ff pc=002bc4
[:slot1:storager] TICK 21617223.5us head[736c]=0000 [736e]=0000 [7370]=730c [7b12]=0000 [7a36]=0001 [7a38]=0000
[:slot1:storager] PIT 21617239.1us ff8000 <= ffff mask=00ff pc=002bc4
[:slot1:storager] TICK 21643339.5us head[736c]=0000 [736e]=0000 [7370]=730c [7b12]=0000 [7a36]=0001 [7a38]=0000
[:slot1:storager] PIT 21643355.1us ff8000 <= ffff mask=00ff pc=002bc4
[:slot1:storager] TICK 21669455.5us head[736c]=0000 [736e]=0000 [7370]=730c [7b12]=0000 [7a36]=0001 [7a38]=0000
[:slot1:storager] PIT 21669471.1us ff8000 <= ffff mask=00ff pc=002bc4
[:slot1:storager] TICK 21695572.5us head[736c]=0000 [736e]=0000 [7370]=730c [7b12]=0000 [7a36]=0001 [7a38]=0000
[:slot1:storager] PIT 21695588.1us ff8000 <= ffff mask=00ff pc=002bc4
[:slot1:storager] TICK 21721688.5us head[736c]=0000 [736e]=0000 [7370]=730c [7b12]=0000 [7a36]=0001 [7a38]=0000
[:slot1:storager] PIT 21721704.1us ff8000 <= ffff mask=00ff pc=002bc4
[:slot1:storager] TICK 21747804.5us head[736c]=0000 [736e]=0000 [7370]=730c [7b12]=0000 [7a36]=0001 [7a38]=0000
[:slot1:storager] PIT 21747820.1us ff8000 <= ffff mask=00ff pc=002bc4
[:slot1:storager] TICK 21773922.5us head[736c]=0000 [736e]=0000 [7370]=730c [7b12]=0000 [7a36]=0001 [7a38]=0000
[:slot1:storager] PIT 21773938.1us ff8000 <= ffff mask=00ff pc=002bc4
[:slot1:storager] TICK 21800037.5us head[736c]=0000 [736e]=0000 [7370]=730c [7b12]=0000 [7a36]=0001 [7a38]=0000
[:slot1:storager] PIT 21800053.1us ff8000 <= ffff mask=00ff pc=002bc4
[:slot1:storager] TICK 21826154.5us head[736c]=0000 [736e]=0000 [7370]=730c [7b12]=0000 [7a36]=0001 [7a38]=0000
[:slot1:storager] PIT 21826170.1us ff8000 <= ffff mask=00ff pc=002bc4
[:slot1:storager] TICK 21852287.5us head[736c]=0000 [736e]=0000 [7370]=730c [7b12]=0000 [7a36]=0001 [7a38]=0000
[:slot1:storager] PIT 21852303.1us ff8000 <= ffff mask=00ff pc=002bc4
[:slot1:storager] TICK 21878399.5us head[736c]=0000 [736e]=0000 [7370]=730c [7b12]=0000 [7a36]=0001 [7a38]=0000
[:slot1:storager] PIT 21878415.1us ff8000 <= ffff mask=00ff pc=002bc4
[:slot1:storager] TICK 21904511.5us head[736c]=0000 [736e]=0000 [7370]=730c [7b12]=0000 [7a36]=0001 [7a38]=0000
[:slot1:storager] PIT 21904527.1us ff8000 <= ffff mask=00ff pc=002bc4
[:slot1:storager] TICK 21930623.5us head[736c]=0000 [736e]=0000 [7370]=730c [7b12]=0000 [7a36]=0001 [7a38]=0000
[:slot1:storager] PIT 21930639.1us ff8000 <= ffff mask=00ff pc=002bc4
[:slot1:storager] TICK 21956736.5us head[736c]=0000 [736e]=0000 [7370]=730c [7b12]=0000 [7a36]=0001 [7a38]=0000
[:slot1:storager] PIT 21956752.1us ff8000 <= ffff mask=00ff pc=002bc4
[:slot1:storager] TICK 21982852.5us head[736c]=0000 [736e]=0000 [7370]=730c [7b12]=0000 [7a36]=0001 [7a38]=0000
[:slot1:storager] PIT 21982868.1us ff8000 <= ffff mask=00ff pc=002bc4
[:slot1:storager] TICK 22008968.5us head[736c]=0000 [736e]=0000 [7370]=730c [7b12]=0000 [7a36]=0001 [7a38]=0000
[:slot1:storager] PIT 22008984.1us ff8000 <= ffff mask=00ff pc=002bc4
[:slot1:storager] TICK 22035085.5us head[736c]=0000 [736e]=0000 [7370]=730c [7b12]=0000 [7a36]=0001 [7a38]=0000
[:slot1:storager] PIT 22035101.1us ff8000 <= ffff mask=00ff pc=002bc4
[:slot1:storager] TICK 22061201.5us head[736c]=0000 [736e]=0000 [7370]=730c [7b12]=0000 [7a36]=0001 [7a38]=0000
[:slot1:storager] PIT 22061217.1us ff8000 <= ffff mask=00ff pc=002bc4
[:slot1:storager] TICK 22087317.5us head[736c]=0000 [736e]=0000 [7370]=730c [7b12]=0000 [7a36]=0001 [7a38]=0000
[:slot1:storager] PIT 22087333.1us ff8000 <= ffff mask=00ff pc=002bc4
[:slot1:storager] TICK 22113434.5us head[736c]=0000 [736e]=0000 [7370]=730c [7b12]=0000 [7a36]=0001 [7a38]=0000
[:slot1:storager] PIT 22113450.1us ff8000 <= ffff mask=00ff pc=002bc4
[:slot1:storager] TICK 22139551.5us head[736c]=0000 [736e]=0000 [7370]=730c [7b12]=0000 [7a36]=0001 [7a38]=0000
[:slot1:storager] PIT 22139567.1us ff8000 <= ffff mask=00ff pc=002bc4
[:slot1:storager] TICK 22165667.5us head[736c]=0000 [736e]=0000 [7370]=730c [7b12]=0000 [7a36]=0001 [7a38]=0000
[:slot1:storager] PIT 22165683.1us ff8000 <= ffff mask=00ff pc=002bc4
[:slot1:storager] TICK 22191783.5us head[736c]=0000 [736e]=0000 [7370]=730c [7b12]=0000 [7a36]=0001 [7a38]=0000
[:slot1:storager] PIT 22191799.1us ff8000 <= ffff mask=00ff pc=002bc4
[:slot1:storager] TICK 22217900.5us head[736c]=0000 [736e]=0000 [7370]=730c [7b12]=0000 [7a36]=0001 [7a38]=0000
[:slot1:storager] PIT 22217916.1us ff8000 <= ffff mask=00ff pc=002bc4
[:slot1:storager] TICK 22244016.5us head[736c]=0000 [736e]=0000 [7370]=730c [7b12]=0000 [7a36]=0001 [7a38]=0000
[:slot1:storager] PIT 22244032.1us ff8000 <= ffff mask=00ff pc=002bc4
[:slot1:storager] TICK 22270133.5us head[736c]=0000 [736e]=0000 [7370]=730c [7b12]=0000 [7a36]=0001 [7a38]=0000
[:slot1:storager] PIT 22270149.1us ff8000 <= ffff mask=00ff pc=002bc4
[:slot1:storager] TICK 22296249.5us head[736c]=0000 [736e]=0000 [7370]=730c [7b12]=0000 [7a36]=0001 [7a38]=0000
[:slot1:storager] PIT 22296265.1us ff8000 <= ffff mask=00ff pc=002bc4
[:slot1:storager] TICK 22322365.5us head[736c]=0000 [736e]=0000 [7370]=730c [7b12]=0000 [7a36]=0001 [7a38]=0000
[:slot1:storager] PIT 22322381.1us ff8000 <= ffff mask=00ff pc=002bc4
[:slot1:storager] TICK 22348482.5us head[736c]=0000 [736e]=0000 [7370]=730c [7b12]=0000 [7a36]=0001 [7a38]=0000
[:slot1:storager] PIT 22348498.1us ff8000 <= ffff mask=00ff pc=002bc4
[:slot1:storager] TICK 22374598.5us head[736c]=0000 [736e]=0000 [7370]=730c [7b12]=0000 [7a36]=0001 [7a38]=0000
[:slot1:storager] PIT 22374614.1us ff8000 <= ffff mask=00ff pc=002bc4
[:slot1:storager] TICK 22400715.5us head[736c]=0000 [736e]=0000 [7370]=730c [7b12]=0000 [7a36]=0001 [7a38]=0000
[:slot1:storager] PIT 22400731.1us ff8000 <= ffff mask=00ff pc=002bc4
[:slot1:storager] TICK 22426831.5us head[736c]=0000 [736e]=0000 [7370]=730c [7b12]=0000 [7a36]=0001 [7a38]=0000
[:slot1:storager] PIT 22426847.1us ff8000 <= ffff mask=00ff pc=002bc4
[:slot1:storager] TICK 22452948.5us head[736c]=0000 [736e]=0000 [7370]=730c [7b12]=0000 [7a36]=0001 [7a38]=0000
[:slot1:storager] PIT 22452964.1us ff8000 <= ffff mask=00ff pc=002bc4
[:slot1:storager] TICK 22479063.5us head[736c]=0000 [736e]=0000 [7370]=730c [7b12]=0000 [7a36]=0001 [7a38]=0000
[:slot1:storager] PIT 22479079.1us ff8000 <= ffff mask=00ff pc=002bc4
[:slot1:storager] TICK 22505180.5us head[736c]=0000 [736e]=0000 [7370]=730c [7b12]=0000 [7a36]=0001 [7a38]=0000
[:slot1:storager] PIT 22505196.1us ff8000 <= ffff mask=00ff pc=002bc4
[:slot1:storager] TICK 22531296.5us head[736c]=0000 [736e]=0000 [7370]=730c [7b12]=0000 [7a36]=0001 [7a38]=0000
[:slot1:storager] PIT 22531312.1us ff8000 <= ffff mask=00ff pc=002bc4
[:slot1:storager] TICK 22557413.5us head[736c]=0000 [736e]=0000 [7370]=730c [7b12]=0000 [7a36]=0001 [7a38]=0000
[:slot1:storager] PIT 22557429.1us ff8000 <= ffff mask=00ff pc=002bc4
[:slot1:storager] TICK 22583529.5us head[736c]=0000 [736e]=0000 [7370]=730c [7b12]=0000 [7a36]=0001 [7a38]=0000
[:slot1:storager] PIT 22583545.1us ff8000 <= ffff mask=00ff pc=002bc4
[:slot1:storager] TICK 22609647.5us head[736c]=0000 [736e]=0000 [7370]=730c [7b12]=0000 [7a36]=0001 [7a38]=0000
[:slot1:storager] PIT 22609663.1us ff8000 <= ffff mask=00ff pc=002bc4
[:slot1:storager] TICK 22635762.5us head[736c]=0000 [736e]=0000 [7370]=730c [7b12]=0000 [7a36]=0001 [7a38]=0000
[:slot1:storager] PIT 22635778.1us ff8000 <= ffff mask=00ff pc=002bc4
[:slot1:storager] TICK 22661879.5us head[736c]=0000 [736e]=0000 [7370]=730c [7b12]=0000 [7a36]=0001 [7a38]=0000
[:slot1:storager] PIT 22661895.1us ff8000 <= ffff mask=00ff pc=002bc4
[:slot1:storager] TICK 22688012.5us head[736c]=0000 [736e]=0000 [7370]=730c [7b12]=0000 [7a36]=0001 [7a38]=0000
[:slot1:storager] PIT 22688028.1us ff8000 <= ffff mask=00ff pc=002bc4
[:slot1:storager] TICK 22714124.5us head[736c]=0000 [736e]=0000 [7370]=730c [7b12]=0000 [7a36]=0001 [7a38]=0000
[:slot1:storager] PIT 22714140.1us ff8000 <= ffff mask=00ff pc=002bc4
[:slot1:storager] TICK 22740236.5us head[736c]=0000 [736e]=0000 [7370]=730c [7b12]=0000 [7a36]=0001 [7a38]=0000
[:slot1:storager] PIT 22740252.1us ff8000 <= ffff mask=00ff pc=002bc4
[:slot1:storager] TICK 22766348.5us head[736c]=0000 [736e]=0000 [7370]=730c [7b12]=0000 [7a36]=0001 [7a38]=0000
[:slot1:storager] PIT 22766364.1us ff8000 <= ffff mask=00ff pc=002bc4
[:slot1:storager] TICK 22792460.5us head[736c]=0000 [736e]=0000 [7370]=730c [7b12]=0000 [7a36]=0001 [7a38]=0000
[:slot1:storager] PIT 22792476.1us ff8000 <= ffff mask=00ff pc=002bc4
[:slot1:storager] TICK 22818577.5us head[736c]=0000 [736e]=0000 [7370]=730c [7b12]=0000 [7a36]=0001 [7a38]=0000
[:slot1:storager] PIT 22818593.1us ff8000 <= ffff mask=00ff pc=002bc4
[:slot1:storager] TICK 22844693.5us head[736c]=0000 [736e]=0000 [7370]=730c [7b12]=0000 [7a36]=0001 [7a38]=0000
[:slot1:storager] PIT 22844709.1us ff8000 <= ffff mask=00ff pc=002bc4
[:slot1:storager] TICK 22870810.5us head[736c]=0000 [736e]=0000 [7370]=730c [7b12]=0000 [7a36]=0001 [7a38]=0000
[:slot1:storager] PIT 22870826.1us ff8000 <= ffff mask=00ff pc=002bc4
[:slot1:storager] TICK 22896926.5us head[736c]=0000 [736e]=0000 [7370]=730c [7b12]=0000 [7a36]=0001 [7a38]=0000
[:slot1:storager] PIT 22896942.1us ff8000 <= ffff mask=00ff pc=002bc4
[:slot1:storager] TICK 22923042.5us head[736c]=0000 [736e]=0000 [7370]=730c [7b12]=0000 [7a36]=0001 [7a38]=0000
[:slot1:storager] PIT 22923058.1us ff8000 <= ffff mask=00ff pc=002bc4
[:slot1:storager] TICK 22949159.5us head[736c]=0000 [736e]=0000 [7370]=730c [7b12]=0000 [7a36]=0001 [7a38]=0000
[:slot1:storager] PIT 22949175.1us ff8000 <= ffff mask=00ff pc=002bc4
[:slot1:storager] TICK 22975275.5us head[736c]=0000 [736e]=0000 [7370]=730c [7b12]=0000 [7a36]=0001 [7a38]=0000
[:slot1:storager] PIT 22975291.1us ff8000 <= ffff mask=00ff pc=002bc4
[:slot1:storager] TICK 23001392.5us head[736c]=0000 [736e]=0000 [7370]=730c [7b12]=0000 [7a36]=0001 [7a38]=0000
[:slot1:storager] PIT 23001408.1us ff8000 <= ffff mask=00ff pc=002bc4
[:slot1:storager] TICK 23027508.5us head[736c]=0000 [736e]=0000 [7370]=730c [7b12]=0000 [7a36]=0001 [7a38]=0000
[:slot1:storager] PIT 23027524.1us ff8000 <= ffff mask=00ff pc=002bc4
[:slot1:storager] TICK 23053624.5us head[736c]=0000 [736e]=0000 [7370]=730c [7b12]=0000 [7a36]=0001 [7a38]=0000
[:slot1:storager] PIT 23053640.1us ff8000 <= ffff mask=00ff pc=002bc4
[:slot1:storager] TICK 23079741.5us head[736c]=0000 [736e]=0000 [7370]=730c [7b12]=0000 [7a36]=0001 [7a38]=0000
[:slot1:storager] PIT 23079757.1us ff8000 <= ffff mask=00ff pc=002bc4
[:slot1:storager] TICK 23105857.5us head[736c]=0000 [736e]=0000 [7370]=730c [7b12]=0000 [7a36]=0001 [7a38]=0000
[:slot1:storager] PIT 23105873.1us ff8000 <= ffff mask=00ff pc=002bc4
[:slot1:storager] TICK 23131974.5us head[736c]=0000 [736e]=0000 [7370]=730c [7b12]=0000 [7a36]=0001 [7a38]=0000
[:slot1:storager] PIT 23131990.1us ff8000 <= ffff mask=00ff pc=002bc4
[:slot1:storager] TICK 23158090.5us head[736c]=0000 [736e]=0000 [7370]=730c [7b12]=0000 [7a36]=0001 [7a38]=0000
[:slot1:storager] PIT 23158106.1us ff8000 <= ffff mask=00ff pc=002bc4
[:slot1:storager] TICK 23184206.5us head[736c]=0000 [736e]=0000 [7370]=730c [7b12]=0000 [7a36]=0001 [7a38]=0000
[:slot1:storager] PIT 23184222.1us ff8000 <= ffff mask=00ff pc=002bc4
[:slot1:storager] TICK 23210323.5us head[736c]=0000 [736e]=0000 [7370]=730c [7b12]=0000 [7a36]=0001 [7a38]=0000
[:slot1:storager] PIT 23210339.1us ff8000 <= ffff mask=00ff pc=002bc4
[:slot1:storager] TICK 23236440.5us head[736c]=0000 [736e]=0000 [7370]=730c [7b12]=0000 [7a36]=0001 [7a38]=0000
[:slot1:storager] PIT 23236456.1us ff8000 <= ffff mask=00ff pc=002bc4
[:slot1:storager] TICK 23262556.5us head[736c]=0000 [736e]=0000 [7370]=730c [7b12]=0000 [7a36]=0001 [7a38]=0000
[:slot1:storager] PIT 23262572.1us ff8000 <= ffff mask=00ff pc=002bc4
[:slot1:storager] TICK 23288672.5us head[736c]=0000 [736e]=0000 [7370]=730c [7b12]=0000 [7a36]=0001 [7a38]=0000
[:slot1:storager] PIT 23288688.1us ff8000 <= ffff mask=00ff pc=002bc4
[:slot1:storager] TICK 23314788.5us head[736c]=0000 [736e]=0000 [7370]=730c [7b12]=0000 [7a36]=0001 [7a38]=0000
[:slot1:storager] PIT 23314804.1us ff8000 <= ffff mask=00ff pc=002bc4
[:slot1:storager] TICK 23340905.5us head[736c]=0000 [736e]=0000 [7370]=730c [7b12]=0000 [7a36]=0001 [7a38]=0000
[:slot1:storager] PIT 23340921.1us ff8000 <= ffff mask=00ff pc=002bc4
[:slot1:storager] TICK 23367021.5us head[736c]=0000 [736e]=0000 [7370]=730c [7b12]=0000 [7a36]=0001 [7a38]=0000
[:slot1:storager] PIT 23367037.1us ff8000 <= ffff mask=00ff pc=002bc4
[:slot1:storager] TICK 23393137.5us head[736c]=0000 [736e]=0000 [7370]=730c [7b12]=0000 [7a36]=0001 [7a38]=0000
[:slot1:storager] PIT 23393153.1us ff8000 <= ffff mask=00ff pc=002bc4
[:slot1:storager] TICK 23419254.5us head[736c]=0000 [736e]=0000 [7370]=730c [7b12]=0000 [7a36]=0001 [7a38]=0000
[:slot1:storager] PIT 23419270.1us ff8000 <= ffff mask=00ff pc=002bc4
[:slot1:storager] TICK 23445370.5us head[736c]=0000 [736e]=0000 [7370]=730c [7b12]=0000 [7a36]=0001 [7a38]=0000
[:slot1:storager] PIT 23445386.1us ff8000 <= ffff mask=00ff pc=002bc4
[:slot1:storager] TICK 23471486.5us head[736c]=0000 [736e]=0000 [7370]=730c [7b12]=0000 [7a36]=0001 [7a38]=0000
[:slot1:storager] PIT 23471502.1us ff8000 <= ffff mask=00ff pc=002bc4
[:slot1:storager] TICK 23497624.5us head[736c]=0000 [736e]=0000 [7370]=730c [7b12]=0000 [7a36]=0001 [7a38]=0000
[:slot1:storager] PIT 23497640.1us ff8000 <= ffff mask=00ff pc=002bc4
[:slot1:storager] TICK 23523736.5us head[736c]=0000 [736e]=0000 [7370]=730c [7b12]=0000 [7a36]=0001 [7a38]=0000
[:slot1:storager] PIT 23523752.1us ff8000 <= ffff mask=00ff pc=002bc4
[:slot1:storager] TICK 23549848.5us head[736c]=0000 [736e]=0000 [7370]=730c [7b12]=0000 [7a36]=0001 [7a38]=0000
[:slot1:storager] PIT 23549864.1us ff8000 <= ffff mask=00ff pc=002bc4
[:slot1:storager] TICK 23575960.5us head[736c]=0000 [736e]=0000 [7370]=730c [7b12]=0000 [7a36]=0001 [7a38]=0000
[:slot1:storager] PIT 23575976.1us ff8000 <= ffff mask=00ff pc=002bc4
[:slot1:storager] TICK 23602072.5us head[736c]=0000 [736e]=0000 [7370]=730c [7b12]=0000 [7a36]=0001 [7a38]=0000
[:slot1:storager] PIT 23602088.1us ff8000 <= ffff mask=00ff pc=002bc4
[:slot1:storager] TICK 23628185.5us head[736c]=0000 [736e]=0000 [7370]=730c [7b12]=0000 [7a36]=0001 [7a38]=0000
[:slot1:storager] PIT 23628201.1us ff8000 <= ffff mask=00ff pc=002bc4
[:slot1:storager] TICK 23654301.5us head[736c]=0000 [736e]=0000 [7370]=730c [7b12]=0000 [7a36]=0001 [7a38]=0000
[:slot1:storager] PIT 23654317.1us ff8000 <= ffff mask=00ff pc=002bc4
[:slot1:storager] TICK 23680418.5us head[736c]=0000 [736e]=0000 [7370]=730c [7b12]=0000 [7a36]=0001 [7a38]=0000
[:slot1:storager] PIT 23680434.1us ff8000 <= ffff mask=00ff pc=002bc4
[:slot1:storager] TICK 23706535.5us head[736c]=0000 [736e]=0000 [7370]=730c [7b12]=0000 [7a36]=0001 [7a38]=0000
[:slot1:storager] PIT 23706551.1us ff8000 <= ffff mask=00ff pc=002bc4
[:slot1:storager] TICK 23732652.5us head[736c]=0000 [736e]=0000 [7370]=730c [7b12]=0000 [7a36]=0001 [7a38]=0000
[:slot1:storager] PIT 23732668.1us ff8000 <= ffff mask=00ff pc=002bc4
[:slot1:storager] TICK 23758767.5us head[736c]=0000 [736e]=0000 [7370]=730c [7b12]=0000 [7a36]=0001 [7a38]=0000
[:slot1:storager] PIT 23758783.1us ff8000 <= ffff mask=00ff pc=002bc4
[:slot1:storager] TICK 23784884.5us head[736c]=0000 [736e]=0000 [7370]=730c [7b12]=0000 [7a36]=0001 [7a38]=0000
[:slot1:storager] PIT 23784900.1us ff8000 <= ffff mask=00ff pc=002bc4
[:slot1:storager] TICK 23811000.5us head[736c]=0000 [736e]=0000 [7370]=730c [7b12]=0000 [7a36]=0001 [7a38]=0000
[:slot1:storager] PIT 23811016.1us ff8000 <= ffff mask=00ff pc=002bc4
[:slot1:storager] TICK 23837116.5us head[736c]=0000 [736e]=0000 [7370]=730c [7b12]=0000 [7a36]=0001 [7a38]=0000
[:slot1:storager] PIT 23837132.1us ff8000 <= ffff mask=00ff pc=002bc4
[:slot1:storager] TICK 23863233.5us head[736c]=0000 [736e]=0000 [7370]=730c [7b12]=0000 [7a36]=0001 [7a38]=0000
[:slot1:storager] PIT 23863249.1us ff8000 <= ffff mask=00ff pc=002bc4
[:slot1:storager] TICK 23889349.5us head[736c]=0000 [736e]=0000 [7370]=730c [7b12]=0000 [7a36]=0001 [7a38]=0000
[:slot1:storager] PIT 23889365.1us ff8000 <= ffff mask=00ff pc=002bc4
[:slot1:storager] TICK 23915466.5us head[736c]=0000 [736e]=0000 [7370]=730c [7b12]=0000 [7a36]=0001 [7a38]=0000
[:slot1:storager] PIT 23915482.1us ff8000 <= ffff mask=00ff pc=002bc4
[:slot1:storager] TICK 23941582.5us head[736c]=0000 [736e]=0000 [7370]=730c [7b12]=0000 [7a36]=0001 [7a38]=0000
[:slot1:storager] PIT 23941598.1us ff8000 <= ffff mask=00ff pc=002bc4
[:slot1:storager] TICK 23967698.5us head[736c]=0000 [736e]=0000 [7370]=730c [7b12]=0000 [7a36]=0001 [7a38]=0000
[:slot1:storager] PIT 23967714.1us ff8000 <= ffff mask=00ff pc=002bc4
[:slot1:storager] TICK 23993815.5us head[736c]=0000 [736e]=0000 [7370]=730c [7b12]=0000 [7a36]=0001 [7a38]=0000
[:slot1:storager] PIT 23993831.1us ff8000 <= ffff mask=00ff pc=002bc4
[:slot1:storager] TICK 24019931.5us head[736c]=0000 [736e]=0000 [7370]=730c [7b12]=0000 [7a36]=0001 [7a38]=0000
[:slot1:storager] PIT 24019947.1us ff8000 <= ffff mask=00ff pc=002bc4
[:slot1:storager] TICK 24046047.5us head[736c]=0000 [736e]=0000 [7370]=730c [7b12]=0000 [7a36]=0001 [7a38]=0000
[:slot1:storager] PIT 24046063.1us ff8000 <= ffff mask=00ff pc=002bc4
[:slot1:storager] TICK 24072165.5us head[736c]=0000 [736e]=0000 [7370]=730c [7b12]=0000 [7a36]=0001 [7a38]=0000
[:slot1:storager] PIT 24072181.1us ff8000 <= ffff mask=00ff pc=002bc4
[:slot1:storager] TICK 24098281.5us head[736c]=0000 [736e]=0000 [7370]=730c [7b12]=0000 [7a36]=0001 [7a38]=0000
[:slot1:storager] PIT 24098297.1us ff8000 <= ffff mask=00ff pc=002bc4
[:slot1:storager] TICK 24124397.5us head[736c]=0000 [736e]=0000 [7370]=730c [7b12]=0000 [7a36]=0001 [7a38]=0000
[:slot1:storager] PIT 24124413.1us ff8000 <= ffff mask=00ff pc=002bc4
[:slot1:storager] TICK 24150513.5us head[736c]=0000 [736e]=0000 [7370]=730c [7b12]=0000 [7a36]=0001 [7a38]=0000
[:slot1:storager] PIT 24150529.1us ff8000 <= ffff mask=00ff pc=002bc4
[:slot1:storager] TICK 24176630.5us head[736c]=0000 [736e]=0000 [7370]=730c [7b12]=0000 [7a36]=0001 [7a38]=0000
[:slot1:storager] PIT 24176646.1us ff8000 <= ffff mask=00ff pc=002bc4
[:slot1:storager] TICK 24202746.5us head[736c]=0000 [736e]=0000 [7370]=730c [7b12]=0000 [7a36]=0001 [7a38]=0000
[:slot1:storager] PIT 24202762.1us ff8000 <= ffff mask=00ff pc=002bc4
[:slot1:storager] TICK 24228862.5us head[736c]=0000 [736e]=0000 [7370]=730c [7b12]=0000 [7a36]=0001 [7a38]=0000
[:slot1:storager] PIT 24228878.1us ff8000 <= ffff mask=00ff pc=002bc4
[:slot1:storager] TICK 24254979.5us head[736c]=0000 [736e]=0000 [7370]=730c [7b12]=0000 [7a36]=0001 [7a38]=0000
[:slot1:storager] PIT 24254995.1us ff8000 <= ffff mask=00ff pc=002bc4
[:slot1:storager] TICK 24281095.5us head[736c]=0000 [736e]=0000 [7370]=730c [7b12]=0000 [7a36]=0001 [7a38]=0000
[:slot1:storager] PIT 24281111.1us ff8000 <= ffff mask=00ff pc=002bc4
[:slot1:storager] TICK 24307211.5us head[736c]=0000 [736e]=0000 [7370]=730c [7b12]=0000 [7a36]=0001 [7a38]=0000
[:slot1:storager] PIT 24307227.1us ff8000 <= ffff mask=00ff pc=002bc4
[:slot1:storager] TICK 24333328.5us head[736c]=0000 [736e]=0000 [7370]=730c [7b12]=0000 [7a36]=0001 [7a38]=0000
[:slot1:storager] PIT 24333344.1us ff8000 <= ffff mask=00ff pc=002bc4
[:slot1:storager] TICK 24359461.5us head[736c]=0000 [736e]=0000 [7370]=730c [7b12]=0000 [7a36]=0001 [7a38]=0000
[:slot1:storager] PIT 24359477.1us ff8000 <= ffff mask=00ff pc=002bc4
[:slot1:storager] TICK 24385573.5us head[736c]=0000 [736e]=0000 [7370]=730c [7b12]=0000 [7a36]=0001 [7a38]=0000
[:slot1:storager] PIT 24385589.1us ff8000 <= ffff mask=00ff pc=002bc4
[:slot1:storager] TICK 24411685.5us head[736c]=0000 [736e]=0000 [7370]=730c [7b12]=0000 [7a36]=0001 [7a38]=0000
[:slot1:storager] PIT 24411701.1us ff8000 <= ffff mask=00ff pc=002bc4
[:slot1:storager] TICK 24437797.5us head[736c]=0000 [736e]=0000 [7370]=730c [7b12]=0000 [7a36]=0001 [7a38]=0000
[:slot1:storager] PIT 24437813.1us ff8000 <= ffff mask=00ff pc=002bc4
[:slot1:storager] TICK 24463910.5us head[736c]=0000 [736e]=0000 [7370]=730c [7b12]=0000 [7a36]=0001 [7a38]=0000
[:slot1:storager] PIT 24463926.1us ff8000 <= ffff mask=00ff pc=002bc4
[:slot1:storager] TICK 24490026.5us head[736c]=0000 [736e]=0000 [7370]=730c [7b12]=0000 [7a36]=0001 [7a38]=0000
[:slot1:storager] PIT 24490042.1us ff8000 <= ffff mask=00ff pc=002bc4
[:slot1:storager] TICK 24516143.5us head[736c]=0000 [736e]=0000 [7370]=730c [7b12]=0000 [7a36]=0001 [7a38]=0000
[:slot1:storager] PIT 24516159.1us ff8000 <= ffff mask=00ff pc=002bc4
[:slot1:storager] TICK 24542259.5us head[736c]=0000 [736e]=0000 [7370]=730c [7b12]=0000 [7a36]=0001 [7a38]=0000
[:slot1:storager] PIT 24542275.1us ff8000 <= ffff mask=00ff pc=002bc4
[:slot1:storager] TICK 24568377.5us head[736c]=0000 [736e]=0000 [7370]=730c [7b12]=0000 [7a36]=0001 [7a38]=0000
[:slot1:storager] PIT 24568393.1us ff8000 <= ffff mask=00ff pc=002bc4
[:slot1:storager] TICK 24594492.5us head[736c]=0000 [736e]=0000 [7370]=730c [7b12]=0000 [7a36]=0001 [7a38]=0000
[:slot1:storager] PIT 24594508.1us ff8000 <= ffff mask=00ff pc=002bc4
[:slot1:storager] TICK 24620609.5us head[736c]=0000 [736e]=0000 [7370]=730c [7b12]=0000 [7a36]=0001 [7a38]=0000
[:slot1:storager] PIT 24620625.1us ff8000 <= ffff mask=00ff pc=002bc4
[:slot1:storager] TICK 24646725.5us head[736c]=0000 [736e]=0000 [7370]=730c [7b12]=0000 [7a36]=0001 [7a38]=0000
[:slot1:storager] PIT 24646741.1us ff8000 <= ffff mask=00ff pc=002bc4
[:slot1:storager] TICK 24672841.5us head[736c]=0000 [736e]=0000 [7370]=730c [7b12]=0000 [7a36]=0001 [7a38]=0000
[:slot1:storager] PIT 24672857.1us ff8000 <= ffff mask=00ff pc=002bc4
[:slot1:storager] TICK 24698958.5us head[736c]=0000 [736e]=0000 [7370]=730c [7b12]=0000 [7a36]=0001 [7a38]=0000
[:slot1:storager] PIT 24698974.1us ff8000 <= ffff mask=00ff pc=002bc4
[:slot1:storager] TICK 24725074.5us head[736c]=0000 [736e]=0000 [7370]=730c [7b12]=0000 [7a36]=0001 [7a38]=0000
[:slot1:storager] PIT 24725090.1us ff8000 <= ffff mask=00ff pc=002bc4
[:slot1:storager] TICK 24751191.5us head[736c]=0000 [736e]=0000 [7370]=730c [7b12]=0000 [7a36]=0001 [7a38]=0000
[:slot1:storager] PIT 24751207.1us ff8000 <= ffff mask=00ff pc=002bc4
[:slot1:storager] TICK 24777307.5us head[736c]=0000 [736e]=0000 [7370]=730c [7b12]=0000 [7a36]=0001 [7a38]=0000
[:slot1:storager] PIT 24777323.1us ff8000 <= ffff mask=00ff pc=002bc4
[:slot1:storager] TICK 24803423.5us head[736c]=0000 [736e]=0000 [7370]=730c [7b12]=0000 [7a36]=0001 [7a38]=0000
[:slot1:storager] PIT 24803439.1us ff8000 <= ffff mask=00ff pc=002bc4
[:slot1:storager] TICK 24829540.5us head[736c]=0000 [736e]=0000 [7370]=730c [7b12]=0000 [7a36]=0001 [7a38]=0000
[:slot1:storager] PIT 24829556.1us ff8000 <= ffff mask=00ff pc=002bc4
[:slot1:storager] TICK 24855656.5us head[736c]=0000 [736e]=0000 [7370]=730c [7b12]=0000 [7a36]=0001 [7a38]=0000
[:slot1:storager] PIT 24855672.1us ff8000 <= ffff mask=00ff pc=002bc4
[:slot1:storager] TICK 24881772.5us head[736c]=0000 [736e]=0000 [7370]=730c [7b12]=0000 [7a36]=0001 [7a38]=0000
[:slot1:storager] PIT 24881788.1us ff8000 <= ffff mask=00ff pc=002bc4
[:slot1:storager] TICK 24907890.5us head[736c]=0000 [736e]=0000 [7370]=730c [7b12]=0000 [7a36]=0001 [7a38]=0000
[:slot1:storager] PIT 24907906.1us ff8000 <= ffff mask=00ff pc=002bc4
[:slot1:storager] TICK 24934006.5us head[736c]=0000 [736e]=0000 [7370]=730c [7b12]=0000 [7a36]=0001 [7a38]=0000
[:slot1:storager] PIT 24934022.1us ff8000 <= ffff mask=00ff pc=002bc4
[:slot1:storager] TICK 24960121.5us head[736c]=0000 [736e]=0000 [7370]=730c [7b12]=0000 [7a36]=0001 [7a38]=0000
[:slot1:storager] PIT 24960137.1us ff8000 <= ffff mask=00ff pc=002bc4
[:slot1:storager] TICK 24986238.5us head[736c]=0000 [736e]=0000 [7370]=730c [7b12]=0000 [7a36]=0001 [7a38]=0000
[:slot1:storager] PIT 24986254.1us ff8000 <= ffff mask=00ff pc=002bc4
