[:slot1:storager:floppy0:525qd:flopsnd] Loading default samples
Soft reset
[:slot1:storager] GA VARIANT=0 (0=base 1=count-stop 2=pit2 3=stop+irq4) Q2_KICK=1 Q3_SLIDEAA=1
[:slot6:cpuap:icu] IR4 state=1 prev=1 eltg4=0 tpl4=0 ipnd=0000 @0.00000
[:slot3:serad] duart0 outport = ff @0.0000
[:slot3:serad:port0:s97801:term:maincpu] write of un-hooked port 2 ff
[:slot3:serad:port0:s97801:term:maincpu] write of un-hooked port 1 ff
[:slot3:serad:port0:s97801:term:maincpu] write of un-hooked port 0 ff
[:slot6:cpuap:cpu] ':slot6:cpuap:cpu' (FE02B6): unmapped program memory write to 4FFFFC = 55CC & FFFF
[:slot6:cpuap:cpu] ':slot6:cpuap:cpu' (FE02B6): unmapped program memory write to 4FFFFE = AA33 & FFFF
[:slot6:cpuap:cpu] ':slot6:cpuap:cpu' (FE02BD): unmapped program memory read from 4FFFFC & FFFF
[:slot6:cpuap:cpu] ':slot6:cpuap:cpu' (FE02BD): unmapped program memory read from 4FFFFE & FFFF
[:slot3:serad:port0:s97801:term:maincpu] write of un-hooked port 1 ff
[:slot1:storager] TEMP6000 WR  a=6000 data=0000 mask=ffff pc=00073a
[:slot1:storager] TEMP6000 WR  a=6002 data=0000 mask=ffff pc=00073a
[:slot1:storager] TEMP6000 WR  a=6004 data=0000 mask=ffff pc=00073a
[:slot1:storager] TEMP6000 WR  a=6006 data=0000 mask=ffff pc=00073a
[:slot1:storager] TEMP6000 WR  a=6008 data=0000 mask=ffff pc=00073a
[:slot1:storager] TEMP6000 WR  a=600a data=0000 mask=ffff pc=00073a
[:slot1:storager] TEMP6000 WR  a=600c data=0000 mask=ffff pc=00073a
[:slot1:storager] TEMP6000 WR  a=600e data=0000 mask=ffff pc=00073a
[:slot1:storager] TEMP6000 WR  a=6010 data=0000 mask=ffff pc=00073a
[:slot1:storager] TEMP6000 WR  a=6012 data=0000 mask=ffff pc=00073a
[:slot1:storager] TEMP6000 WR  a=6014 data=0000 mask=ffff pc=00073a
[:slot1:storager] TEMP6000 WR  a=6016 data=0000 mask=ffff pc=00073a
[:slot1:storager] TEMP6000 WR  a=6018 data=0000 mask=ffff pc=00073a
[:slot1:storager] TEMP6000 WR  a=601a data=0000 mask=ffff pc=00073a
[:slot1:storager] TEMP6000 WR  a=601c data=0000 mask=ffff pc=00073a
[:slot1:storager] TEMP6000 WR  a=601e data=0000 mask=ffff pc=00073a
[:slot1:storager] TEMP6000 WR  a=6020 data=0000 mask=ffff pc=00073a
[:slot1:storager] TEMP6000 WR  a=6022 data=0000 mask=ffff pc=00073a
[:slot1:storager] TEMP6000 WR  a=6024 data=0000 mask=ffff pc=00073a
[:slot1:storager] TEMP6000 WR  a=6026 data=0000 mask=ffff pc=00073a
[:slot1:storager] TEMP6000 WR  a=6028 data=0000 mask=ffff pc=00073a
[:slot1:storager] TEMP6000 WR  a=602a data=0000 mask=ffff pc=00073a
[:slot1:storager] TEMP6000 WR  a=602c data=0000 mask=ffff pc=00073a
[:slot1:storager] TEMP6000 WR  a=602e data=0000 mask=ffff pc=00073a
[:slot1:storager] TEMP6000 WR  a=6030 data=0000 mask=ffff pc=00073a
[:slot1:storager] TEMP6000 WR  a=6032 data=0000 mask=ffff pc=00073a
[:slot1:storager] TEMP6000 WR  a=6034 data=0000 mask=ffff pc=00073a
[:slot1:storager] TEMP6000 WR  a=6036 data=0000 mask=ffff pc=00073a
[:slot1:storager] TEMP6000 WR  a=6038 data=0000 mask=ffff pc=00073a
[:slot1:storager] TEMP6000 WR  a=603a data=0000 mask=ffff pc=00073a
[:slot1:storager] TEMP6000 WR  a=603c data=0000 mask=ffff pc=00073a
[:slot1:storager] TEMP6000 WR  a=603e data=0000 mask=ffff pc=00073a
[:slot1:storager] TEMP6000 WR  a=6040 data=0000 mask=ffff pc=00073a
[:slot1:storager] TEMP6000 WR  a=6042 data=0000 mask=ffff pc=00073a
[:slot1:storager] TEMP6000 WR  a=6044 data=0000 mask=ffff pc=00073a
[:slot1:storager] TEMP6000 WR  a=6046 data=0000 mask=ffff pc=00073a
[:slot1:storager] TEMP6000 WR  a=6048 data=0000 mask=ffff pc=00073a
[:slot1:storager] TEMP6000 WR  a=604a data=0000 mask=ffff pc=00073a
[:slot1:storager] TEMP6000 WR  a=604c data=0000 mask=ffff pc=00073a
[:slot1:storager] TEMP6000 WR  a=604e data=0000 mask=ffff pc=00073a
[:slot1:storager] TEMP6000 WR  a=6050 data=0000 mask=ffff pc=00073a
[:slot1:storager] TEMP6000 WR  a=6052 data=0000 mask=ffff pc=00073a
[:slot1:storager] TEMP6000 WR  a=6054 data=0000 mask=ffff pc=00073a
[:slot1:storager] TEMP6000 WR  a=6056 data=0000 mask=ffff pc=00073a
[:slot1:storager] TEMP6000 WR  a=6058 data=0000 mask=ffff pc=00073a
[:slot1:storager] TEMP6000 WR  a=605a data=0000 mask=ffff pc=00073a
[:slot1:storager] TEMP6000 WR  a=605c data=0000 mask=ffff pc=00073a
[:slot1:storager] TEMP6000 WR  a=605e data=0000 mask=ffff pc=00073a
[:slot1:storager] TEMP6000 WR  a=6060 data=0000 mask=ffff pc=00073a
[:slot1:storager] TEMP6000 WR  a=6062 data=0000 mask=ffff pc=00073a
[:slot1:storager] TEMP6000 WR  a=6064 data=0000 mask=ffff pc=00073a
[:slot1:storager] TEMP6000 WR  a=6066 data=0000 mask=ffff pc=00073a
[:slot1:storager] TEMP6000 WR  a=6068 data=0000 mask=ffff pc=00073a
[:slot1:storager] TEMP6000 WR  a=606a data=0000 mask=ffff pc=00073a
[:slot1:storager] TEMP6000 WR  a=606c data=0000 mask=ffff pc=00073a
[:slot1:storager] TEMP6000 WR  a=606e data=0000 mask=ffff pc=00073a
[:slot1:storager] TEMP6000 WR  a=6070 data=0000 mask=ffff pc=00073a
[:slot1:storager] TEMP6000 WR  a=6072 data=0000 mask=ffff pc=00073a
[:slot1:storager] TEMP6000 WR  a=6074 data=0000 mask=ffff pc=00073a
[:slot1:storager] TEMP6000 WR  a=6076 data=0000 mask=ffff pc=00073a
[:slot1:storager] TEMP6000 WR  a=6078 data=0000 mask=ffff pc=00073a
[:slot1:storager] TEMP6000 WR  a=607a data=0000 mask=ffff pc=00073a
[:slot1:storager] TEMP6000 WR  a=607c data=0000 mask=ffff pc=00073a
[:slot1:storager] TEMP6000 WR  a=607e data=0000 mask=ffff pc=00073a
[:slot1:storager] TEMP6000 WR  a=6080 data=0000 mask=ffff pc=00073a
[:slot1:storager] TEMP6000 WR  a=6082 data=0000 mask=ffff pc=00073a
[:slot1:storager] TEMP6000 WR  a=6084 data=0000 mask=ffff pc=00073a
[:slot1:storager] TEMP6000 WR  a=6086 data=0000 mask=ffff pc=00073a
[:slot1:storager] TEMP6000 WR  a=6088 data=0000 mask=ffff pc=00073a
[:slot1:storager] TEMP6000 WR  a=608a data=0000 mask=ffff pc=00073a
[:slot1:storager] TEMP6000 WR  a=608c data=0000 mask=ffff pc=00073a
[:slot1:storager] TEMP6000 WR  a=608e data=0000 mask=ffff pc=00073a
[:slot1:storager] TEMP6000 WR  a=6090 data=0000 mask=ffff pc=00073a
[:slot1:storager] TEMP6000 WR  a=6092 data=0000 mask=ffff pc=00073a
[:slot1:storager] TEMP6000 WR  a=6094 data=0000 mask=ffff pc=00073a
[:slot1:storager] TEMP6000 WR  a=6096 data=0000 mask=ffff pc=00073a
[:slot1:storager] TEMP6000 WR  a=6098 data=0000 mask=ffff pc=00073a
[:slot1:storager] TEMP6000 WR  a=609a data=0000 mask=ffff pc=00073a
[:slot1:storager] TEMP6000 WR  a=609c data=0000 mask=ffff pc=00073a
[:slot1:storager] TEMP6000 WR  a=609e data=0000 mask=ffff pc=00073a
[:slot1:storager] TEMP6000 WR  a=60a0 data=0000 mask=ffff pc=00073a
[:slot1:storager] TEMP6000 WR  a=60a2 data=0000 mask=ffff pc=00073a
[:slot1:storager] TEMP6000 WR  a=60a4 data=0000 mask=ffff pc=00073a
[:slot1:storager] TEMP6000 WR  a=60a6 data=0000 mask=ffff pc=00073a
[:slot1:storager] TEMP6000 WR  a=60a8 data=0000 mask=ffff pc=00073a
[:slot1:storager] TEMP6000 WR  a=60aa data=0000 mask=ffff pc=00073a
[:slot1:storager] TEMP6000 WR  a=60ac data=0000 mask=ffff pc=00073a
[:slot1:storager] TEMP6000 WR  a=60ae data=0000 mask=ffff pc=00073a
[:slot1:storager] TEMP6000 WR  a=60b0 data=0000 mask=ffff pc=00073a
[:slot1:storager] TEMP6000 WR  a=60b2 data=0000 mask=ffff pc=00073a
[:slot1:storager] TEMP6000 WR  a=60b4 data=0000 mask=ffff pc=00073a
[:slot1:storager] TEMP6000 WR  a=60b6 data=0000 mask=ffff pc=00073a
[:slot1:storager] TEMP6000 WR  a=60b8 data=0000 mask=ffff pc=00073a
[:slot1:storager] TEMP6000 WR  a=60ba data=0000 mask=ffff pc=00073a
[:slot1:storager] TEMP6000 WR  a=60bc data=0000 mask=ffff pc=00073a
[:slot1:storager] TEMP6000 WR  a=60be data=0000 mask=ffff pc=00073a
[:slot1:storager] TEMP6000 WR  a=60c0 data=0000 mask=ffff pc=00073a
[:slot1:storager] TEMP6000 WR  a=60c2 data=0000 mask=ffff pc=00073a
[:slot1:storager] TEMP6000 WR  a=60c4 data=0000 mask=ffff pc=00073a
[:slot1:storager] TEMP6000 WR  a=60c6 data=0000 mask=ffff pc=00073a
[:slot1:storager] TEMP6000 WR  a=60c8 data=0000 mask=ffff pc=00073a
[:slot1:storager] TEMP6000 WR  a=60ca data=0000 mask=ffff pc=00073a
[:slot1:storager] TEMP6000 WR  a=60cc data=0000 mask=ffff pc=00073a
[:slot1:storager] TEMP6000 WR  a=60ce data=0000 mask=ffff pc=00073a
[:slot1:storager] TEMP6000 WR  a=60d0 data=0000 mask=ffff pc=00073a
[:slot1:storager] TEMP6000 WR  a=60d2 data=0000 mask=ffff pc=00073a
[:slot1:storager] TEMP6000 WR  a=60d4 data=0000 mask=ffff pc=00073a
[:slot1:storager] TEMP6000 WR  a=60d6 data=0000 mask=ffff pc=00073a
[:slot1:storager] TEMP6000 WR  a=60d8 data=0000 mask=ffff pc=00073a
[:slot1:storager] TEMP6000 WR  a=60da data=0000 mask=ffff pc=00073a
[:slot1:storager] TEMP6000 WR  a=60dc data=0000 mask=ffff pc=00073a
[:slot1:storager] TEMP6000 WR  a=60de data=0000 mask=ffff pc=00073a
[:slot1:storager] TEMP6000 WR  a=60e0 data=0000 mask=ffff pc=00073a
[:slot1:storager] TEMP6000 WR  a=60e2 data=0000 mask=ffff pc=00073a
[:slot1:storager] TEMP6000 WR  a=60e4 data=0000 mask=ffff pc=00073a
[:slot1:storager] TEMP6000 WR  a=60e6 data=0000 mask=ffff pc=00073a
[:slot1:storager] TEMP6000 WR  a=60e8 data=0000 mask=ffff pc=00073a
[:slot1:storager] TEMP6000 WR  a=60ea data=0000 mask=ffff pc=00073a
[:slot1:storager] TEMP6000 WR  a=60ec data=0000 mask=ffff pc=00073a
[:slot1:storager] TEMP6000 WR  a=60ee data=0000 mask=ffff pc=00073a
[:slot1:storager] TEMP6000 WR  a=60f0 data=0000 mask=ffff pc=00073a
[:slot1:storager] TEMP6000 WR  a=60f2 data=0000 mask=ffff pc=00073a
[:slot1:storager] TEMP6000 WR  a=60f4 data=0000 mask=ffff pc=00073a
[:slot1:storager] TEMP6000 WR  a=60f6 data=0000 mask=ffff pc=00073a
[:slot1:storager] TEMP6000 WR  a=60f8 data=0000 mask=ffff pc=00073a
[:slot1:storager] TEMP6000 WR  a=60fa data=0000 mask=ffff pc=00073a
[:slot1:storager] TEMP6000 WR  a=60fc data=0000 mask=ffff pc=00073a
[:slot1:storager] TEMP6000 WR  a=60fe data=0000 mask=ffff pc=00073a
[:slot1:storager] UIB20    10731.2us [6e80] <= 0000 pc=00073a
[:slot1:storager] NODE20    11552.0us [7210] <= 0000 pc=00073a
[:slot1:storager] PHASE    11557.4us [7216] <= 0000 pc=00073a
[:slot1:storager] PHASE    11651.0us [727e] <= 0000 pc=00073a
[:slot1:storager] CTX    11651.0us [727e] <= 0000 pc=00073a IPL=7  <-- IN ISR
[:slot1:storager] GATE72A6    11687.0us <= 0000 pc=00073a 74b4=0000 phase=0000
[:slot1:storager] QHEAD    11865.2us [736c] <= 0000 pc=00073a
[:slot1:storager] QHEAD    11867.0us [736e] <= 0000 pc=00073a
[:slot1:storager] QHEAD    11868.8us [7370] <= 0000 pc=00073a
[:slot1:storager] QHEAD    11870.6us [7372] <= 0000 pc=00073a
[:slot1:storager] XSTATE    12023.6us [741c] <= 0000
[:slot1:storager] PHASE    12023.6us [741c] <= 0000 pc=00073a
[:slot1:storager] CTX    12023.6us [741c] <= 0000 pc=00073a IPL=7  <-- IN ISR
[:slot1:storager] BUFPTR    12025.4us [741e] <= 0000 (byte 0000) pc=00073a
[:slot1:storager] CTX    12025.4us [741e] <= 0000 pc=00073a IPL=7  <-- IN ISR
[:slot1:storager] CTX    12030.8us [7424] <= 0000 pc=00073a IPL=7  <-- IN ISR
[:slot1:storager] ACCEPT    12034.4us [7428] <= 0000 pc=00073a
[:slot1:storager] CTX    12034.4us [7428] <= 0000 pc=00073a IPL=7  <-- IN ISR
[:slot1:storager] SCAN    12041.6us halted at pos=0   (byte 00) [7956]=0000 | ledger: 00 00 00 00 00 00 00 00 00 00 00 00 00 00 00 00 00 00 00 00 00 00 00 00 00 00 00 00 00 00 
[:slot1:storager] XSTATE    12050.6us [743a] <= 0000
[:slot1:storager] XSTATE    12074.0us [7454] <= 0000
[:slot1:storager] I7462    12086.6us [7462] <= 0000 pc=00073a
[:slot1:storager] POOL    12153.2us [74ac] <= 0000 pc=00073a
[:slot1:storager] CTX    12153.2us [74ac] <= 0000 pc=00073a IPL=7  <-- IN ISR
[:slot1:storager] XSTATE    12160.4us [74b4] <= 0000
[:slot1:storager] LEDGER    12534.8us [7654] pos=0   <= 00 | [7954]=0000 node=0000 n+1=00 [7956]=0000 [7abc]=0000 pc=00073a
[:slot1:storager] LEDGER    12536.6us [7656] pos=2   <= 00 | [7954]=0000 node=0000 n+1=00 [7956]=0000 [7abc]=0000 pc=00073a
[:slot1:storager] LEDGER    12538.4us [7658] pos=4   <= 00 | [7954]=0000 node=0000 n+1=00 [7956]=0000 [7abc]=0000 pc=00073a
[:slot1:storager] LEDGER    12540.2us [765a] pos=6   <= 00 | [7954]=0000 node=0000 n+1=00 [7956]=0000 [7abc]=0000 pc=00073a
[:slot1:storager] LEDGER    12542.0us [765c] pos=8   <= 00 | [7954]=0000 node=0000 n+1=00 [7956]=0000 [7abc]=0000 pc=00073a
[:slot1:storager] LEDGER    12543.8us [765e] pos=10  <= 00 | [7954]=0000 node=0000 n+1=00 [7956]=0000 [7abc]=0000 pc=00073a
[:slot1:storager] LEDGER    12545.6us [7660] pos=12  <= 00 | [7954]=0000 node=0000 n+1=00 [7956]=0000 [7abc]=0000 pc=00073a
[:slot1:storager] LEDGER    12547.4us [7662] pos=14  <= 00 | [7954]=0000 node=0000 n+1=00 [7956]=0000 [7abc]=0000 pc=00073a
[:slot1:storager] LEDGER    12549.2us [7664] pos=16  <= 00 | [7954]=0000 node=0000 n+1=00 [7956]=0000 [7abc]=0000 pc=00073a
[:slot1:storager] LEDGER    12551.0us [7666] pos=18  <= 00 | [7954]=0000 node=0000 n+1=00 [7956]=0000 [7abc]=0000 pc=00073a
[:slot1:storager] LEDGER    12552.8us [7668] pos=20  <= 00 | [7954]=0000 node=0000 n+1=00 [7956]=0000 [7abc]=0000 pc=00073a
[:slot1:storager] LEDGER    12554.6us [766a] pos=22  <= 00 | [7954]=0000 node=0000 n+1=00 [7956]=0000 [7abc]=0000 pc=00073a
[:slot1:storager] LEDGER    12556.4us [766c] pos=24  <= 00 | [7954]=0000 node=0000 n+1=00 [7956]=0000 [7abc]=0000 pc=00073a
[:slot1:storager] LEDGER    12558.2us [766e] pos=26  <= 00 | [7954]=0000 node=0000 n+1=00 [7956]=0000 [7abc]=0000 pc=00073a
[:slot1:storager] LEDGER    12560.0us [7670] pos=28  <= 00 | [7954]=0000 node=0000 n+1=00 [7956]=0000 [7abc]=0000 pc=00073a
[:slot1:storager] LEDGER    12561.8us [7672] pos=30  <= 00 | [7954]=0000 node=0000 n+1=00 [7956]=0000 [7abc]=0000 pc=00073a
[:slot1:storager] LEDGER    12563.6us [7674] pos=32  <= 00 | [7954]=0000 node=0000 n+1=00 [7956]=0000 [7abc]=0000 pc=00073a
[:slot1:storager] LEDGER    12565.4us [7676] pos=34  <= 00 | [7954]=0000 node=0000 n+1=00 [7956]=0000 [7abc]=0000 pc=00073a
[:slot1:storager] LEDGER    12567.2us [7678] pos=36  <= 00 | [7954]=0000 node=0000 n+1=00 [7956]=0000 [7abc]=0000 pc=00073a
[:slot1:storager] LEDGER    12569.0us [767a] pos=38  <= 00 | [7954]=0000 node=0000 n+1=00 [7956]=0000 [7abc]=0000 pc=00073a
[:slot1:storager] LEDGER    12570.8us [767c] pos=40  <= 00 | [7954]=0000 node=0000 n+1=00 [7956]=0000 [7abc]=0000 pc=00073a
[:slot1:storager] LEDGER    12572.6us [767e] pos=42  <= 00 | [7954]=0000 node=0000 n+1=00 [7956]=0000 [7abc]=0000 pc=00073a
[:slot1:storager] LEDGER    12574.4us [7680] pos=44  <= 00 | [7954]=0000 node=0000 n+1=00 [7956]=0000 [7abc]=0000 pc=00073a
[:slot1:storager] LEDGER    12576.2us [7682] pos=46  <= 00 | [7954]=0000 node=0000 n+1=00 [7956]=0000 [7abc]=0000 pc=00073a
[:slot1:storager] LEDGER    12578.0us [7684] pos=48  <= 00 | [7954]=0000 node=0000 n+1=00 [7956]=0000 [7abc]=0000 pc=00073a
[:slot1:storager] LEDGER    12579.8us [7686] pos=50  <= 00 | [7954]=0000 node=0000 n+1=00 [7956]=0000 [7abc]=0000 pc=00073a
[:slot1:storager] LEDGER    12581.6us [7688] pos=52  <= 00 | [7954]=0000 node=0000 n+1=00 [7956]=0000 [7abc]=0000 pc=00073a
[:slot1:storager] LEDGER    12583.4us [768a] pos=54  <= 00 | [7954]=0000 node=0000 n+1=00 [7956]=0000 [7abc]=0000 pc=00073a
[:slot1:storager] LEDGER    12585.2us [768c] pos=56  <= 00 | [7954]=0000 node=0000 n+1=00 [7956]=0000 [7abc]=0000 pc=00073a
[:slot1:storager] LEDGER    12587.0us [768e] pos=58  <= 00 | [7954]=0000 node=0000 n+1=00 [7956]=0000 [7abc]=0000 pc=00073a
[:slot1:storager] LEDGER    12588.8us [7690] pos=60  <= 00 | [7954]=0000 node=0000 n+1=00 [7956]=0000 [7abc]=0000 pc=00073a
[:slot1:storager] LEDGER    12590.6us [7692] pos=62  <= 00 | [7954]=0000 node=0000 n+1=00 [7956]=0000 [7abc]=0000 pc=00073a
[:slot1:storager] LEDGER    12592.4us [7694] pos=64  <= 00 | [7954]=0000 node=0000 n+1=00 [7956]=0000 [7abc]=0000 pc=00073a
[:slot1:storager] LEDGER    12594.2us [7696] pos=66  <= 00 | [7954]=0000 node=0000 n+1=00 [7956]=0000 [7abc]=0000 pc=00073a
[:slot1:storager] LEDGER    12596.0us [7698] pos=68  <= 00 | [7954]=0000 node=0000 n+1=00 [7956]=0000 [7abc]=0000 pc=00073a
[:slot1:storager] LEDGER    12597.8us [769a] pos=70  <= 00 | [7954]=0000 node=0000 n+1=00 [7956]=0000 [7abc]=0000 pc=00073a
[:slot1:storager] LEDGER    12599.6us [769c] pos=72  <= 00 | [7954]=0000 node=0000 n+1=00 [7956]=0000 [7abc]=0000 pc=00073a
[:slot1:storager] LEDGER    12601.4us [769e] pos=74  <= 00 | [7954]=0000 node=0000 n+1=00 [7956]=0000 [7abc]=0000 pc=00073a
[:slot1:storager] LEDGER    12603.2us [76a0] pos=76  <= 00 | [7954]=0000 node=0000 n+1=00 [7956]=0000 [7abc]=0000 pc=00073a
[:slot1:storager] LEDGER    12605.0us [76a2] pos=78  <= 00 | [7954]=0000 node=0000 n+1=00 [7956]=0000 [7abc]=0000 pc=00073a
[:slot1:storager] LEDGER    12606.8us [76a4] pos=80  <= 00 | [7954]=0000 node=0000 n+1=00 [7956]=0000 [7abc]=0000 pc=00073a
[:slot1:storager] REMAIN    13227.8us [7956] <= 0000 pc=00073a
[:slot1:storager] DESC    13229.6us [7958] word<=0000 mask=ffff pc=00073a | [7abe]=00000000 [7958]=00000000 [7abc]=0000
[:slot1:storager] DESC    13231.4us [7958] word<=0000 mask=ffff pc=00073a | [7abe]=00000000 [7958]=00000000 [7abc]=0000
[:slot1:storager] XSTATE    13244.0us [7968] <= 0000
[:slot1:storager] PHASE    13244.0us [7968] <= 0000 pc=00073a
[:slot1:storager] CTX    13244.0us [7968] <= 0000 pc=00073a IPL=7  <-- IN ISR
[:slot1:storager] CTX    13247.6us [796c] <= 0000 pc=00073a IPL=7  <-- IN ISR
[:slot1:storager] SEEKF    13278.2us [798e] <= 0000 pc=00073a
[:slot1:storager] CTX    13278.2us [798e] <= 0000 pc=00073a IPL=7  <-- IN ISR
[:slot1:storager] SEEKF    13280.0us [7990] <= 0000 pc=00073a
[:slot1:storager] CUR    13289.0us [799a] <= 0000 pc=00073a
[:slot1:storager] CNT    13296.2us [79a2] <= 0000 pc=00073a
[:slot1:storager] CNT    13298.0us [79a4] <= 0000 pc=00073a
[:slot1:storager] XSTATE    13404.2us [7a1a] <= 0000
[:slot1:storager] A30    13424.0us [7a30] <= 0000 pc=00073a
[:slot1:storager] HI7A30    13424.0us hi=00 lo=00 mask=ffff pc=00073a 74b4=0000
[:slot1:storager] CTX    13424.0us [7a30] <= 0000 pc=00073a IPL=7  <-- IN ISR
[:slot1:storager] SFLAG    13429.4us [7a36] <= 0000 pc=00073a
[:slot1:storager] CTX    13429.4us [7a36] <= 0000 pc=00073a IPL=7  <-- IN ISR
[:slot1:storager] SFLAG    13431.2us [7a38] <= 0000 pc=00073a
[:slot1:storager] GUARD    13436.6us [7a3e] <= 0000 pc=00073a
[:slot1:storager] CTX    13436.6us [7a3e] <= 0000 pc=00073a IPL=7  <-- IN ISR
[:slot1:storager] GUARD    13438.4us [7a40] <= 0000 pc=00073a
[:slot1:storager] CTX    13438.4us [7a40] <= 0000 pc=00073a IPL=7  <-- IN ISR
[:slot1:storager] TEMPCNT 7abc <= 0000 mask=ffff pc=00073a
[:slot1:storager] DESC    13551.8us [7abe] word<=0000 mask=ffff pc=00073a | [7abe]=00000000 [7958]=00000000 [7abc]=0000
[:slot1:storager] TEMPCNT 7abe <= 0000 mask=ffff pc=00073a
[:slot1:storager] DESC    13553.6us [7abe] word<=0000 mask=ffff pc=00073a | [7abe]=00000000 [7958]=00000000 [7abc]=0000
[:slot1:storager] AAPATH    13557.2us [7ac4] <= 0000 pc=00073a  [7968]=0000
[:slot1:storager] AAPATH    13625.6us [7b10] <= 0000 pc=00073a  [7968]=0000
[:slot1:storager] CTX    13625.6us [7b10] <= 0000 pc=00073a IPL=7  <-- IN ISR
[:slot3:serad:cpu] ':slot3:serad:cpu' (0069): unmapped program memory write to 1FFF = 81 & FF
[:slot3:serad] 8085 mbx WR [0] = 00 @0.06401
[:slot3:serad] 8085 mbx[0] = 00 @0.06401
[:slot3:serad] 8085 mbx WR [1] = 00 @0.06402
[:slot3:serad] 8085 mbx[1] = 00 @0.06402
[:slot3:serad] 8085 mbx WR [2] = 00 @0.06403
[:slot3:serad] 8085 mbx[2] = 00 @0.06403
[:slot3:serad] 8085 mbx WR [3] = 00 @0.06404
[:slot3:serad] 8085 mbx[3] = 00 @0.06404
[:slot3:serad] 8085 mbx[4] = 00 @0.06404
[:slot3:serad] 8085 mbx[5] = 00 @0.06405
[:slot3:serad] 8085 mbx[6] = 00 @0.06406
[:slot3:serad] 8085 mbx[7] = 00 @0.06407
[:slot3:serad] 8085 mbxhi WR [098] = 00 @0.06535
[:slot3:serad] 8085 mbxhi WR [099] = 00 @0.06536
[:slot3:serad] 8085 mbxhi WR [09a] = 00 @0.06536
[:slot3:serad] 8085 mbxhi WR [09b] = 00 @0.06537
[:slot3:serad] 8085 mbxhi WR [09d] = 00 @0.06539
[:slot3:serad] 8085 mbxhi WR [09e] = 00 @0.06540
[:slot3:serad] 8085 mbxhi WR [09f] = 00 @0.06541
[:slot3:serad] 8085 mbxhi WR [0a0] = 00 @0.06542
[:slot3:serad] 8085 mbxhi WR [0a1] = 00 @0.06543
[:slot3:serad] 8085 mbxhi WR [0a2] = 00 @0.06544
[:slot3:serad] 8085 mbxhi WR [0a3] = 00 @0.06544
[:slot1:storager] TEMP6000 rd  a=6000 mask=ffff data=0000 pc=009d34
[:slot1:storager] TEMP6000 rd  a=6002 mask=ffff data=0000 pc=009d34
[:slot1:storager] TEMP6000 rd  a=6004 mask=ffff data=0000 pc=009d34
[:slot1:storager] TEMP6000 rd  a=6006 mask=ffff data=0000 pc=009d34
[:slot1:storager] TEMP6000 rd  a=6008 mask=ffff data=0000 pc=009d34
[:slot1:storager] TEMP6000 rd  a=600a mask=ffff data=0000 pc=009d34
[:slot1:storager] TEMP6000 rd  a=600c mask=ffff data=0000 pc=009d34
[:slot1:storager] TEMP6000 rd  a=600e mask=ffff data=0000 pc=009d34
[:slot1:storager] TEMP6000 rd  a=6010 mask=ffff data=0000 pc=009d34
[:slot1:storager] TEMP6000 rd  a=6012 mask=ffff data=0000 pc=009d34
[:slot1:storager] TEMP6000 rd  a=6014 mask=ffff data=0000 pc=009d34
[:slot1:storager] TEMP6000 rd  a=6016 mask=ffff data=0000 pc=009d34
[:slot1:storager] TEMP6000 rd  a=6018 mask=ffff data=0000 pc=009d34
[:slot1:storager] TEMP6000 rd  a=601a mask=ffff data=0000 pc=009d34
[:slot1:storager] TEMP6000 rd  a=601c mask=ffff data=0000 pc=009d34
[:slot1:storager] TEMP6000 rd  a=601e mask=ffff data=0000 pc=009d34
[:slot1:storager] TEMP6000 rd  a=6020 mask=ffff data=0000 pc=009d34
[:slot1:storager] TEMP6000 rd  a=6022 mask=ffff data=0000 pc=009d34
[:slot1:storager] TEMP6000 rd  a=6024 mask=ffff data=0000 pc=009d34
[:slot1:storager] TEMP6000 rd  a=6026 mask=ffff data=0000 pc=009d34
[:slot1:storager] TEMP6000 rd  a=6028 mask=ffff data=0000 pc=009d34
[:slot1:storager] TEMP6000 rd  a=602a mask=ffff data=0000 pc=009d34
[:slot1:storager] TEMP6000 rd  a=602c mask=ffff data=0000 pc=009d34
[:slot1:storager] TEMP6000 rd  a=602e mask=ffff data=0000 pc=009d34
[:slot1:storager] TEMP6000 rd  a=6030 mask=ffff data=0000 pc=009d34
[:slot1:storager] TEMP6000 rd  a=6032 mask=ffff data=0000 pc=009d34
[:slot1:storager] TEMP6000 rd  a=6034 mask=ffff data=0000 pc=009d34
[:slot1:storager] TEMP6000 rd  a=6036 mask=ffff data=0000 pc=009d34
[:slot1:storager] TEMP6000 rd  a=6038 mask=ffff data=0000 pc=009d34
[:slot1:storager] TEMP6000 rd  a=603a mask=ffff data=0000 pc=009d34
[:slot1:storager] TEMP6000 rd  a=603c mask=ffff data=0000 pc=009d34
[:slot1:storager] TEMP6000 rd  a=603e mask=ffff data=0000 pc=009d34
[:slot1:storager] TEMP6000 rd  a=6040 mask=ffff data=0000 pc=009d34
[:slot1:storager] TEMP6000 rd  a=6042 mask=ffff data=0000 pc=009d34
[:slot1:storager] TEMP6000 rd  a=6044 mask=ffff data=0000 pc=009d34
[:slot1:storager] TEMP6000 rd  a=6046 mask=ffff data=0000 pc=009d34
[:slot1:storager] TEMP6000 rd  a=6048 mask=ffff data=0000 pc=009d34
[:slot1:storager] TEMP6000 rd  a=604a mask=ffff data=0000 pc=009d34
[:slot1:storager] TEMP6000 rd  a=604c mask=ffff data=0000 pc=009d34
[:slot1:storager] TEMP6000 rd  a=604e mask=ffff data=0000 pc=009d34
[:slot1:storager] TEMP6000 rd  a=6050 mask=ffff data=0000 pc=009d34
[:slot1:storager] TEMP6000 rd  a=6052 mask=ffff data=0000 pc=009d34
[:slot1:storager] TEMP6000 rd  a=6054 mask=ffff data=0000 pc=009d34
[:slot1:storager] TEMP6000 rd  a=6056 mask=ffff data=0000 pc=009d34
[:slot1:storager] TEMP6000 rd  a=6058 mask=ffff data=0000 pc=009d34
[:slot1:storager] TEMP6000 rd  a=605a mask=ffff data=0000 pc=009d34
[:slot1:storager] TEMP6000 rd  a=605c mask=ffff data=0000 pc=009d34
[:slot1:storager] TEMP6000 rd  a=605e mask=ffff data=0000 pc=009d34
[:slot1:storager] TEMP6000 rd  a=6060 mask=ffff data=0000 pc=009d34
[:slot1:storager] TEMP6000 rd  a=6062 mask=ffff data=0000 pc=009d34
[:slot1:storager] TEMP6000 rd  a=6064 mask=ffff data=0000 pc=009d34
[:slot1:storager] TEMP6000 rd  a=6066 mask=ffff data=0000 pc=009d34
[:slot1:storager] TEMP6000 rd  a=6068 mask=ffff data=0000 pc=009d34
[:slot1:storager] TEMP6000 rd  a=606a mask=ffff data=0000 pc=009d34
[:slot1:storager] TEMP6000 rd  a=606c mask=ffff data=0000 pc=009d34
[:slot1:storager] TEMP6000 rd  a=606e mask=ffff data=0000 pc=009d34
[:slot1:storager] TEMP6000 rd  a=6070 mask=ffff data=0000 pc=009d34
[:slot1:storager] TEMP6000 rd  a=6072 mask=ffff data=0000 pc=009d34
[:slot1:storager] TEMP6000 rd  a=6074 mask=ffff data=0000 pc=009d34
[:slot1:storager] TEMP6000 rd  a=6076 mask=ffff data=0000 pc=009d34
[:slot1:storager] TEMP6000 rd  a=6078 mask=ffff data=0000 pc=009d34
[:slot1:storager] TEMP6000 rd  a=607a mask=ffff data=0000 pc=009d34
[:slot1:storager] TEMP6000 rd  a=607c mask=ffff data=0000 pc=009d34
[:slot1:storager] TEMP6000 rd  a=607e mask=ffff data=0000 pc=009d34
[:slot1:storager] TEMP6000 rd  a=6080 mask=ffff data=0000 pc=009d34
[:slot1:storager] TEMP6000 rd  a=6082 mask=ffff data=0000 pc=009d34
[:slot1:storager] TEMP6000 rd  a=6084 mask=ffff data=0000 pc=009d34
[:slot1:storager] TEMP6000 rd  a=6086 mask=ffff data=0000 pc=009d34
[:slot1:storager] TEMP6000 rd  a=6088 mask=ffff data=0000 pc=009d34
[:slot1:storager] TEMP6000 rd  a=608a mask=ffff data=0000 pc=009d34
[:slot1:storager] TEMP6000 rd  a=608c mask=ffff data=0000 pc=009d34
[:slot1:storager] TEMP6000 rd  a=608e mask=ffff data=0000 pc=009d34
[:slot1:storager] TEMP6000 rd  a=6090 mask=ffff data=0000 pc=009d34
[:slot1:storager] TEMP6000 rd  a=6092 mask=ffff data=0000 pc=009d34
[:slot1:storager] TEMP6000 rd  a=6094 mask=ffff data=0000 pc=009d34
[:slot1:storager] TEMP6000 rd  a=6096 mask=ffff data=0000 pc=009d34
[:slot1:storager] TEMP6000 rd  a=6098 mask=ffff data=0000 pc=009d34
[:slot1:storager] TEMP6000 rd  a=609a mask=ffff data=0000 pc=009d34
[:slot1:storager] TEMP6000 rd  a=609c mask=ffff data=0000 pc=009d34
[:slot1:storager] TEMP6000 rd  a=609e mask=ffff data=0000 pc=009d34
[:slot1:storager] TEMP6000 rd  a=60a0 mask=ffff data=0000 pc=009d34
[:slot1:storager] TEMP6000 rd  a=60a2 mask=ffff data=0000 pc=009d34
[:slot1:storager] TEMP6000 rd  a=60a4 mask=ffff data=0000 pc=009d34
[:slot1:storager] TEMP6000 rd  a=60a6 mask=ffff data=0000 pc=009d34
[:slot1:storager] TEMP6000 rd  a=60a8 mask=ffff data=0000 pc=009d34
[:slot1:storager] TEMP6000 rd  a=60aa mask=ffff data=0000 pc=009d34
[:slot1:storager] TEMP6000 rd  a=60ac mask=ffff data=0000 pc=009d34
[:slot1:storager] TEMP6000 rd  a=60ae mask=ffff data=0000 pc=009d34
[:slot1:storager] TEMP6000 rd  a=60b0 mask=ffff data=0000 pc=009d34
[:slot1:storager] TEMP6000 rd  a=60b2 mask=ffff data=0000 pc=009d34
[:slot1:storager] TEMP6000 rd  a=60b4 mask=ffff data=0000 pc=009d34
[:slot1:storager] TEMP6000 rd  a=60b6 mask=ffff data=0000 pc=009d34
[:slot1:storager] TEMP6000 rd  a=60b8 mask=ffff data=0000 pc=009d34
[:slot1:storager] TEMP6000 rd  a=60ba mask=ffff data=0000 pc=009d34
[:slot1:storager] TEMP6000 rd  a=60bc mask=ffff data=0000 pc=009d34
[:slot1:storager] TEMP6000 rd  a=60be mask=ffff data=0000 pc=009d34
[:slot1:storager] TEMP6000 rd  a=60c0 mask=ffff data=0000 pc=009d34
[:slot1:storager] TEMP6000 rd  a=60c2 mask=ffff data=0000 pc=009d34
[:slot1:storager] TEMP6000 rd  a=60c4 mask=ffff data=0000 pc=009d34
[:slot1:storager] TEMP6000 rd  a=60c6 mask=ffff data=0000 pc=009d34
[:slot1:storager] TEMP6000 rd  a=60c8 mask=ffff data=0000 pc=009d34
[:slot1:storager] TEMP6000 rd  a=60ca mask=ffff data=0000 pc=009d34
[:slot1:storager] TEMP6000 rd  a=60cc mask=ffff data=0000 pc=009d34
[:slot1:storager] TEMP6000 rd  a=60ce mask=ffff data=0000 pc=009d34
[:slot1:storager] TEMP6000 rd  a=60d0 mask=ffff data=0000 pc=009d34
[:slot1:storager] TEMP6000 rd  a=60d2 mask=ffff data=0000 pc=009d34
[:slot1:storager] TEMP6000 rd  a=60d4 mask=ffff data=0000 pc=009d34
[:slot1:storager] TEMP6000 rd  a=60d6 mask=ffff data=0000 pc=009d34
[:slot1:storager] TEMP6000 rd  a=60d8 mask=ffff data=0000 pc=009d34
[:slot1:storager] TEMP6000 rd  a=60da mask=ffff data=0000 pc=009d34
[:slot1:storager] TEMP6000 rd  a=60dc mask=ffff data=0000 pc=009d34
[:slot1:storager] TEMP6000 rd  a=60de mask=ffff data=0000 pc=009d34
[:slot1:storager] TEMP6000 rd  a=60e0 mask=ffff data=0000 pc=009d34
[:slot1:storager] TEMP6000 rd  a=60e2 mask=ffff data=0000 pc=009d34
[:slot1:storager] TEMP6000 rd  a=60e4 mask=ffff data=0000 pc=009d34
[:slot1:storager] TEMP6000 rd  a=60e6 mask=ffff data=0000 pc=009d34
[:slot1:storager] TEMP6000 rd  a=60e8 mask=ffff data=0000 pc=009d34
[:slot1:storager] TEMP6000 rd  a=60ea mask=ffff data=0000 pc=009d34
[:slot1:storager] TEMP6000 rd  a=60ec mask=ffff data=0000 pc=009d34
[:slot1:storager] TEMP6000 rd  a=60ee mask=ffff data=0000 pc=009d34
[:slot1:storager] TEMP6000 rd  a=60f0 mask=ffff data=0000 pc=009d34
[:slot1:storager] TEMP6000 rd  a=60f2 mask=ffff data=0000 pc=009d34
[:slot1:storager] TEMP6000 rd  a=60f4 mask=ffff data=0000 pc=009d34
[:slot1:storager] TEMP6000 rd  a=60f6 mask=ffff data=0000 pc=009d34
[:slot1:storager] TEMP6000 rd  a=60f8 mask=ffff data=0000 pc=009d34
[:slot1:storager] TEMP6000 rd  a=60fa mask=ffff data=0000 pc=009d34
[:slot1:storager] TEMP6000 rd  a=60fc mask=ffff data=0000 pc=009d34
[:slot1:storager] TEMP6000 rd  a=60fe mask=ffff data=0000 pc=009d34
[:slot1:storager] TEMP6000 WR  a=6000 data=0101 mask=ff00 pc=009ce6
[:slot1:storager] TEMP6000 WR  a=6000 data=0202 mask=00ff pc=009ce6
[:slot1:storager] TEMP6000 WR  a=6002 data=0303 mask=ff00 pc=009ce6
[:slot1:storager] TEMP6000 WR  a=6002 data=0404 mask=00ff pc=009ce6
[:slot1:storager] TEMP6000 WR  a=6004 data=0505 mask=ff00 pc=009ce6
[:slot1:storager] TEMP6000 WR  a=6004 data=0606 mask=00ff pc=009ce6
[:slot1:storager] TEMP6000 WR  a=6006 data=0707 mask=ff00 pc=009ce6
[:slot1:storager] TEMP6000 WR  a=6006 data=0808 mask=00ff pc=009ce6
[:slot1:storager] TEMP6000 WR  a=6008 data=0909 mask=ff00 pc=009ce6
[:slot1:storager] TEMP6000 WR  a=6008 data=0a0a mask=00ff pc=009ce6
[:slot1:storager] TEMP6000 WR  a=600a data=0b0b mask=ff00 pc=009ce6
[:slot1:storager] TEMP6000 WR  a=600a data=0c0c mask=00ff pc=009ce6
[:slot1:storager] TEMP6000 WR  a=600c data=0d0d mask=ff00 pc=009ce6
[:slot1:storager] TEMP6000 WR  a=600c data=0e0e mask=00ff pc=009ce6
[:slot1:storager] TEMP6000 WR  a=600e data=0f0f mask=ff00 pc=009ce6
[:slot1:storager] TEMP6000 WR  a=600e data=1010 mask=00ff pc=009ce6
[:slot1:storager] TEMP6000 WR  a=6010 data=1111 mask=ff00 pc=009ce6
[:slot1:storager] TEMP6000 WR  a=6010 data=1212 mask=00ff pc=009ce6
[:slot1:storager] TEMP6000 WR  a=6012 data=1313 mask=ff00 pc=009ce6
[:slot1:storager] TEMP6000 WR  a=6012 data=1414 mask=00ff pc=009ce6
[:slot1:storager] TEMP6000 WR  a=6014 data=1515 mask=ff00 pc=009ce6
[:slot1:storager] TEMP6000 WR  a=6014 data=1616 mask=00ff pc=009ce6
[:slot1:storager] TEMP6000 WR  a=6016 data=1717 mask=ff00 pc=009ce6
[:slot1:storager] TEMP6000 WR  a=6016 data=1818 mask=00ff pc=009ce6
[:slot1:storager] TEMP6000 WR  a=6018 data=1919 mask=ff00 pc=009ce6
[:slot1:storager] TEMP6000 WR  a=6018 data=1a1a mask=00ff pc=009ce6
[:slot1:storager] TEMP6000 WR  a=601a data=1b1b mask=ff00 pc=009ce6
[:slot1:storager] TEMP6000 WR  a=601a data=1c1c mask=00ff pc=009ce6
[:slot1:storager] TEMP6000 WR  a=601c data=1d1d mask=ff00 pc=009ce6
[:slot1:storager] TEMP6000 WR  a=601c data=1e1e mask=00ff pc=009ce6
[:slot1:storager] TEMP6000 WR  a=601e data=1f1f mask=ff00 pc=009ce6
[:slot1:storager] TEMP6000 WR  a=601e data=2020 mask=00ff pc=009ce6
[:slot1:storager] TEMP6000 WR  a=6020 data=2121 mask=ff00 pc=009ce6
[:slot1:storager] TEMP6000 WR  a=6020 data=2222 mask=00ff pc=009ce6
[:slot1:storager] TEMP6000 WR  a=6022 data=2323 mask=ff00 pc=009ce6
[:slot1:storager] TEMP6000 WR  a=6022 data=2424 mask=00ff pc=009ce6
[:slot1:storager] TEMP6000 WR  a=6024 data=2525 mask=ff00 pc=009ce6
[:slot1:storager] TEMP6000 WR  a=6024 data=2626 mask=00ff pc=009ce6
[:slot1:storager] TEMP6000 WR  a=6026 data=2727 mask=ff00 pc=009ce6
[:slot1:storager] TEMP6000 WR  a=6026 data=2828 mask=00ff pc=009ce6
[:slot1:storager] TEMP6000 WR  a=6028 data=2929 mask=ff00 pc=009ce6
[:slot1:storager] TEMP6000 WR  a=6028 data=2a2a mask=00ff pc=009ce6
[:slot1:storager] TEMP6000 WR  a=602a data=2b2b mask=ff00 pc=009ce6
[:slot1:storager] TEMP6000 WR  a=602a data=2c2c mask=00ff pc=009ce6
[:slot1:storager] TEMP6000 WR  a=602c data=2d2d mask=ff00 pc=009ce6
[:slot1:storager] TEMP6000 WR  a=602c data=2e2e mask=00ff pc=009ce6
[:slot1:storager] TEMP6000 WR  a=602e data=2f2f mask=ff00 pc=009ce6
[:slot1:storager] TEMP6000 WR  a=602e data=3030 mask=00ff pc=009ce6
[:slot1:storager] TEMP6000 WR  a=6030 data=3131 mask=ff00 pc=009ce6
[:slot1:storager] TEMP6000 WR  a=6030 data=3232 mask=00ff pc=009ce6
[:slot1:storager] TEMP6000 WR  a=6032 data=3333 mask=ff00 pc=009ce6
[:slot1:storager] TEMP6000 WR  a=6032 data=3434 mask=00ff pc=009ce6
[:slot1:storager] TEMP6000 WR  a=6034 data=3535 mask=ff00 pc=009ce6
[:slot1:storager] TEMP6000 WR  a=6034 data=3636 mask=00ff pc=009ce6
[:slot1:storager] TEMP6000 WR  a=6036 data=3737 mask=ff00 pc=009ce6
[:slot1:storager] TEMP6000 WR  a=6036 data=3838 mask=00ff pc=009ce6
[:slot1:storager] TEMP6000 WR  a=6038 data=3939 mask=ff00 pc=009ce6
[:slot1:storager] TEMP6000 WR  a=6038 data=3a3a mask=00ff pc=009ce6
[:slot1:storager] TEMP6000 WR  a=603a data=3b3b mask=ff00 pc=009ce6
[:slot1:storager] TEMP6000 WR  a=603a data=3c3c mask=00ff pc=009ce6
[:slot1:storager] TEMP6000 WR  a=603c data=3d3d mask=ff00 pc=009ce6
[:slot1:storager] TEMP6000 WR  a=603c data=3e3e mask=00ff pc=009ce6
[:slot1:storager] TEMP6000 WR  a=603e data=3f3f mask=ff00 pc=009ce6
[:slot1:storager] TEMP6000 WR  a=603e data=4040 mask=00ff pc=009ce6
[:slot1:storager] TEMP6000 WR  a=6040 data=4141 mask=ff00 pc=009ce6
[:slot1:storager] TEMP6000 WR  a=6040 data=4242 mask=00ff pc=009ce6
[:slot1:storager] TEMP6000 WR  a=6042 data=4343 mask=ff00 pc=009ce6
[:slot1:storager] TEMP6000 WR  a=6042 data=4444 mask=00ff pc=009ce6
[:slot1:storager] TEMP6000 WR  a=6044 data=4545 mask=ff00 pc=009ce6
[:slot1:storager] TEMP6000 WR  a=6044 data=4646 mask=00ff pc=009ce6
[:slot1:storager] TEMP6000 WR  a=6046 data=4747 mask=ff00 pc=009ce6
[:slot1:storager] TEMP6000 WR  a=6046 data=4848 mask=00ff pc=009ce6
[:slot1:storager] TEMP6000 WR  a=6048 data=4949 mask=ff00 pc=009ce6
[:slot1:storager] TEMP6000 WR  a=6048 data=4a4a mask=00ff pc=009ce6
[:slot1:storager] TEMP6000 WR  a=604a data=4b4b mask=ff00 pc=009ce6
[:slot1:storager] TEMP6000 WR  a=604a data=4c4c mask=00ff pc=009ce6
[:slot1:storager] TEMP6000 WR  a=604c data=4d4d mask=ff00 pc=009ce6
[:slot1:storager] TEMP6000 WR  a=604c data=4e4e mask=00ff pc=009ce6
[:slot1:storager] TEMP6000 WR  a=604e data=4f4f mask=ff00 pc=009ce6
[:slot1:storager] TEMP6000 WR  a=604e data=5050 mask=00ff pc=009ce6
[:slot1:storager] TEMP6000 WR  a=6050 data=5151 mask=ff00 pc=009ce6
[:slot1:storager] TEMP6000 WR  a=6050 data=5252 mask=00ff pc=009ce6
[:slot1:storager] TEMP6000 WR  a=6052 data=5353 mask=ff00 pc=009ce6
[:slot1:storager] TEMP6000 WR  a=6052 data=5454 mask=00ff pc=009ce6
[:slot1:storager] TEMP6000 WR  a=6054 data=5555 mask=ff00 pc=009ce6
[:slot1:storager] TEMP6000 WR  a=6054 data=5656 mask=00ff pc=009ce6
[:slot1:storager] TEMP6000 WR  a=6056 data=5757 mask=ff00 pc=009ce6
[:slot1:storager] TEMP6000 WR  a=6056 data=5858 mask=00ff pc=009ce6
[:slot1:storager] TEMP6000 WR  a=6058 data=5959 mask=ff00 pc=009ce6
[:slot1:storager] TEMP6000 WR  a=6058 data=5a5a mask=00ff pc=009ce6
[:slot1:storager] TEMP6000 WR  a=605a data=5b5b mask=ff00 pc=009ce6
[:slot1:storager] TEMP6000 WR  a=605a data=5c5c mask=00ff pc=009ce6
[:slot1:storager] TEMP6000 WR  a=605c data=5d5d mask=ff00 pc=009ce6
[:slot1:storager] TEMP6000 WR  a=605c data=5e5e mask=00ff pc=009ce6
[:slot1:storager] TEMP6000 WR  a=605e data=5f5f mask=ff00 pc=009ce6
[:slot1:storager] TEMP6000 WR  a=605e data=6060 mask=00ff pc=009ce6
[:slot1:storager] TEMP6000 WR  a=6060 data=6161 mask=ff00 pc=009ce6
[:slot1:storager] TEMP6000 WR  a=6060 data=6262 mask=00ff pc=009ce6
[:slot1:storager] TEMP6000 WR  a=6062 data=6363 mask=ff00 pc=009ce6
[:slot1:storager] TEMP6000 WR  a=6062 data=6464 mask=00ff pc=009ce6
[:slot1:storager] TEMP6000 WR  a=6064 data=6565 mask=ff00 pc=009ce6
[:slot1:storager] TEMP6000 WR  a=6064 data=6666 mask=00ff pc=009ce6
[:slot1:storager] TEMP6000 WR  a=6066 data=6767 mask=ff00 pc=009ce6
[:slot1:storager] TEMP6000 WR  a=6066 data=6868 mask=00ff pc=009ce6
[:slot1:storager] TEMP6000 WR  a=6068 data=6969 mask=ff00 pc=009ce6
[:slot1:storager] TEMP6000 WR  a=6068 data=6a6a mask=00ff pc=009ce6
[:slot1:storager] TEMP6000 WR  a=606a data=6b6b mask=ff00 pc=009ce6
[:slot1:storager] TEMP6000 WR  a=606a data=6c6c mask=00ff pc=009ce6
[:slot1:storager] TEMP6000 WR  a=606c data=6d6d mask=ff00 pc=009ce6
[:slot1:storager] TEMP6000 WR  a=606c data=6e6e mask=00ff pc=009ce6
[:slot1:storager] TEMP6000 WR  a=606e data=6f6f mask=ff00 pc=009ce6
[:slot1:storager] TEMP6000 WR  a=606e data=7070 mask=00ff pc=009ce6
[:slot1:storager] TEMP6000 WR  a=6070 data=7171 mask=ff00 pc=009ce6
[:slot1:storager] TEMP6000 WR  a=6070 data=7272 mask=00ff pc=009ce6
[:slot1:storager] TEMP6000 WR  a=6072 data=7373 mask=ff00 pc=009ce6
[:slot1:storager] TEMP6000 WR  a=6072 data=7474 mask=00ff pc=009ce6
[:slot1:storager] TEMP6000 WR  a=6074 data=7575 mask=ff00 pc=009ce6
[:slot1:storager] TEMP6000 WR  a=6074 data=7676 mask=00ff pc=009ce6
[:slot1:storager] TEMP6000 WR  a=6076 data=7777 mask=ff00 pc=009ce6
[:slot1:storager] TEMP6000 WR  a=6076 data=7878 mask=00ff pc=009ce6
[:slot1:storager] TEMP6000 WR  a=6078 data=7979 mask=ff00 pc=009ce6
[:slot1:storager] TEMP6000 WR  a=6078 data=7a7a mask=00ff pc=009ce6
[:slot1:storager] TEMP6000 WR  a=607a data=7b7b mask=ff00 pc=009ce6
[:slot1:storager] TEMP6000 WR  a=607a data=7c7c mask=00ff pc=009ce6
[:slot1:storager] TEMP6000 WR  a=607c data=7d7d mask=ff00 pc=009ce6
[:slot1:storager] TEMP6000 WR  a=607c data=7e7e mask=00ff pc=009ce6
[:slot1:storager] TEMP6000 WR  a=607e data=7f7f mask=ff00 pc=009ce6
[:slot1:storager] TEMP6000 WR  a=607e data=8080 mask=00ff pc=009ce6
[:slot1:storager] TEMP6000 WR  a=6080 data=8181 mask=ff00 pc=009ce6
[:slot1:storager] TEMP6000 WR  a=6080 data=8282 mask=00ff pc=009ce6
[:slot1:storager] TEMP6000 WR  a=6082 data=8383 mask=ff00 pc=009ce6
[:slot1:storager] TEMP6000 WR  a=6082 data=8484 mask=00ff pc=009ce6
[:slot1:storager] TEMP6000 WR  a=6084 data=8585 mask=ff00 pc=009ce6
[:slot1:storager] TEMP6000 WR  a=6084 data=8686 mask=00ff pc=009ce6
[:slot1:storager] TEMP6000 WR  a=6086 data=8787 mask=ff00 pc=009ce6
[:slot1:storager] TEMP6000 WR  a=6086 data=8888 mask=00ff pc=009ce6
[:slot1:storager] TEMP6000 WR  a=6088 data=8989 mask=ff00 pc=009ce6
[:slot1:storager] TEMP6000 WR  a=6088 data=8a8a mask=00ff pc=009ce6
[:slot1:storager] TEMP6000 WR  a=608a data=8b8b mask=ff00 pc=009ce6
[:slot1:storager] TEMP6000 WR  a=608a data=8c8c mask=00ff pc=009ce6
[:slot1:storager] TEMP6000 WR  a=608c data=8d8d mask=ff00 pc=009ce6
[:slot1:storager] TEMP6000 WR  a=608c data=8e8e mask=00ff pc=009ce6
[:slot1:storager] TEMP6000 WR  a=608e data=8f8f mask=ff00 pc=009ce6
[:slot1:storager] TEMP6000 WR  a=608e data=9090 mask=00ff pc=009ce6
[:slot1:storager] TEMP6000 WR  a=6090 data=9191 mask=ff00 pc=009ce6
[:slot1:storager] TEMP6000 WR  a=6090 data=9292 mask=00ff pc=009ce6
[:slot1:storager] TEMP6000 WR  a=6092 data=9393 mask=ff00 pc=009ce6
[:slot1:storager] TEMP6000 WR  a=6092 data=9494 mask=00ff pc=009ce6
[:slot1:storager] TEMP6000 WR  a=6094 data=9595 mask=ff00 pc=009ce6
[:slot1:storager] TEMP6000 WR  a=6094 data=9696 mask=00ff pc=009ce6
[:slot1:storager] TEMP6000 WR  a=6096 data=9797 mask=ff00 pc=009ce6
[:slot1:storager] TEMP6000 WR  a=6096 data=9898 mask=00ff pc=009ce6
[:slot1:storager] TEMP6000 WR  a=6098 data=9999 mask=ff00 pc=009ce6
[:slot1:storager] TEMP6000 WR  a=6098 data=9a9a mask=00ff pc=009ce6
[:slot1:storager] TEMP6000 WR  a=609a data=9b9b mask=ff00 pc=009ce6
[:slot1:storager] TEMP6000 WR  a=609a data=9c9c mask=00ff pc=009ce6
[:slot1:storager] TEMP6000 WR  a=609c data=9d9d mask=ff00 pc=009ce6
[:slot1:storager] TEMP6000 WR  a=609c data=9e9e mask=00ff pc=009ce6
[:slot1:storager] TEMP6000 WR  a=609e data=9f9f mask=ff00 pc=009ce6
[:slot1:storager] TEMP6000 WR  a=609e data=a0a0 mask=00ff pc=009ce6
[:slot1:storager] TEMP6000 WR  a=60a0 data=a1a1 mask=ff00 pc=009ce6
[:slot1:storager] TEMP6000 WR  a=60a0 data=a2a2 mask=00ff pc=009ce6
[:slot1:storager] TEMP6000 WR  a=60a2 data=a3a3 mask=ff00 pc=009ce6
[:slot1:storager] TEMP6000 WR  a=60a2 data=a4a4 mask=00ff pc=009ce6
[:slot1:storager] TEMP6000 WR  a=60a4 data=a5a5 mask=ff00 pc=009ce6
[:slot1:storager] TEMP6000 WR  a=60a4 data=a6a6 mask=00ff pc=009ce6
[:slot1:storager] TEMP6000 WR  a=60a6 data=a7a7 mask=ff00 pc=009ce6
[:slot1:storager] TEMP6000 WR  a=60a6 data=a8a8 mask=00ff pc=009ce6
[:slot1:storager] TEMP6000 WR  a=60a8 data=a9a9 mask=ff00 pc=009ce6
[:slot1:storager] TEMP6000 WR  a=60a8 data=aaaa mask=00ff pc=009ce6
[:slot1:storager] TEMP6000 WR  a=60aa data=abab mask=ff00 pc=009ce6
[:slot1:storager] TEMP6000 WR  a=60aa data=acac mask=00ff pc=009ce6
[:slot1:storager] TEMP6000 WR  a=60ac data=adad mask=ff00 pc=009ce6
[:slot1:storager] TEMP6000 WR  a=60ac data=aeae mask=00ff pc=009ce6
[:slot1:storager] TEMP6000 WR  a=60ae data=afaf mask=ff00 pc=009ce6
[:slot1:storager] TEMP6000 WR  a=60ae data=b0b0 mask=00ff pc=009ce6
[:slot1:storager] TEMP6000 WR  a=60b0 data=b1b1 mask=ff00 pc=009ce6
[:slot1:storager] TEMP6000 WR  a=60b0 data=b2b2 mask=00ff pc=009ce6
[:slot1:storager] TEMP6000 WR  a=60b2 data=b3b3 mask=ff00 pc=009ce6
[:slot1:storager] TEMP6000 WR  a=60b2 data=b4b4 mask=00ff pc=009ce6
[:slot1:storager] TEMP6000 WR  a=60b4 data=b5b5 mask=ff00 pc=009ce6
[:slot1:storager] TEMP6000 WR  a=60b4 data=b6b6 mask=00ff pc=009ce6
[:slot1:storager] TEMP6000 WR  a=60b6 data=b7b7 mask=ff00 pc=009ce6
[:slot1:storager] TEMP6000 WR  a=60b6 data=b8b8 mask=00ff pc=009ce6
[:slot1:storager] TEMP6000 WR  a=60b8 data=b9b9 mask=ff00 pc=009ce6
[:slot1:storager] TEMP6000 WR  a=60b8 data=baba mask=00ff pc=009ce6
[:slot1:storager] TEMP6000 WR  a=60ba data=bbbb mask=ff00 pc=009ce6
[:slot1:storager] TEMP6000 WR  a=60ba data=bcbc mask=00ff pc=009ce6
[:slot1:storager] TEMP6000 WR  a=60bc data=bdbd mask=ff00 pc=009ce6
[:slot1:storager] TEMP6000 WR  a=60bc data=bebe mask=00ff pc=009ce6
[:slot1:storager] TEMP6000 WR  a=60be data=bfbf mask=ff00 pc=009ce6
[:slot1:storager] TEMP6000 WR  a=60be data=c0c0 mask=00ff pc=009ce6
[:slot1:storager] TEMP6000 WR  a=60c0 data=c1c1 mask=ff00 pc=009ce6
[:slot1:storager] TEMP6000 WR  a=60c0 data=c2c2 mask=00ff pc=009ce6
[:slot1:storager] TEMP6000 WR  a=60c2 data=c3c3 mask=ff00 pc=009ce6
[:slot1:storager] TEMP6000 WR  a=60c2 data=c4c4 mask=00ff pc=009ce6
[:slot1:storager] TEMP6000 WR  a=60c4 data=c5c5 mask=ff00 pc=009ce6
[:slot1:storager] TEMP6000 WR  a=60c4 data=c6c6 mask=00ff pc=009ce6
[:slot1:storager] TEMP6000 WR  a=60c6 data=c7c7 mask=ff00 pc=009ce6
[:slot1:storager] TEMP6000 WR  a=60c6 data=c8c8 mask=00ff pc=009ce6
[:slot1:storager] TEMP6000 WR  a=60c8 data=c9c9 mask=ff00 pc=009ce6
[:slot1:storager] TEMP6000 WR  a=60c8 data=caca mask=00ff pc=009ce6
[:slot1:storager] TEMP6000 WR  a=60ca data=cbcb mask=ff00 pc=009ce6
[:slot1:storager] TEMP6000 WR  a=60ca data=cccc mask=00ff pc=009ce6
[:slot1:storager] TEMP6000 WR  a=60cc data=cdcd mask=ff00 pc=009ce6
[:slot1:storager] TEMP6000 WR  a=60cc data=cece mask=00ff pc=009ce6
[:slot1:storager] TEMP6000 WR  a=60ce data=cfcf mask=ff00 pc=009ce6
[:slot1:storager] TEMP6000 WR  a=60ce data=d0d0 mask=00ff pc=009ce6
[:slot1:storager] TEMP6000 WR  a=60d0 data=d1d1 mask=ff00 pc=009ce6
[:slot1:storager] TEMP6000 WR  a=60d0 data=d2d2 mask=00ff pc=009ce6
[:slot1:storager] TEMP6000 WR  a=60d2 data=d3d3 mask=ff00 pc=009ce6
[:slot1:storager] TEMP6000 WR  a=60d2 data=d4d4 mask=00ff pc=009ce6
[:slot1:storager] TEMP6000 WR  a=60d4 data=d5d5 mask=ff00 pc=009ce6
[:slot1:storager] TEMP6000 WR  a=60d4 data=d6d6 mask=00ff pc=009ce6
[:slot1:storager] TEMP6000 WR  a=60d6 data=d7d7 mask=ff00 pc=009ce6
[:slot1:storager] TEMP6000 WR  a=60d6 data=d8d8 mask=00ff pc=009ce6
[:slot1:storager] TEMP6000 WR  a=60d8 data=d9d9 mask=ff00 pc=009ce6
[:slot1:storager] TEMP6000 WR  a=60d8 data=dada mask=00ff pc=009ce6
[:slot1:storager] TEMP6000 WR  a=60da data=dbdb mask=ff00 pc=009ce6
[:slot1:storager] TEMP6000 WR  a=60da data=dcdc mask=00ff pc=009ce6
[:slot1:storager] TEMP6000 WR  a=60dc data=dddd mask=ff00 pc=009ce6
[:slot1:storager] TEMP6000 WR  a=60dc data=dede mask=00ff pc=009ce6
[:slot1:storager] TEMP6000 WR  a=60de data=dfdf mask=ff00 pc=009ce6
[:slot1:storager] TEMP6000 WR  a=60de data=e0e0 mask=00ff pc=009ce6
[:slot1:storager] TEMP6000 WR  a=60e0 data=e1e1 mask=ff00 pc=009ce6
[:slot1:storager] TEMP6000 WR  a=60e0 data=e2e2 mask=00ff pc=009ce6
[:slot1:storager] TEMP6000 WR  a=60e2 data=e3e3 mask=ff00 pc=009ce6
[:slot1:storager] TEMP6000 WR  a=60e2 data=e4e4 mask=00ff pc=009ce6
[:slot1:storager] TEMP6000 WR  a=60e4 data=e5e5 mask=ff00 pc=009ce6
[:slot1:storager] TEMP6000 WR  a=60e4 data=e6e6 mask=00ff pc=009ce6
[:slot1:storager] TEMP6000 WR  a=60e6 data=e7e7 mask=ff00 pc=009ce6
[:slot1:storager] TEMP6000 WR  a=60e6 data=e8e8 mask=00ff pc=009ce6
[:slot1:storager] TEMP6000 WR  a=60e8 data=e9e9 mask=ff00 pc=009ce6
[:slot1:storager] TEMP6000 WR  a=60e8 data=eaea mask=00ff pc=009ce6
[:slot1:storager] TEMP6000 WR  a=60ea data=ebeb mask=ff00 pc=009ce6
[:slot1:storager] TEMP6000 WR  a=60ea data=ecec mask=00ff pc=009ce6
[:slot1:storager] TEMP6000 WR  a=60ec data=eded mask=ff00 pc=009ce6
[:slot1:storager] TEMP6000 WR  a=60ec data=eeee mask=00ff pc=009ce6
[:slot1:storager] TEMP6000 WR  a=60ee data=efef mask=ff00 pc=009ce6
[:slot1:storager] TEMP6000 WR  a=60ee data=f0f0 mask=00ff pc=009ce6
[:slot1:storager] TEMP6000 WR  a=60f0 data=f1f1 mask=ff00 pc=009ce6
[:slot1:storager] TEMP6000 WR  a=60f0 data=f2f2 mask=00ff pc=009ce6
[:slot1:storager] TEMP6000 WR  a=60f2 data=f3f3 mask=ff00 pc=009ce6
[:slot1:storager] TEMP6000 WR  a=60f2 data=f4f4 mask=00ff pc=009ce6
[:slot1:storager] TEMP6000 WR  a=60f4 data=f5f5 mask=ff00 pc=009ce6
[:slot1:storager] TEMP6000 WR  a=60f4 data=f6f6 mask=00ff pc=009ce6
[:slot1:storager] TEMP6000 WR  a=60f6 data=f7f7 mask=ff00 pc=009ce6
[:slot1:storager] TEMP6000 WR  a=60f6 data=f8f8 mask=00ff pc=009ce6
[:slot1:storager] TEMP6000 WR  a=60f8 data=f9f9 mask=ff00 pc=009ce6
[:slot1:storager] TEMP6000 WR  a=60f8 data=fafa mask=00ff pc=009ce6
[:slot1:storager] TEMP6000 WR  a=60fa data=fbfb mask=ff00 pc=009ce6
[:slot1:storager] TEMP6000 WR  a=60fa data=fcfc mask=00ff pc=009ce6
[:slot1:storager] TEMP6000 WR  a=60fc data=fdfd mask=ff00 pc=009ce6
[:slot1:storager] TEMP6000 WR  a=60fc data=fefe mask=00ff pc=009ce6
[:slot1:storager] TEMP6000 WR  a=60fe data=ffff mask=ff00 pc=009ce6
[:slot1:storager] TEMP6000 WR  a=60fe data=0101 mask=00ff pc=009ce6
[:slot1:storager] ERRFLD   121510.2us [6e78] <= 8787 pc=009ce6
[:slot1:storager] ERRFLD   121513.4us [6e78] <= 8888 pc=009ce6
[:slot1:storager] UIB20   121535.8us [6e80] <= 8f8f pc=009ce6
[:slot1:storager] UIB20   121539.0us [6e80] <= 9090 pc=009ce6
[:slot1:storager] ERRFLD   124429.4us [7208] <= 1b1b pc=009ce6
[:slot1:storager] ERRFLD   124432.6us [7208] <= 1c1c pc=009ce6
[:slot1:storager] NODE20   124455.0us [7210] <= 2323 pc=009ce6
[:slot1:storager] NODE20   124458.2us [7210] <= 2424 pc=009ce6
[:slot1:storager] PHASE   124474.2us [7216] <= 2929 pc=009ce6
[:slot1:storager] PHASE   124477.4us [7216] <= 2a2a pc=009ce6
[:slot1:storager] PHASE   124807.0us [727e] <= 9191 pc=009ce6
[:slot1:storager] CTX   124807.0us [727e] <= 9191 pc=009ce6 IPL=7  <-- IN ISR
[:slot1:storager] PHASE   124810.2us [727e] <= 9292 pc=009ce6
[:slot1:storager] CTX   124810.2us [727e] <= 9292 pc=009ce6 IPL=7  <-- IN ISR
[:slot1:storager] GATE72A6   124935.0us <= b9b9 pc=009ce6 74b4=0000 phase=292a
[:slot1:storager] GATE72A6   124938.2us <= baba pc=009ce6 74b4=0000 phase=292a
[:slot1:storager] QHEAD   125568.8us [736c] <= 8080 pc=009ce6
[:slot1:storager] QHEAD   125572.0us [736c] <= 8181 pc=009ce6
[:slot1:storager] QHEAD   125575.2us [736e] <= 8282 pc=009ce6
[:slot1:storager] QHEAD   125578.4us [736e] <= 8383 pc=009ce6
[:slot1:storager] QHEAD   125581.6us [7370] <= 8484 pc=009ce6
[:slot1:storager] QHEAD   125584.8us [7370] <= 8585 pc=009ce6
[:slot1:storager] QHEAD   125588.0us [7372] <= 8686 pc=009ce6
[:slot1:storager] QHEAD   125591.2us [7372] <= 8787 pc=009ce6
[:slot1:storager] XSTATE   126132.2us [741c] <= 3131
[:slot1:storager] PHASE   126132.2us [741c] <= 3131 pc=009ce6
[:slot1:storager] CTX   126132.2us [741c] <= 3131 pc=009ce6 IPL=7  <-- IN ISR
[:slot1:storager] XSTATE   126135.4us [741c] <= 3232
[:slot1:storager] PHASE   126135.4us [741c] <= 3232 pc=009ce6
[:slot1:storager] CTX   126135.4us [741c] <= 3232 pc=009ce6 IPL=7  <-- IN ISR
[:slot1:storager] BUFPTR   126138.6us [741e] <= 3333 (byte 6666) pc=009ce6
[:slot1:storager] CTX   126138.6us [741e] <= 3333 pc=009ce6 IPL=7  <-- IN ISR
[:slot1:storager] BUFPTR   126141.8us [741e] <= 3434 (byte 6868) pc=009ce6
[:slot1:storager] CTX   126141.8us [741e] <= 3434 pc=009ce6 IPL=7  <-- IN ISR
[:slot1:storager] CTX   126157.8us [7424] <= 3939 pc=009ce6 IPL=7  <-- IN ISR
[:slot1:storager] CTX   126161.0us [7424] <= 3a3a pc=009ce6 IPL=7  <-- IN ISR
[:slot1:storager] ACCEPT   126170.6us [7428] <= 3d3d pc=009ce6
[:slot1:storager] CTX   126170.6us [7428] <= 3d3d pc=009ce6 IPL=7  <-- IN ISR
[:slot1:storager] ACCEPT   126173.8us [7428] <= 3e3e pc=009ce6
[:slot1:storager] CTX   126173.8us [7428] <= 3e3e pc=009ce6 IPL=7  <-- IN ISR
[:slot1:storager] SCAN   126196.2us halted at pos=17733 (byte ff) [7956]=0000 | ledger: 00 00 00 00 00 00 00 00 00 00 00 00 00 00 00 00 00 00 00 00 00 00 00 00 00 00 00 00 00 00 
[:slot1:storager] SCAN   126199.4us halted at pos=17990 (byte ff) [7956]=0000 | ledger: 00 00 00 00 00 00 00 00 00 00 00 00 00 00 00 00 00 00 00 00 00 00 00 00 00 00 00 00 00 00 
[:slot1:storager] XSTATE   126228.2us [743a] <= 4f4f
[:slot1:storager] XSTATE   126231.4us [743a] <= 5050
[:slot1:storager] XSTATE   126311.4us [7454] <= 6969
[:slot1:storager] XSTATE   126314.6us [7454] <= 6a6a
[:slot1:storager] I7462   126356.2us [7462] <= 7777 pc=009ce6
[:slot1:storager] I7462   126359.4us [7462] <= 7878 pc=009ce6
[:slot1:storager] POOL   126593.0us [74ac] <= c1c1 pc=009ce6
[:slot1:storager] CTX   126593.0us [74ac] <= c1c1 pc=009ce6 IPL=7  <-- IN ISR
[:slot1:storager] POOL   126596.2us [74ac] <= c2c2 pc=009ce6
[:slot1:storager] CTX   126596.2us [74ac] <= c2c2 pc=009ce6 IPL=7  <-- IN ISR
[:slot1:storager] XSTATE   126618.6us [74b4] <= c9c9
[:slot1:storager] XSTATE   126621.8us [74b4] <= caca
[:slot1:storager] AABOUND UIB+00..0f: 00 00 7d 96 00 00 07 00 00 00 02 4a 00 00 02 4a 
[:slot1:storager] AABOUND ledger[0..31]: 6b 6c 6d 6e 6f 70 71 72 73 74 75 76 77 78 79 7a 7b 7c 7d 7e 7f 80 81 82 83 84 85 86 87 88 89 8a 
[:slot1:storager] LEDGER   128151.8us [7693] pos=63  <= aa  <=== 0xAA BOUNDARY | [7954]=0000 node=0000 n+1=00 [7956]=0000 [7abc]=0000 pc=009ce6
[:slot1:storager] REMAIN   130414.8us [7956] <= 7070 pc=009ce6
[:slot1:storager] REMAIN   130418.0us [7956] <= 7171 pc=009ce6
[:slot1:storager] DESC   130421.2us [7958] word<=7272 mask=ff00 pc=009ce6 | [7abe]=00000000 [7958]=00000000 [7abc]=0000
[:slot1:storager] DESC   130424.4us [7958] word<=7373 mask=00ff pc=009ce6 | [7abe]=00000000 [7958]=72000000 [7abc]=0000
[:slot1:storager] DESC   130427.6us [7958] word<=7474 mask=ff00 pc=009ce6 | [7abe]=00000000 [7958]=72730000 [7abc]=0000
[:slot1:storager] DESC   130430.8us [7958] word<=7575 mask=00ff pc=009ce6 | [7abe]=00000000 [7958]=72737400 [7abc]=0000
[:slot1:storager] XSTATE   130472.4us [7968] <= 8282
[:slot1:storager] PHASE   130472.4us [7968] <= 8282 pc=009ce6
[:slot1:storager] CTX   130472.4us [7968] <= 8282 pc=009ce6 IPL=7  <-- IN ISR
[:slot1:storager] XSTATE   130475.6us [7968] <= 8383
[:slot1:storager] PHASE   130475.6us [7968] <= 8383 pc=009ce6
[:slot1:storager] CTX   130475.6us [7968] <= 8383 pc=009ce6 IPL=7  <-- IN ISR
[:slot1:storager] CTX   130485.2us [796c] <= 8686 pc=009ce6 IPL=7  <-- IN ISR
[:slot1:storager] CTX   130488.4us [796c] <= 8787 pc=009ce6 IPL=7  <-- IN ISR
[:slot1:storager] SEEKF   130594.0us [798e] <= a8a8 pc=009ce6
[:slot1:storager] CTX   130594.0us [798e] <= a8a8 pc=009ce6 IPL=7  <-- IN ISR
[:slot1:storager] SEEKF   130597.2us [798e] <= a9a9 pc=009ce6
[:slot1:storager] CTX   130597.2us [798e] <= a9a9 pc=009ce6 IPL=7  <-- IN ISR
[:slot1:storager] SEEKF   130600.4us [7990] <= aaaa pc=009ce6
[:slot1:storager] SEEKF   130603.6us [7990] <= abab pc=009ce6
[:slot1:storager] CUR   130632.4us [799a] <= b4b4 pc=009ce6
[:slot1:storager] CUR   130635.6us [799a] <= b5b5 pc=009ce6
[:slot1:storager] CNT   130658.0us [79a2] <= bcbc pc=009ce6
[:slot1:storager] CNT   130661.2us [79a2] <= bdbd pc=009ce6
[:slot1:storager] CNT   130664.4us [79a4] <= bebe pc=009ce6
[:slot1:storager] CNT   130667.6us [79a4] <= bfbf pc=009ce6
[:slot1:storager] XSTATE   131042.2us [7a1a] <= 3535
[:slot1:storager] XSTATE   131045.4us [7a1a] <= 3636
[:slot1:storager] A30   131112.6us [7a30] <= 4b4b pc=009ce6
[:slot1:storager] HI7A30   131112.6us hi=4b lo=4b mask=ff00 pc=009ce6 74b4=c9ca
[:slot1:storager] CTX   131112.6us [7a30] <= 4b4b pc=009ce6 IPL=7  <-- IN ISR
[:slot1:storager] A30   131115.8us [7a30] <= 4c4c pc=009ce6
[:slot1:storager] CTX   131115.8us [7a30] <= 4c4c pc=009ce6 IPL=7  <-- IN ISR
[:slot1:storager] SFLAG   131131.8us [7a36] <= 5151 pc=009ce6
[:slot1:storager] CTX   131131.8us [7a36] <= 5151 pc=009ce6 IPL=7  <-- IN ISR
[:slot1:storager] SFLAG   131135.0us [7a36] <= 5252 pc=009ce6
[:slot1:storager] CTX   131135.0us [7a36] <= 5252 pc=009ce6 IPL=7  <-- IN ISR
[:slot1:storager] SFLAG   131138.2us [7a38] <= 5353 pc=009ce6
[:slot1:storager] SFLAG   131141.4us [7a38] <= 5454 pc=009ce6
[:slot1:storager] GUARD   131157.4us [7a3e] <= 5959 pc=009ce6
[:slot1:storager] CTX   131157.4us [7a3e] <= 5959 pc=009ce6 IPL=7  <-- IN ISR
[:slot1:storager] GUARD   131160.6us [7a3e] <= 5a5a pc=009ce6
[:slot1:storager] CTX   131160.6us [7a3e] <= 5a5a pc=009ce6 IPL=7  <-- IN ISR
[:slot1:storager] GUARD   131163.8us [7a40] <= 5b5b pc=009ce6
[:slot1:storager] CTX   131163.8us [7a40] <= 5b5b pc=009ce6 IPL=7  <-- IN ISR
[:slot1:storager] GUARD   131167.0us [7a40] <= 5c5c pc=009ce6
[:slot1:storager] CTX   131167.0us [7a40] <= 5c5c pc=009ce6 IPL=7  <-- IN ISR
[:slot1:storager] TEMPCNT 7abc <= d7d7 mask=ff00 pc=009ce6
[:slot1:storager] TEMPCNT 7abc <= d8d8 mask=00ff pc=009ce6
[:slot1:storager] DESC   131567.0us [7abe] word<=d9d9 mask=ff00 pc=009ce6 | [7abe]=00000000 [7958]=72737475 [7abc]=d7d8
[:slot1:storager] TEMPCNT 7abe <= d9d9 mask=ff00 pc=009ce6
[:slot1:storager] DESC   131570.2us [7abe] word<=dada mask=00ff pc=009ce6 | [7abe]=d9000000 [7958]=72737475 [7abc]=d7d8
[:slot1:storager] TEMPCNT 7abe <= dada mask=00ff pc=009ce6
[:slot1:storager] DESC   131573.4us [7abe] word<=dbdb mask=ff00 pc=009ce6 | [7abe]=d9da0000 [7958]=72737475 [7abc]=d7d8
[:slot1:storager] DESC   131576.6us [7abe] word<=dcdc mask=00ff pc=009ce6 | [7abe]=d9dadb00 [7958]=72737475 [7abc]=d7d8
[:slot1:storager] AAPATH   131586.2us [7ac4] <= dfdf pc=009ce6  [7968]=8283
[:slot1:storager] AAPATH   131589.4us [7ac4] <= e0e0 pc=009ce6  [7968]=8283
[:slot1:storager] AAPATH   131829.6us [7b10] <= 2c2c pc=009ce6  [7968]=8283
[:slot1:storager] CTX   131829.6us [7b10] <= 2c2c pc=009ce6 IPL=7  <-- IN ISR
[:slot1:storager] AAPATH   131832.8us [7b10] <= 2d2d pc=009ce6  [7968]=8283
[:slot1:storager] CTX   131832.8us [7b10] <= 2d2d pc=009ce6 IPL=7  <-- IN ISR
[:slot1:storager] TEMP6000 rd  a=6000 mask=ff00 data=0102 pc=009cfa
[:slot1:storager] TEMP6000 rd  a=6000 mask=00ff data=0102 pc=009cfa
[:slot1:storager] TEMP6000 rd  a=6002 mask=ff00 data=0304 pc=009cfa
[:slot1:storager] TEMP6000 rd  a=6002 mask=00ff data=0304 pc=009cfa
[:slot1:storager] TEMP6000 rd  a=6004 mask=ff00 data=0506 pc=009cfa
[:slot1:storager] TEMP6000 rd  a=6004 mask=00ff data=0506 pc=009cfa
[:slot1:storager] TEMP6000 rd  a=6006 mask=ff00 data=0708 pc=009cfa
[:slot1:storager] TEMP6000 rd  a=6006 mask=00ff data=0708 pc=009cfa
[:slot1:storager] TEMP6000 rd  a=6008 mask=ff00 data=090a pc=009cfa
[:slot1:storager] TEMP6000 rd  a=6008 mask=00ff data=090a pc=009cfa
[:slot1:storager] TEMP6000 rd  a=600a mask=ff00 data=0b0c pc=009cfa
[:slot1:storager] TEMP6000 rd  a=600a mask=00ff data=0b0c pc=009cfa
[:slot1:storager] TEMP6000 rd  a=600c mask=ff00 data=0d0e pc=009cfa
[:slot1:storager] TEMP6000 rd  a=600c mask=00ff data=0d0e pc=009cfa
[:slot1:storager] TEMP6000 rd  a=600e mask=ff00 data=0f10 pc=009cfa
[:slot1:storager] TEMP6000 rd  a=600e mask=00ff data=0f10 pc=009cfa
[:slot1:storager] TEMP6000 rd  a=6010 mask=ff00 data=1112 pc=009cfa
[:slot1:storager] TEMP6000 rd  a=6010 mask=00ff data=1112 pc=009cfa
[:slot1:storager] TEMP6000 rd  a=6012 mask=ff00 data=1314 pc=009cfa
[:slot1:storager] TEMP6000 rd  a=6012 mask=00ff data=1314 pc=009cfa
[:slot1:storager] TEMP6000 rd  a=6014 mask=ff00 data=1516 pc=009cfa
[:slot1:storager] TEMP6000 rd  a=6014 mask=00ff data=1516 pc=009cfa
[:slot1:storager] TEMP6000 rd  a=6016 mask=ff00 data=1718 pc=009cfa
[:slot1:storager] TEMP6000 rd  a=6016 mask=00ff data=1718 pc=009cfa
[:slot1:storager] TEMP6000 rd  a=6018 mask=ff00 data=191a pc=009cfa
[:slot1:storager] TEMP6000 rd  a=6018 mask=00ff data=191a pc=009cfa
[:slot1:storager] TEMP6000 rd  a=601a mask=ff00 data=1b1c pc=009cfa
[:slot1:storager] TEMP6000 rd  a=601a mask=00ff data=1b1c pc=009cfa
[:slot1:storager] TEMP6000 rd  a=601c mask=ff00 data=1d1e pc=009cfa
[:slot1:storager] TEMP6000 rd  a=601c mask=00ff data=1d1e pc=009cfa
[:slot1:storager] TEMP6000 rd  a=601e mask=ff00 data=1f20 pc=009cfa
[:slot1:storager] TEMP6000 rd  a=601e mask=00ff data=1f20 pc=009cfa
[:slot1:storager] TEMP6000 rd  a=6020 mask=ff00 data=2122 pc=009cfa
[:slot1:storager] TEMP6000 rd  a=6020 mask=00ff data=2122 pc=009cfa
[:slot1:storager] TEMP6000 rd  a=6022 mask=ff00 data=2324 pc=009cfa
[:slot1:storager] TEMP6000 rd  a=6022 mask=00ff data=2324 pc=009cfa
[:slot1:storager] TEMP6000 rd  a=6024 mask=ff00 data=2526 pc=009cfa
[:slot1:storager] TEMP6000 rd  a=6024 mask=00ff data=2526 pc=009cfa
[:slot1:storager] TEMP6000 rd  a=6026 mask=ff00 data=2728 pc=009cfa
[:slot1:storager] TEMP6000 rd  a=6026 mask=00ff data=2728 pc=009cfa
[:slot1:storager] TEMP6000 rd  a=6028 mask=ff00 data=292a pc=009cfa
[:slot1:storager] TEMP6000 rd  a=6028 mask=00ff data=292a pc=009cfa
[:slot1:storager] TEMP6000 rd  a=602a mask=ff00 data=2b2c pc=009cfa
[:slot1:storager] TEMP6000 rd  a=602a mask=00ff data=2b2c pc=009cfa
[:slot1:storager] TEMP6000 rd  a=602c mask=ff00 data=2d2e pc=009cfa
[:slot1:storager] TEMP6000 rd  a=602c mask=00ff data=2d2e pc=009cfa
[:slot1:storager] TEMP6000 rd  a=602e mask=ff00 data=2f30 pc=009cfa
[:slot1:storager] TEMP6000 rd  a=602e mask=00ff data=2f30 pc=009cfa
[:slot1:storager] TEMP6000 rd  a=6030 mask=ff00 data=3132 pc=009cfa
[:slot1:storager] TEMP6000 rd  a=6030 mask=00ff data=3132 pc=009cfa
[:slot1:storager] TEMP6000 rd  a=6032 mask=ff00 data=3334 pc=009cfa
[:slot1:storager] TEMP6000 rd  a=6032 mask=00ff data=3334 pc=009cfa
[:slot1:storager] TEMP6000 rd  a=6034 mask=ff00 data=3536 pc=009cfa
[:slot1:storager] TEMP6000 rd  a=6034 mask=00ff data=3536 pc=009cfa
[:slot1:storager] TEMP6000 rd  a=6036 mask=ff00 data=3738 pc=009cfa
[:slot1:storager] TEMP6000 rd  a=6036 mask=00ff data=3738 pc=009cfa
[:slot1:storager] TEMP6000 rd  a=6038 mask=ff00 data=393a pc=009cfa
[:slot1:storager] TEMP6000 rd  a=6038 mask=00ff data=393a pc=009cfa
[:slot1:storager] TEMP6000 rd  a=603a mask=ff00 data=3b3c pc=009cfa
[:slot1:storager] TEMP6000 rd  a=603a mask=00ff data=3b3c pc=009cfa
[:slot1:storager] TEMP6000 rd  a=603c mask=ff00 data=3d3e pc=009cfa
[:slot1:storager] TEMP6000 rd  a=603c mask=00ff data=3d3e pc=009cfa
[:slot1:storager] TEMP6000 rd  a=603e mask=ff00 data=3f40 pc=009cfa
[:slot1:storager] TEMP6000 rd  a=603e mask=00ff data=3f40 pc=009cfa
[:slot1:storager] TEMP6000 rd  a=6040 mask=ff00 data=4142 pc=009cfa
[:slot1:storager] TEMP6000 rd  a=6040 mask=00ff data=4142 pc=009cfa
[:slot1:storager] TEMP6000 rd  a=6042 mask=ff00 data=4344 pc=009cfa
[:slot1:storager] TEMP6000 rd  a=6042 mask=00ff data=4344 pc=009cfa
[:slot1:storager] TEMP6000 rd  a=6044 mask=ff00 data=4546 pc=009cfa
[:slot1:storager] TEMP6000 rd  a=6044 mask=00ff data=4546 pc=009cfa
[:slot1:storager] TEMP6000 rd  a=6046 mask=ff00 data=4748 pc=009cfa
[:slot1:storager] TEMP6000 rd  a=6046 mask=00ff data=4748 pc=009cfa
[:slot1:storager] TEMP6000 rd  a=6048 mask=ff00 data=494a pc=009cfa
[:slot1:storager] TEMP6000 rd  a=6048 mask=00ff data=494a pc=009cfa
[:slot1:storager] TEMP6000 rd  a=604a mask=ff00 data=4b4c pc=009cfa
[:slot1:storager] TEMP6000 rd  a=604a mask=00ff data=4b4c pc=009cfa
[:slot1:storager] TEMP6000 rd  a=604c mask=ff00 data=4d4e pc=009cfa
[:slot1:storager] TEMP6000 rd  a=604c mask=00ff data=4d4e pc=009cfa
[:slot1:storager] TEMP6000 rd  a=604e mask=ff00 data=4f50 pc=009cfa
[:slot1:storager] TEMP6000 rd  a=604e mask=00ff data=4f50 pc=009cfa
[:slot1:storager] TEMP6000 rd  a=6050 mask=ff00 data=5152 pc=009cfa
[:slot1:storager] TEMP6000 rd  a=6050 mask=00ff data=5152 pc=009cfa
[:slot1:storager] TEMP6000 rd  a=6052 mask=ff00 data=5354 pc=009cfa
[:slot1:storager] TEMP6000 rd  a=6052 mask=00ff data=5354 pc=009cfa
[:slot1:storager] TEMP6000 rd  a=6054 mask=ff00 data=5556 pc=009cfa
[:slot1:storager] TEMP6000 rd  a=6054 mask=00ff data=5556 pc=009cfa
[:slot1:storager] TEMP6000 rd  a=6056 mask=ff00 data=5758 pc=009cfa
[:slot1:storager] TEMP6000 rd  a=6056 mask=00ff data=5758 pc=009cfa
[:slot1:storager] TEMP6000 rd  a=6058 mask=ff00 data=595a pc=009cfa
[:slot1:storager] TEMP6000 rd  a=6058 mask=00ff data=595a pc=009cfa
[:slot1:storager] TEMP6000 rd  a=605a mask=ff00 data=5b5c pc=009cfa
[:slot1:storager] TEMP6000 rd  a=605a mask=00ff data=5b5c pc=009cfa
[:slot1:storager] TEMP6000 rd  a=605c mask=ff00 data=5d5e pc=009cfa
[:slot1:storager] TEMP6000 rd  a=605c mask=00ff data=5d5e pc=009cfa
[:slot1:storager] TEMP6000 rd  a=605e mask=ff00 data=5f60 pc=009cfa
[:slot1:storager] TEMP6000 rd  a=605e mask=00ff data=5f60 pc=009cfa
[:slot1:storager] TEMP6000 rd  a=6060 mask=ff00 data=6162 pc=009cfa
[:slot1:storager] TEMP6000 rd  a=6060 mask=00ff data=6162 pc=009cfa
[:slot1:storager] TEMP6000 rd  a=6062 mask=ff00 data=6364 pc=009cfa
[:slot1:storager] TEMP6000 rd  a=6062 mask=00ff data=6364 pc=009cfa
[:slot1:storager] TEMP6000 rd  a=6064 mask=ff00 data=6566 pc=009cfa
[:slot1:storager] TEMP6000 rd  a=6064 mask=00ff data=6566 pc=009cfa
[:slot1:storager] TEMP6000 rd  a=6066 mask=ff00 data=6768 pc=009cfa
[:slot1:storager] TEMP6000 rd  a=6066 mask=00ff data=6768 pc=009cfa
[:slot1:storager] TEMP6000 rd  a=6068 mask=ff00 data=696a pc=009cfa
[:slot1:storager] TEMP6000 rd  a=6068 mask=00ff data=696a pc=009cfa
[:slot1:storager] TEMP6000 rd  a=606a mask=ff00 data=6b6c pc=009cfa
[:slot1:storager] TEMP6000 rd  a=606a mask=00ff data=6b6c pc=009cfa
[:slot1:storager] TEMP6000 rd  a=606c mask=ff00 data=6d6e pc=009cfa
[:slot1:storager] TEMP6000 rd  a=606c mask=00ff data=6d6e pc=009cfa
[:slot1:storager] TEMP6000 rd  a=606e mask=ff00 data=6f70 pc=009cfa
[:slot1:storager] TEMP6000 rd  a=606e mask=00ff data=6f70 pc=009cfa
[:slot1:storager] TEMP6000 rd  a=6070 mask=ff00 data=7172 pc=009cfa
[:slot1:storager] TEMP6000 rd  a=6070 mask=00ff data=7172 pc=009cfa
[:slot1:storager] TEMP6000 rd  a=6072 mask=ff00 data=7374 pc=009cfa
[:slot1:storager] TEMP6000 rd  a=6072 mask=00ff data=7374 pc=009cfa
[:slot1:storager] TEMP6000 rd  a=6074 mask=ff00 data=7576 pc=009cfa
[:slot1:storager] TEMP6000 rd  a=6074 mask=00ff data=7576 pc=009cfa
[:slot1:storager] TEMP6000 rd  a=6076 mask=ff00 data=7778 pc=009cfa
[:slot1:storager] TEMP6000 rd  a=6076 mask=00ff data=7778 pc=009cfa
[:slot1:storager] TEMP6000 rd  a=6078 mask=ff00 data=797a pc=009cfa
[:slot1:storager] TEMP6000 rd  a=6078 mask=00ff data=797a pc=009cfa
[:slot1:storager] TEMP6000 rd  a=607a mask=ff00 data=7b7c pc=009cfa
[:slot1:storager] TEMP6000 rd  a=607a mask=00ff data=7b7c pc=009cfa
[:slot1:storager] TEMP6000 rd  a=607c mask=ff00 data=7d7e pc=009cfa
[:slot1:storager] TEMP6000 rd  a=607c mask=00ff data=7d7e pc=009cfa
[:slot1:storager] TEMP6000 rd  a=607e mask=ff00 data=7f80 pc=009cfa
[:slot1:storager] TEMP6000 rd  a=607e mask=00ff data=7f80 pc=009cfa
[:slot1:storager] TEMP6000 rd  a=6080 mask=ff00 data=8182 pc=009cfa
[:slot1:storager] TEMP6000 rd  a=6080 mask=00ff data=8182 pc=009cfa
[:slot1:storager] TEMP6000 rd  a=6082 mask=ff00 data=8384 pc=009cfa
[:slot1:storager] TEMP6000 rd  a=6082 mask=00ff data=8384 pc=009cfa
[:slot1:storager] TEMP6000 rd  a=6084 mask=ff00 data=8586 pc=009cfa
[:slot1:storager] TEMP6000 rd  a=6084 mask=00ff data=8586 pc=009cfa
[:slot1:storager] TEMP6000 rd  a=6086 mask=ff00 data=8788 pc=009cfa
[:slot1:storager] TEMP6000 rd  a=6086 mask=00ff data=8788 pc=009cfa
[:slot1:storager] TEMP6000 rd  a=6088 mask=ff00 data=898a pc=009cfa
[:slot1:storager] TEMP6000 rd  a=6088 mask=00ff data=898a pc=009cfa
[:slot1:storager] TEMP6000 rd  a=608a mask=ff00 data=8b8c pc=009cfa
[:slot1:storager] TEMP6000 rd  a=608a mask=00ff data=8b8c pc=009cfa
[:slot1:storager] TEMP6000 rd  a=608c mask=ff00 data=8d8e pc=009cfa
[:slot1:storager] TEMP6000 rd  a=608c mask=00ff data=8d8e pc=009cfa
[:slot1:storager] TEMP6000 rd  a=608e mask=ff00 data=8f90 pc=009cfa
[:slot1:storager] TEMP6000 rd  a=608e mask=00ff data=8f90 pc=009cfa
[:slot1:storager] TEMP6000 rd  a=6090 mask=ff00 data=9192 pc=009cfa
[:slot1:storager] TEMP6000 rd  a=6090 mask=00ff data=9192 pc=009cfa
[:slot1:storager] TEMP6000 rd  a=6092 mask=ff00 data=9394 pc=009cfa
[:slot1:storager] TEMP6000 rd  a=6092 mask=00ff data=9394 pc=009cfa
[:slot1:storager] TEMP6000 rd  a=6094 mask=ff00 data=9596 pc=009cfa
[:slot1:storager] TEMP6000 rd  a=6094 mask=00ff data=9596 pc=009cfa
[:slot1:storager] TEMP6000 rd  a=6096 mask=ff00 data=9798 pc=009cfa
[:slot1:storager] TEMP6000 rd  a=6096 mask=00ff data=9798 pc=009cfa
[:slot1:storager] TEMP6000 rd  a=6098 mask=ff00 data=999a pc=009cfa
[:slot1:storager] TEMP6000 rd  a=6098 mask=00ff data=999a pc=009cfa
[:slot1:storager] TEMP6000 rd  a=609a mask=ff00 data=9b9c pc=009cfa
[:slot1:storager] TEMP6000 rd  a=609a mask=00ff data=9b9c pc=009cfa
[:slot1:storager] TEMP6000 rd  a=609c mask=ff00 data=9d9e pc=009cfa
[:slot1:storager] TEMP6000 rd  a=609c mask=00ff data=9d9e pc=009cfa
[:slot1:storager] TEMP6000 rd  a=609e mask=ff00 data=9fa0 pc=009cfa
[:slot1:storager] TEMP6000 rd  a=609e mask=00ff data=9fa0 pc=009cfa
[:slot1:storager] TEMP6000 rd  a=60a0 mask=ff00 data=a1a2 pc=009cfa
[:slot1:storager] TEMP6000 rd  a=60a0 mask=00ff data=a1a2 pc=009cfa
[:slot1:storager] TEMP6000 rd  a=60a2 mask=ff00 data=a3a4 pc=009cfa
[:slot1:storager] TEMP6000 rd  a=60a2 mask=00ff data=a3a4 pc=009cfa
[:slot1:storager] TEMP6000 rd  a=60a4 mask=ff00 data=a5a6 pc=009cfa
[:slot1:storager] TEMP6000 rd  a=60a4 mask=00ff data=a5a6 pc=009cfa
[:slot1:storager] TEMP6000 rd  a=60a6 mask=ff00 data=a7a8 pc=009cfa
[:slot1:storager] TEMP6000 rd  a=60a6 mask=00ff data=a7a8 pc=009cfa
[:slot1:storager] TEMP6000 rd  a=60a8 mask=ff00 data=a9aa pc=009cfa
[:slot1:storager] TEMP6000 rd  a=60a8 mask=00ff data=a9aa pc=009cfa
[:slot1:storager] TEMP6000 rd  a=60aa mask=ff00 data=abac pc=009cfa
[:slot1:storager] TEMP6000 rd  a=60aa mask=00ff data=abac pc=009cfa
[:slot1:storager] TEMP6000 rd  a=60ac mask=ff00 data=adae pc=009cfa
[:slot1:storager] TEMP6000 rd  a=60ac mask=00ff data=adae pc=009cfa
[:slot1:storager] TEMP6000 rd  a=60ae mask=ff00 data=afb0 pc=009cfa
[:slot1:storager] TEMP6000 rd  a=60ae mask=00ff data=afb0 pc=009cfa
[:slot1:storager] TEMP6000 rd  a=60b0 mask=ff00 data=b1b2 pc=009cfa
[:slot1:storager] TEMP6000 rd  a=60b0 mask=00ff data=b1b2 pc=009cfa
[:slot1:storager] TEMP6000 rd  a=60b2 mask=ff00 data=b3b4 pc=009cfa
[:slot1:storager] TEMP6000 rd  a=60b2 mask=00ff data=b3b4 pc=009cfa
[:slot1:storager] TEMP6000 rd  a=60b4 mask=ff00 data=b5b6 pc=009cfa
[:slot1:storager] TEMP6000 rd  a=60b4 mask=00ff data=b5b6 pc=009cfa
[:slot1:storager] TEMP6000 rd  a=60b6 mask=ff00 data=b7b8 pc=009cfa
[:slot1:storager] TEMP6000 rd  a=60b6 mask=00ff data=b7b8 pc=009cfa
[:slot1:storager] TEMP6000 rd  a=60b8 mask=ff00 data=b9ba pc=009cfa
[:slot1:storager] TEMP6000 rd  a=60b8 mask=00ff data=b9ba pc=009cfa
[:slot1:storager] TEMP6000 rd  a=60ba mask=ff00 data=bbbc pc=009cfa
[:slot1:storager] TEMP6000 rd  a=60ba mask=00ff data=bbbc pc=009cfa
[:slot1:storager] TEMP6000 rd  a=60bc mask=ff00 data=bdbe pc=009cfa
[:slot1:storager] TEMP6000 rd  a=60bc mask=00ff data=bdbe pc=009cfa
[:slot1:storager] TEMP6000 rd  a=60be mask=ff00 data=bfc0 pc=009cfa
[:slot1:storager] TEMP6000 rd  a=60be mask=00ff data=bfc0 pc=009cfa
[:slot1:storager] TEMP6000 rd  a=60c0 mask=ff00 data=c1c2 pc=009cfa
[:slot1:storager] TEMP6000 rd  a=60c0 mask=00ff data=c1c2 pc=009cfa
[:slot1:storager] TEMP6000 rd  a=60c2 mask=ff00 data=c3c4 pc=009cfa
[:slot1:storager] TEMP6000 rd  a=60c2 mask=00ff data=c3c4 pc=009cfa
[:slot1:storager] TEMP6000 rd  a=60c4 mask=ff00 data=c5c6 pc=009cfa
[:slot1:storager] TEMP6000 rd  a=60c4 mask=00ff data=c5c6 pc=009cfa
[:slot1:storager] TEMP6000 rd  a=60c6 mask=ff00 data=c7c8 pc=009cfa
[:slot1:storager] TEMP6000 rd  a=60c6 mask=00ff data=c7c8 pc=009cfa
[:slot1:storager] TEMP6000 rd  a=60c8 mask=ff00 data=c9ca pc=009cfa
[:slot1:storager] TEMP6000 rd  a=60c8 mask=00ff data=c9ca pc=009cfa
[:slot1:storager] TEMP6000 rd  a=60ca mask=ff00 data=cbcc pc=009cfa
[:slot1:storager] TEMP6000 rd  a=60ca mask=00ff data=cbcc pc=009cfa
[:slot1:storager] TEMP6000 rd  a=60cc mask=ff00 data=cdce pc=009cfa
[:slot1:storager] TEMP6000 rd  a=60cc mask=00ff data=cdce pc=009cfa
[:slot1:storager] TEMP6000 rd  a=60ce mask=ff00 data=cfd0 pc=009cfa
[:slot1:storager] TEMP6000 rd  a=60ce mask=00ff data=cfd0 pc=009cfa
[:slot1:storager] TEMP6000 rd  a=60d0 mask=ff00 data=d1d2 pc=009cfa
[:slot1:storager] TEMP6000 rd  a=60d0 mask=00ff data=d1d2 pc=009cfa
[:slot1:storager] TEMP6000 rd  a=60d2 mask=ff00 data=d3d4 pc=009cfa
[:slot1:storager] TEMP6000 rd  a=60d2 mask=00ff data=d3d4 pc=009cfa
[:slot1:storager] TEMP6000 rd  a=60d4 mask=ff00 data=d5d6 pc=009cfa
[:slot1:storager] TEMP6000 rd  a=60d4 mask=00ff data=d5d6 pc=009cfa
[:slot1:storager] TEMP6000 rd  a=60d6 mask=ff00 data=d7d8 pc=009cfa
[:slot1:storager] TEMP6000 rd  a=60d6 mask=00ff data=d7d8 pc=009cfa
[:slot1:storager] TEMP6000 rd  a=60d8 mask=ff00 data=d9da pc=009cfa
[:slot1:storager] TEMP6000 rd  a=60d8 mask=00ff data=d9da pc=009cfa
[:slot1:storager] TEMP6000 rd  a=60da mask=ff00 data=dbdc pc=009cfa
[:slot1:storager] TEMP6000 rd  a=60da mask=00ff data=dbdc pc=009cfa
[:slot1:storager] TEMP6000 rd  a=60dc mask=ff00 data=ddde pc=009cfa
[:slot1:storager] TEMP6000 rd  a=60dc mask=00ff data=ddde pc=009cfa
[:slot1:storager] TEMP6000 rd  a=60de mask=ff00 data=dfe0 pc=009cfa
[:slot1:storager] TEMP6000 rd  a=60de mask=00ff data=dfe0 pc=009cfa
[:slot1:storager] TEMP6000 rd  a=60e0 mask=ff00 data=e1e2 pc=009cfa
[:slot1:storager] TEMP6000 rd  a=60e0 mask=00ff data=e1e2 pc=009cfa
[:slot1:storager] TEMP6000 rd  a=60e2 mask=ff00 data=e3e4 pc=009cfa
[:slot1:storager] TEMP6000 rd  a=60e2 mask=00ff data=e3e4 pc=009cfa
[:slot1:storager] TEMP6000 rd  a=60e4 mask=ff00 data=e5e6 pc=009cfa
[:slot1:storager] TEMP6000 rd  a=60e4 mask=00ff data=e5e6 pc=009cfa
[:slot1:storager] TEMP6000 rd  a=60e6 mask=ff00 data=e7e8 pc=009cfa
[:slot1:storager] TEMP6000 rd  a=60e6 mask=00ff data=e7e8 pc=009cfa
[:slot1:storager] TEMP6000 rd  a=60e8 mask=ff00 data=e9ea pc=009cfa
[:slot1:storager] TEMP6000 rd  a=60e8 mask=00ff data=e9ea pc=009cfa
[:slot1:storager] TEMP6000 rd  a=60ea mask=ff00 data=ebec pc=009cfa
[:slot1:storager] TEMP6000 rd  a=60ea mask=00ff data=ebec pc=009cfa
[:slot1:storager] TEMP6000 rd  a=60ec mask=ff00 data=edee pc=009cfa
[:slot1:storager] TEMP6000 rd  a=60ec mask=00ff data=edee pc=009cfa
[:slot1:storager] TEMP6000 rd  a=60ee mask=ff00 data=eff0 pc=009cfa
[:slot1:storager] TEMP6000 rd  a=60ee mask=00ff data=eff0 pc=009cfa
[:slot1:storager] TEMP6000 rd  a=60f0 mask=ff00 data=f1f2 pc=009cfa
[:slot1:storager] TEMP6000 rd  a=60f0 mask=00ff data=f1f2 pc=009cfa
[:slot1:storager] TEMP6000 rd  a=60f2 mask=ff00 data=f3f4 pc=009cfa
[:slot1:storager] TEMP6000 rd  a=60f2 mask=00ff data=f3f4 pc=009cfa
[:slot1:storager] TEMP6000 rd  a=60f4 mask=ff00 data=f5f6 pc=009cfa
[:slot1:storager] TEMP6000 rd  a=60f4 mask=00ff data=f5f6 pc=009cfa
[:slot1:storager] TEMP6000 rd  a=60f6 mask=ff00 data=f7f8 pc=009cfa
[:slot1:storager] TEMP6000 rd  a=60f6 mask=00ff data=f7f8 pc=009cfa
[:slot1:storager] TEMP6000 rd  a=60f8 mask=ff00 data=f9fa pc=009cfa
[:slot1:storager] TEMP6000 rd  a=60f8 mask=00ff data=f9fa pc=009cfa
[:slot1:storager] TEMP6000 rd  a=60fa mask=ff00 data=fbfc pc=009cfa
[:slot1:storager] TEMP6000 rd  a=60fa mask=00ff data=fbfc pc=009cfa
[:slot1:storager] TEMP6000 rd  a=60fc mask=ff00 data=fdfe pc=009cfa
[:slot1:storager] TEMP6000 rd  a=60fc mask=00ff data=fdfe pc=009cfa
[:slot1:storager] TEMP6000 rd  a=60fe mask=ff00 data=ff01 pc=009cfa
[:slot1:storager] TEMP6000 rd  a=60fe mask=00ff data=ff01 pc=009cfa
[:slot1:storager] TEMP6000 WR  a=6000 data=0000 mask=ff00 pc=009d10
[:slot1:storager] TEMP6000 WR  a=6000 data=0000 mask=00ff pc=009d10
[:slot1:storager] TEMP6000 WR  a=6002 data=0000 mask=ff00 pc=009d10
[:slot1:storager] TEMP6000 WR  a=6002 data=0000 mask=00ff pc=009d10
[:slot1:storager] TEMP6000 WR  a=6004 data=0000 mask=ff00 pc=009d10
[:slot1:storager] TEMP6000 WR  a=6004 data=0000 mask=00ff pc=009d10
[:slot1:storager] TEMP6000 WR  a=6006 data=0000 mask=ff00 pc=009d10
[:slot1:storager] TEMP6000 WR  a=6006 data=0000 mask=00ff pc=009d10
[:slot1:storager] TEMP6000 WR  a=6008 data=0000 mask=ff00 pc=009d10
[:slot1:storager] TEMP6000 WR  a=6008 data=0000 mask=00ff pc=009d10
[:slot1:storager] TEMP6000 WR  a=600a data=0000 mask=ff00 pc=009d10
[:slot1:storager] TEMP6000 WR  a=600a data=0000 mask=00ff pc=009d10
[:slot1:storager] TEMP6000 WR  a=600c data=0000 mask=ff00 pc=009d10
[:slot1:storager] TEMP6000 WR  a=600c data=0000 mask=00ff pc=009d10
[:slot1:storager] TEMP6000 WR  a=600e data=0000 mask=ff00 pc=009d10
[:slot1:storager] TEMP6000 WR  a=600e data=0000 mask=00ff pc=009d10
[:slot1:storager] TEMP6000 WR  a=6010 data=0000 mask=ff00 pc=009d10
[:slot1:storager] TEMP6000 WR  a=6010 data=0000 mask=00ff pc=009d10
[:slot1:storager] TEMP6000 WR  a=6012 data=0000 mask=ff00 pc=009d10
[:slot1:storager] TEMP6000 WR  a=6012 data=0000 mask=00ff pc=009d10
[:slot1:storager] TEMP6000 WR  a=6014 data=0000 mask=ff00 pc=009d10
[:slot1:storager] TEMP6000 WR  a=6014 data=0000 mask=00ff pc=009d10
[:slot1:storager] TEMP6000 WR  a=6016 data=0000 mask=ff00 pc=009d10
[:slot1:storager] TEMP6000 WR  a=6016 data=0000 mask=00ff pc=009d10
[:slot1:storager] TEMP6000 WR  a=6018 data=0000 mask=ff00 pc=009d10
[:slot1:storager] TEMP6000 WR  a=6018 data=0000 mask=00ff pc=009d10
[:slot1:storager] TEMP6000 WR  a=601a data=0000 mask=ff00 pc=009d10
[:slot1:storager] TEMP6000 WR  a=601a data=0000 mask=00ff pc=009d10
[:slot1:storager] TEMP6000 WR  a=601c data=0000 mask=ff00 pc=009d10
[:slot1:storager] TEMP6000 WR  a=601c data=0000 mask=00ff pc=009d10
[:slot1:storager] TEMP6000 WR  a=601e data=0000 mask=ff00 pc=009d10
[:slot1:storager] TEMP6000 WR  a=601e data=0000 mask=00ff pc=009d10
[:slot1:storager] TEMP6000 WR  a=6020 data=0000 mask=ff00 pc=009d10
[:slot1:storager] TEMP6000 WR  a=6020 data=0000 mask=00ff pc=009d10
[:slot1:storager] TEMP6000 WR  a=6022 data=0000 mask=ff00 pc=009d10
[:slot1:storager] TEMP6000 WR  a=6022 data=0000 mask=00ff pc=009d10
[:slot1:storager] TEMP6000 WR  a=6024 data=0000 mask=ff00 pc=009d10
[:slot1:storager] TEMP6000 WR  a=6024 data=0000 mask=00ff pc=009d10
[:slot1:storager] TEMP6000 WR  a=6026 data=0000 mask=ff00 pc=009d10
[:slot1:storager] TEMP6000 WR  a=6026 data=0000 mask=00ff pc=009d10
[:slot1:storager] TEMP6000 WR  a=6028 data=0000 mask=ff00 pc=009d10
[:slot1:storager] TEMP6000 WR  a=6028 data=0000 mask=00ff pc=009d10
[:slot1:storager] TEMP6000 WR  a=602a data=0000 mask=ff00 pc=009d10
[:slot1:storager] TEMP6000 WR  a=602a data=0000 mask=00ff pc=009d10
[:slot1:storager] TEMP6000 WR  a=602c data=0000 mask=ff00 pc=009d10
[:slot1:storager] TEMP6000 WR  a=602c data=0000 mask=00ff pc=009d10
[:slot1:storager] TEMP6000 WR  a=602e data=0000 mask=ff00 pc=009d10
[:slot1:storager] TEMP6000 WR  a=602e data=0000 mask=00ff pc=009d10
[:slot1:storager] TEMP6000 WR  a=6030 data=0000 mask=ff00 pc=009d10
[:slot1:storager] TEMP6000 WR  a=6030 data=0000 mask=00ff pc=009d10
[:slot1:storager] TEMP6000 WR  a=6032 data=0000 mask=ff00 pc=009d10
[:slot1:storager] TEMP6000 WR  a=6032 data=0000 mask=00ff pc=009d10
[:slot1:storager] TEMP6000 WR  a=6034 data=0000 mask=ff00 pc=009d10
[:slot1:storager] TEMP6000 WR  a=6034 data=0000 mask=00ff pc=009d10
[:slot1:storager] TEMP6000 WR  a=6036 data=0000 mask=ff00 pc=009d10
[:slot1:storager] TEMP6000 WR  a=6036 data=0000 mask=00ff pc=009d10
[:slot1:storager] TEMP6000 WR  a=6038 data=0000 mask=ff00 pc=009d10
[:slot1:storager] TEMP6000 WR  a=6038 data=0000 mask=00ff pc=009d10
[:slot1:storager] TEMP6000 WR  a=603a data=0000 mask=ff00 pc=009d10
[:slot1:storager] TEMP6000 WR  a=603a data=0000 mask=00ff pc=009d10
[:slot1:storager] TEMP6000 WR  a=603c data=0000 mask=ff00 pc=009d10
[:slot1:storager] TEMP6000 WR  a=603c data=0000 mask=00ff pc=009d10
[:slot1:storager] TEMP6000 WR  a=603e data=0000 mask=ff00 pc=009d10
[:slot1:storager] TEMP6000 WR  a=603e data=0000 mask=00ff pc=009d10
[:slot1:storager] TEMP6000 WR  a=6040 data=0000 mask=ff00 pc=009d10
[:slot1:storager] TEMP6000 WR  a=6040 data=0000 mask=00ff pc=009d10
[:slot1:storager] TEMP6000 WR  a=6042 data=0000 mask=ff00 pc=009d10
[:slot1:storager] TEMP6000 WR  a=6042 data=0000 mask=00ff pc=009d10
[:slot1:storager] TEMP6000 WR  a=6044 data=0000 mask=ff00 pc=009d10
[:slot1:storager] TEMP6000 WR  a=6044 data=0000 mask=00ff pc=009d10
[:slot1:storager] TEMP6000 WR  a=6046 data=0000 mask=ff00 pc=009d10
[:slot1:storager] TEMP6000 WR  a=6046 data=0000 mask=00ff pc=009d10
[:slot1:storager] TEMP6000 WR  a=6048 data=0000 mask=ff00 pc=009d10
[:slot1:storager] TEMP6000 WR  a=6048 data=0000 mask=00ff pc=009d10
[:slot1:storager] TEMP6000 WR  a=604a data=0000 mask=ff00 pc=009d10
[:slot1:storager] TEMP6000 WR  a=604a data=0000 mask=00ff pc=009d10
[:slot1:storager] TEMP6000 WR  a=604c data=0000 mask=ff00 pc=009d10
[:slot1:storager] TEMP6000 WR  a=604c data=0000 mask=00ff pc=009d10
[:slot1:storager] TEMP6000 WR  a=604e data=0000 mask=ff00 pc=009d10
[:slot1:storager] TEMP6000 WR  a=604e data=0000 mask=00ff pc=009d10
[:slot1:storager] TEMP6000 WR  a=6050 data=0000 mask=ff00 pc=009d10
[:slot1:storager] TEMP6000 WR  a=6050 data=0000 mask=00ff pc=009d10
[:slot1:storager] TEMP6000 WR  a=6052 data=0000 mask=ff00 pc=009d10
[:slot1:storager] TEMP6000 WR  a=6052 data=0000 mask=00ff pc=009d10
[:slot1:storager] TEMP6000 WR  a=6054 data=0000 mask=ff00 pc=009d10
[:slot1:storager] TEMP6000 WR  a=6054 data=0000 mask=00ff pc=009d10
[:slot1:storager] TEMP6000 WR  a=6056 data=0000 mask=ff00 pc=009d10
[:slot1:storager] TEMP6000 WR  a=6056 data=0000 mask=00ff pc=009d10
[:slot1:storager] TEMP6000 WR  a=6058 data=0000 mask=ff00 pc=009d10
[:slot1:storager] TEMP6000 WR  a=6058 data=0000 mask=00ff pc=009d10
[:slot1:storager] TEMP6000 WR  a=605a data=0000 mask=ff00 pc=009d10
[:slot1:storager] TEMP6000 WR  a=605a data=0000 mask=00ff pc=009d10
[:slot1:storager] TEMP6000 WR  a=605c data=0000 mask=ff00 pc=009d10
[:slot1:storager] TEMP6000 WR  a=605c data=0000 mask=00ff pc=009d10
[:slot1:storager] TEMP6000 WR  a=605e data=0000 mask=ff00 pc=009d10
[:slot1:storager] TEMP6000 WR  a=605e data=0000 mask=00ff pc=009d10
[:slot1:storager] TEMP6000 WR  a=6060 data=0000 mask=ff00 pc=009d10
[:slot1:storager] TEMP6000 WR  a=6060 data=0000 mask=00ff pc=009d10
[:slot1:storager] TEMP6000 WR  a=6062 data=0000 mask=ff00 pc=009d10
[:slot1:storager] TEMP6000 WR  a=6062 data=0000 mask=00ff pc=009d10
[:slot1:storager] TEMP6000 WR  a=6064 data=0000 mask=ff00 pc=009d10
[:slot1:storager] TEMP6000 WR  a=6064 data=0000 mask=00ff pc=009d10
[:slot1:storager] TEMP6000 WR  a=6066 data=0000 mask=ff00 pc=009d10
[:slot1:storager] TEMP6000 WR  a=6066 data=0000 mask=00ff pc=009d10
[:slot1:storager] TEMP6000 WR  a=6068 data=0000 mask=ff00 pc=009d10
[:slot1:storager] TEMP6000 WR  a=6068 data=0000 mask=00ff pc=009d10
[:slot1:storager] TEMP6000 WR  a=606a data=0000 mask=ff00 pc=009d10
[:slot1:storager] TEMP6000 WR  a=606a data=0000 mask=00ff pc=009d10
[:slot1:storager] TEMP6000 WR  a=606c data=0000 mask=ff00 pc=009d10
[:slot1:storager] TEMP6000 WR  a=606c data=0000 mask=00ff pc=009d10
[:slot1:storager] TEMP6000 WR  a=606e data=0000 mask=ff00 pc=009d10
[:slot1:storager] TEMP6000 WR  a=606e data=0000 mask=00ff pc=009d10
[:slot1:storager] TEMP6000 WR  a=6070 data=0000 mask=ff00 pc=009d10
[:slot1:storager] TEMP6000 WR  a=6070 data=0000 mask=00ff pc=009d10
[:slot1:storager] TEMP6000 WR  a=6072 data=0000 mask=ff00 pc=009d10
[:slot1:storager] TEMP6000 WR  a=6072 data=0000 mask=00ff pc=009d10
[:slot1:storager] TEMP6000 WR  a=6074 data=0000 mask=ff00 pc=009d10
[:slot1:storager] TEMP6000 WR  a=6074 data=0000 mask=00ff pc=009d10
[:slot1:storager] TEMP6000 WR  a=6076 data=0000 mask=ff00 pc=009d10
[:slot1:storager] TEMP6000 WR  a=6076 data=0000 mask=00ff pc=009d10
[:slot1:storager] TEMP6000 WR  a=6078 data=0000 mask=ff00 pc=009d10
[:slot1:storager] TEMP6000 WR  a=6078 data=0000 mask=00ff pc=009d10
[:slot1:storager] TEMP6000 WR  a=607a data=0000 mask=ff00 pc=009d10
[:slot1:storager] TEMP6000 WR  a=607a data=0000 mask=00ff pc=009d10
[:slot1:storager] TEMP6000 WR  a=607c data=0000 mask=ff00 pc=009d10
[:slot1:storager] TEMP6000 WR  a=607c data=0000 mask=00ff pc=009d10
[:slot1:storager] TEMP6000 WR  a=607e data=0000 mask=ff00 pc=009d10
[:slot1:storager] TEMP6000 WR  a=607e data=0000 mask=00ff pc=009d10
[:slot1:storager] TEMP6000 WR  a=6080 data=0000 mask=ff00 pc=009d10
[:slot1:storager] TEMP6000 WR  a=6080 data=0000 mask=00ff pc=009d10
[:slot1:storager] TEMP6000 WR  a=6082 data=0000 mask=ff00 pc=009d10
[:slot1:storager] TEMP6000 WR  a=6082 data=0000 mask=00ff pc=009d10
[:slot1:storager] TEMP6000 WR  a=6084 data=0000 mask=ff00 pc=009d10
[:slot1:storager] TEMP6000 WR  a=6084 data=0000 mask=00ff pc=009d10
[:slot1:storager] TEMP6000 WR  a=6086 data=0000 mask=ff00 pc=009d10
[:slot1:storager] TEMP6000 WR  a=6086 data=0000 mask=00ff pc=009d10
[:slot1:storager] TEMP6000 WR  a=6088 data=0000 mask=ff00 pc=009d10
[:slot1:storager] TEMP6000 WR  a=6088 data=0000 mask=00ff pc=009d10
[:slot1:storager] TEMP6000 WR  a=608a data=0000 mask=ff00 pc=009d10
[:slot1:storager] TEMP6000 WR  a=608a data=0000 mask=00ff pc=009d10
[:slot1:storager] TEMP6000 WR  a=608c data=0000 mask=ff00 pc=009d10
[:slot1:storager] TEMP6000 WR  a=608c data=0000 mask=00ff pc=009d10
[:slot1:storager] TEMP6000 WR  a=608e data=0000 mask=ff00 pc=009d10
[:slot1:storager] TEMP6000 WR  a=608e data=0000 mask=00ff pc=009d10
[:slot1:storager] TEMP6000 WR  a=6090 data=0000 mask=ff00 pc=009d10
[:slot1:storager] TEMP6000 WR  a=6090 data=0000 mask=00ff pc=009d10
[:slot1:storager] TEMP6000 WR  a=6092 data=0000 mask=ff00 pc=009d10
[:slot1:storager] TEMP6000 WR  a=6092 data=0000 mask=00ff pc=009d10
[:slot1:storager] TEMP6000 WR  a=6094 data=0000 mask=ff00 pc=009d10
[:slot1:storager] TEMP6000 WR  a=6094 data=0000 mask=00ff pc=009d10
[:slot1:storager] TEMP6000 WR  a=6096 data=0000 mask=ff00 pc=009d10
[:slot1:storager] TEMP6000 WR  a=6096 data=0000 mask=00ff pc=009d10
[:slot1:storager] TEMP6000 WR  a=6098 data=0000 mask=ff00 pc=009d10
[:slot1:storager] TEMP6000 WR  a=6098 data=0000 mask=00ff pc=009d10
[:slot1:storager] TEMP6000 WR  a=609a data=0000 mask=ff00 pc=009d10
[:slot1:storager] TEMP6000 WR  a=609a data=0000 mask=00ff pc=009d10
[:slot1:storager] TEMP6000 WR  a=609c data=0000 mask=ff00 pc=009d10
[:slot1:storager] TEMP6000 WR  a=609c data=0000 mask=00ff pc=009d10
[:slot1:storager] TEMP6000 WR  a=609e data=0000 mask=ff00 pc=009d10
[:slot1:storager] TEMP6000 WR  a=609e data=0000 mask=00ff pc=009d10
[:slot1:storager] TEMP6000 WR  a=60a0 data=0000 mask=ff00 pc=009d10
[:slot1:storager] TEMP6000 WR  a=60a0 data=0000 mask=00ff pc=009d10
[:slot1:storager] TEMP6000 WR  a=60a2 data=0000 mask=ff00 pc=009d10
[:slot1:storager] TEMP6000 WR  a=60a2 data=0000 mask=00ff pc=009d10
[:slot1:storager] TEMP6000 WR  a=60a4 data=0000 mask=ff00 pc=009d10
[:slot1:storager] TEMP6000 WR  a=60a4 data=0000 mask=00ff pc=009d10
[:slot1:storager] TEMP6000 WR  a=60a6 data=0000 mask=ff00 pc=009d10
[:slot1:storager] TEMP6000 WR  a=60a6 data=0000 mask=00ff pc=009d10
[:slot1:storager] TEMP6000 WR  a=60a8 data=0000 mask=ff00 pc=009d10
[:slot1:storager] TEMP6000 WR  a=60a8 data=0000 mask=00ff pc=009d10
[:slot1:storager] TEMP6000 WR  a=60aa data=0000 mask=ff00 pc=009d10
[:slot1:storager] TEMP6000 WR  a=60aa data=0000 mask=00ff pc=009d10
[:slot1:storager] TEMP6000 WR  a=60ac data=0000 mask=ff00 pc=009d10
[:slot1:storager] TEMP6000 WR  a=60ac data=0000 mask=00ff pc=009d10
[:slot1:storager] TEMP6000 WR  a=60ae data=0000 mask=ff00 pc=009d10
[:slot1:storager] TEMP6000 WR  a=60ae data=0000 mask=00ff pc=009d10
[:slot1:storager] TEMP6000 WR  a=60b0 data=0000 mask=ff00 pc=009d10
[:slot1:storager] TEMP6000 WR  a=60b0 data=0000 mask=00ff pc=009d10
[:slot1:storager] TEMP6000 WR  a=60b2 data=0000 mask=ff00 pc=009d10
[:slot1:storager] TEMP6000 WR  a=60b2 data=0000 mask=00ff pc=009d10
[:slot1:storager] TEMP6000 WR  a=60b4 data=0000 mask=ff00 pc=009d10
[:slot1:storager] TEMP6000 WR  a=60b4 data=0000 mask=00ff pc=009d10
[:slot1:storager] TEMP6000 WR  a=60b6 data=0000 mask=ff00 pc=009d10
[:slot1:storager] TEMP6000 WR  a=60b6 data=0000 mask=00ff pc=009d10
[:slot1:storager] TEMP6000 WR  a=60b8 data=0000 mask=ff00 pc=009d10
[:slot1:storager] TEMP6000 WR  a=60b8 data=0000 mask=00ff pc=009d10
[:slot1:storager] TEMP6000 WR  a=60ba data=0000 mask=ff00 pc=009d10
[:slot1:storager] TEMP6000 WR  a=60ba data=0000 mask=00ff pc=009d10
[:slot1:storager] TEMP6000 WR  a=60bc data=0000 mask=ff00 pc=009d10
[:slot1:storager] TEMP6000 WR  a=60bc data=0000 mask=00ff pc=009d10
[:slot1:storager] TEMP6000 WR  a=60be data=0000 mask=ff00 pc=009d10
[:slot1:storager] TEMP6000 WR  a=60be data=0000 mask=00ff pc=009d10
[:slot1:storager] TEMP6000 WR  a=60c0 data=0000 mask=ff00 pc=009d10
[:slot1:storager] TEMP6000 WR  a=60c0 data=0000 mask=00ff pc=009d10
[:slot1:storager] TEMP6000 WR  a=60c2 data=0000 mask=ff00 pc=009d10
[:slot1:storager] TEMP6000 WR  a=60c2 data=0000 mask=00ff pc=009d10
[:slot1:storager] TEMP6000 WR  a=60c4 data=0000 mask=ff00 pc=009d10
[:slot1:storager] TEMP6000 WR  a=60c4 data=0000 mask=00ff pc=009d10
[:slot1:storager] TEMP6000 WR  a=60c6 data=0000 mask=ff00 pc=009d10
[:slot1:storager] TEMP6000 WR  a=60c6 data=0000 mask=00ff pc=009d10
[:slot1:storager] TEMP6000 WR  a=60c8 data=0000 mask=ff00 pc=009d10
[:slot1:storager] TEMP6000 WR  a=60c8 data=0000 mask=00ff pc=009d10
[:slot1:storager] TEMP6000 WR  a=60ca data=0000 mask=ff00 pc=009d10
[:slot1:storager] TEMP6000 WR  a=60ca data=0000 mask=00ff pc=009d10
[:slot1:storager] TEMP6000 WR  a=60cc data=0000 mask=ff00 pc=009d10
[:slot1:storager] TEMP6000 WR  a=60cc data=0000 mask=00ff pc=009d10
[:slot1:storager] TEMP6000 WR  a=60ce data=0000 mask=ff00 pc=009d10
[:slot1:storager] TEMP6000 WR  a=60ce data=0000 mask=00ff pc=009d10
[:slot1:storager] TEMP6000 WR  a=60d0 data=0000 mask=ff00 pc=009d10
[:slot1:storager] TEMP6000 WR  a=60d0 data=0000 mask=00ff pc=009d10
[:slot1:storager] TEMP6000 WR  a=60d2 data=0000 mask=ff00 pc=009d10
[:slot1:storager] TEMP6000 WR  a=60d2 data=0000 mask=00ff pc=009d10
[:slot1:storager] TEMP6000 WR  a=60d4 data=0000 mask=ff00 pc=009d10
[:slot1:storager] TEMP6000 WR  a=60d4 data=0000 mask=00ff pc=009d10
[:slot1:storager] TEMP6000 WR  a=60d6 data=0000 mask=ff00 pc=009d10
[:slot1:storager] TEMP6000 WR  a=60d6 data=0000 mask=00ff pc=009d10
[:slot1:storager] TEMP6000 WR  a=60d8 data=0000 mask=ff00 pc=009d10
[:slot1:storager] TEMP6000 WR  a=60d8 data=0000 mask=00ff pc=009d10
[:slot1:storager] TEMP6000 WR  a=60da data=0000 mask=ff00 pc=009d10
[:slot1:storager] TEMP6000 WR  a=60da data=0000 mask=00ff pc=009d10
[:slot1:storager] TEMP6000 WR  a=60dc data=0000 mask=ff00 pc=009d10
[:slot1:storager] TEMP6000 WR  a=60dc data=0000 mask=00ff pc=009d10
[:slot1:storager] TEMP6000 WR  a=60de data=0000 mask=ff00 pc=009d10
[:slot1:storager] TEMP6000 WR  a=60de data=0000 mask=00ff pc=009d10
[:slot1:storager] TEMP6000 WR  a=60e0 data=0000 mask=ff00 pc=009d10
[:slot1:storager] TEMP6000 WR  a=60e0 data=0000 mask=00ff pc=009d10
[:slot1:storager] TEMP6000 WR  a=60e2 data=0000 mask=ff00 pc=009d10
[:slot1:storager] TEMP6000 WR  a=60e2 data=0000 mask=00ff pc=009d10
[:slot1:storager] TEMP6000 WR  a=60e4 data=0000 mask=ff00 pc=009d10
[:slot1:storager] TEMP6000 WR  a=60e4 data=0000 mask=00ff pc=009d10
[:slot1:storager] TEMP6000 WR  a=60e6 data=0000 mask=ff00 pc=009d10
[:slot1:storager] TEMP6000 WR  a=60e6 data=0000 mask=00ff pc=009d10
[:slot1:storager] TEMP6000 WR  a=60e8 data=0000 mask=ff00 pc=009d10
[:slot1:storager] TEMP6000 WR  a=60e8 data=0000 mask=00ff pc=009d10
[:slot1:storager] TEMP6000 WR  a=60ea data=0000 mask=ff00 pc=009d10
[:slot1:storager] TEMP6000 WR  a=60ea data=0000 mask=00ff pc=009d10
[:slot1:storager] TEMP6000 WR  a=60ec data=0000 mask=ff00 pc=009d10
[:slot1:storager] TEMP6000 WR  a=60ec data=0000 mask=00ff pc=009d10
[:slot1:storager] TEMP6000 WR  a=60ee data=0000 mask=ff00 pc=009d10
[:slot1:storager] TEMP6000 WR  a=60ee data=0000 mask=00ff pc=009d10
[:slot1:storager] TEMP6000 WR  a=60f0 data=0000 mask=ff00 pc=009d10
[:slot1:storager] TEMP6000 WR  a=60f0 data=0000 mask=00ff pc=009d10
[:slot1:storager] TEMP6000 WR  a=60f2 data=0000 mask=ff00 pc=009d10
[:slot1:storager] TEMP6000 WR  a=60f2 data=0000 mask=00ff pc=009d10
[:slot1:storager] TEMP6000 WR  a=60f4 data=0000 mask=ff00 pc=009d10
[:slot1:storager] TEMP6000 WR  a=60f4 data=0000 mask=00ff pc=009d10
[:slot1:storager] TEMP6000 WR  a=60f6 data=0000 mask=ff00 pc=009d10
[:slot1:storager] TEMP6000 WR  a=60f6 data=0000 mask=00ff pc=009d10
[:slot1:storager] TEMP6000 WR  a=60f8 data=0000 mask=ff00 pc=009d10
[:slot1:storager] TEMP6000 WR  a=60f8 data=0000 mask=00ff pc=009d10
[:slot1:storager] TEMP6000 WR  a=60fa data=0000 mask=ff00 pc=009d10
[:slot1:storager] TEMP6000 WR  a=60fa data=0000 mask=00ff pc=009d10
[:slot1:storager] TEMP6000 WR  a=60fc data=0000 mask=ff00 pc=009d10
[:slot1:storager] TEMP6000 WR  a=60fc data=0000 mask=00ff pc=009d10
[:slot1:storager] TEMP6000 WR  a=60fe data=0000 mask=ff00 pc=009d10
[:slot1:storager] TEMP6000 WR  a=60fe data=0000 mask=00ff pc=009d10
[:slot1:storager] UIB20   171648.2us [6e80] <= 0000 pc=009d10
[:slot1:storager] UIB20   171650.0us [6e80] <= 0000 pc=009d10
[:slot1:storager] NODE20   173289.8us [7210] <= 0000 pc=009d10
[:slot1:storager] NODE20   173291.6us [7210] <= 0000 pc=009d10
[:slot1:storager] PHASE   173300.6us [7216] <= 0000 pc=009d10
[:slot1:storager] PHASE   173302.4us [7216] <= 0000 pc=009d10
[:slot1:storager] PHASE   173487.8us [727e] <= 0000 pc=009d10
[:slot1:storager] CTX   173487.8us [727e] <= 0000 pc=009d10 IPL=7  <-- IN ISR
[:slot1:storager] PHASE   173489.6us [727e] <= 0000 pc=009d10
[:slot1:storager] CTX   173489.6us [727e] <= 0000 pc=009d10 IPL=7  <-- IN ISR
[:slot1:storager] GATE72A6   173559.8us <= 0000 pc=009d10 74b4=c9ca phase=0000
[:slot1:storager] GATE72A6   173561.6us <= 0000 pc=009d10 74b4=c9ca phase=0000
[:slot1:storager] QHEAD   173916.2us [736c] <= 0000 pc=009d10
[:slot1:storager] QHEAD   173918.0us [736c] <= 0000 pc=009d10
[:slot1:storager] QHEAD   173919.8us [736e] <= 0000 pc=009d10
[:slot1:storager] QHEAD   173921.6us [736e] <= 0000 pc=009d10
[:slot1:storager] QHEAD   173923.4us [7370] <= 0000 pc=009d10
[:slot1:storager] QHEAD   173925.2us [7370] <= 0000 pc=009d10
[:slot1:storager] QHEAD   173927.0us [7372] <= 0000 pc=009d10
[:slot1:storager] QHEAD   173928.8us [7372] <= 0000 pc=009d10
[:slot1:storager] XSTATE   174233.0us [741c] <= 0000
[:slot1:storager] PHASE   174233.0us [741c] <= 0000 pc=009d10
[:slot1:storager] CTX   174233.0us [741c] <= 0000 pc=009d10 IPL=7  <-- IN ISR
[:slot1:storager] XSTATE   174234.8us [741c] <= 0000
[:slot1:storager] PHASE   174234.8us [741c] <= 0000 pc=009d10
[:slot1:storager] CTX   174234.8us [741c] <= 0000 pc=009d10 IPL=7  <-- IN ISR
[:slot1:storager] BUFPTR   174236.6us [741e] <= 0000 (byte 0000) pc=009d10
[:slot1:storager] CTX   174236.6us [741e] <= 0000 pc=009d10 IPL=7  <-- IN ISR
[:slot1:storager] BUFPTR   174238.4us [741e] <= 0000 (byte 0000) pc=009d10
[:slot1:storager] CTX   174238.4us [741e] <= 0000 pc=009d10 IPL=7  <-- IN ISR
[:slot1:storager] CTX   174247.4us [7424] <= 0000 pc=009d10 IPL=7  <-- IN ISR
[:slot1:storager] CTX   174249.2us [7424] <= 0000 pc=009d10 IPL=7  <-- IN ISR
[:slot1:storager] ACCEPT   174254.6us [7428] <= 0000 pc=009d10
[:slot1:storager] CTX   174254.6us [7428] <= 0000 pc=009d10 IPL=7  <-- IN ISR
[:slot1:storager] ACCEPT   174256.4us [7428] <= 0000 pc=009d10
[:slot1:storager] CTX   174256.4us [7428] <= 0000 pc=009d10 IPL=7  <-- IN ISR
[:slot1:storager] SCAN   174269.0us halted at pos=0   (byte 6b) [7956]=7071 | ledger: 6b 6c 6d 6e 6f 70 71 72 73 74 75 76 77 78 79 7a 7b 7c 7d 7e 7f 80 81 82 83 84 85 86 87 88 
[:slot1:storager] SCAN   174270.8us halted at pos=0   (byte 6b) [7956]=7071 | ledger: 6b 6c 6d 6e 6f 70 71 72 73 74 75 76 77 78 79 7a 7b 7c 7d 7e 7f 80 81 82 83 84 85 86 87 88 
[:slot1:storager] XSTATE   174287.0us [743a] <= 0000
[:slot1:storager] XSTATE   174288.8us [743a] <= 0000
[:slot1:storager] XSTATE   174333.8us [7454] <= 0000
[:slot1:storager] XSTATE   174335.6us [7454] <= 0000
[:slot1:storager] I7462   174359.0us [7462] <= 0000 pc=009d10
[:slot1:storager] I7462   174360.8us [7462] <= 0000 pc=009d10
[:slot1:storager] POOL   174492.2us [74ac] <= 0000 pc=009d10
[:slot1:storager] CTX   174492.2us [74ac] <= 0000 pc=009d10 IPL=7  <-- IN ISR
[:slot1:storager] POOL   174494.0us [74ac] <= 0000 pc=009d10
[:slot1:storager] CTX   174494.0us [74ac] <= 0000 pc=009d10 IPL=7  <-- IN ISR
[:slot1:storager] XSTATE   174506.6us [74b4] <= 0000
[:slot1:storager] XSTATE   174508.4us [74b4] <= 0000
[:slot1:storager] REMAIN   176641.4us [7956] <= 0000 pc=009d10
[:slot1:storager] REMAIN   176643.2us [7956] <= 0000 pc=009d10
[:slot1:storager] DESC   176645.0us [7958] word<=0000 mask=ff00 pc=009d10 | [7abe]=d9dadbdc [7958]=72737475 [7abc]=d7d8
[:slot1:storager] DESC   176646.8us [7958] word<=0000 mask=00ff pc=009d10 | [7abe]=d9dadbdc [7958]=00737475 [7abc]=d7d8
[:slot1:storager] DESC   176648.6us [7958] word<=0000 mask=ff00 pc=009d10 | [7abe]=d9dadbdc [7958]=00007475 [7abc]=d7d8
[:slot1:storager] DESC   176650.4us [7958] word<=0000 mask=00ff pc=009d10 | [7abe]=d9dadbdc [7958]=00000075 [7abc]=d7d8
[:slot1:storager] XSTATE   176673.8us [7968] <= 0000
[:slot1:storager] PHASE   176673.8us [7968] <= 0000 pc=009d10
[:slot1:storager] CTX   176673.8us [7968] <= 0000 pc=009d10 IPL=7  <-- IN ISR
[:slot1:storager] XSTATE   176675.6us [7968] <= 0000
[:slot1:storager] PHASE   176675.6us [7968] <= 0000 pc=009d10
[:slot1:storager] CTX   176675.6us [7968] <= 0000 pc=009d10 IPL=7  <-- IN ISR
[:slot1:storager] CTX   176681.0us [796c] <= 0000 pc=009d10 IPL=7  <-- IN ISR
[:slot1:storager] CTX   176682.8us [796c] <= 0000 pc=009d10 IPL=7  <-- IN ISR
[:slot1:storager] SEEKF   176742.2us [798e] <= 0000 pc=009d10
[:slot1:storager] CTX   176742.2us [798e] <= 0000 pc=009d10 IPL=7  <-- IN ISR
[:slot1:storager] SEEKF   176744.0us [798e] <= 0000 pc=009d10
[:slot1:storager] CTX   176744.0us [798e] <= 0000 pc=009d10 IPL=7  <-- IN ISR
[:slot1:storager] SEEKF   176745.8us [7990] <= 0000 pc=009d10
[:slot1:storager] SEEKF   176747.6us [7990] <= 0000 pc=009d10
[:slot1:storager] CUR   176763.8us [799a] <= 0000 pc=009d10
[:slot1:storager] CUR   176765.6us [799a] <= 0000 pc=009d10
[:slot1:storager] CNT   176778.2us [79a2] <= 0000 pc=009d10
[:slot1:storager] CNT   176780.0us [79a2] <= 0000 pc=009d10
[:slot1:storager] CNT   176781.8us [79a4] <= 0000 pc=009d10
[:slot1:storager] CNT   176783.6us [79a4] <= 0000 pc=009d10
[:slot1:storager] XSTATE   176994.2us [7a1a] <= 0000
[:slot1:storager] XSTATE   176996.0us [7a1a] <= 0000
[:slot1:storager] A30   177033.8us [7a30] <= 0000 pc=009d10
[:slot1:storager] HI7A30   177033.8us hi=00 lo=00 mask=ff00 pc=009d10 74b4=0000
[:slot1:storager] CTX   177033.8us [7a30] <= 0000 pc=009d10 IPL=7  <-- IN ISR
[:slot1:storager] A30   177035.6us [7a30] <= 0000 pc=009d10
[:slot1:storager] CTX   177035.6us [7a30] <= 0000 pc=009d10 IPL=7  <-- IN ISR
[:slot1:storager] SFLAG   177044.6us [7a36] <= 0000 pc=009d10
[:slot1:storager] CTX   177044.6us [7a36] <= 0000 pc=009d10 IPL=7  <-- IN ISR
[:slot1:storager] SFLAG   177046.4us [7a36] <= 0000 pc=009d10
[:slot1:storager] CTX   177046.4us [7a36] <= 0000 pc=009d10 IPL=7  <-- IN ISR
[:slot1:storager] SFLAG   177048.2us [7a38] <= 0000 pc=009d10
[:slot1:storager] SFLAG   177050.0us [7a38] <= 0000 pc=009d10
[:slot1:storager] GUARD   177059.0us [7a3e] <= 0000 pc=009d10
[:slot1:storager] CTX   177059.0us [7a3e] <= 0000 pc=009d10 IPL=7  <-- IN ISR
[:slot1:storager] GUARD   177060.8us [7a3e] <= 0000 pc=009d10
[:slot1:storager] CTX   177060.8us [7a3e] <= 0000 pc=009d10 IPL=7  <-- IN ISR
[:slot1:storager] GUARD   177062.6us [7a40] <= 0000 pc=009d10
[:slot1:storager] CTX   177062.6us [7a40] <= 0000 pc=009d10 IPL=7  <-- IN ISR
[:slot1:storager] GUARD   177064.4us [7a40] <= 0000 pc=009d10
[:slot1:storager] CTX   177064.4us [7a40] <= 0000 pc=009d10 IPL=7  <-- IN ISR
[:slot1:storager] TEMPCNT 7abc <= 0000 mask=ff00 pc=009d10
[:slot1:storager] TEMPCNT 7abc <= 0000 mask=00ff pc=009d10
[:slot1:storager] DESC   177289.4us [7abe] word<=0000 mask=ff00 pc=009d10 | [7abe]=d9dadbdc [7958]=00000000 [7abc]=0000
[:slot1:storager] TEMPCNT 7abe <= 0000 mask=ff00 pc=009d10
[:slot1:storager] DESC   177291.2us [7abe] word<=0000 mask=00ff pc=009d10 | [7abe]=00dadbdc [7958]=00000000 [7abc]=0000
[:slot1:storager] TEMPCNT 7abe <= 0000 mask=00ff pc=009d10
[:slot1:storager] DESC   177293.0us [7abe] word<=0000 mask=ff00 pc=009d10 | [7abe]=0000dbdc [7958]=00000000 [7abc]=0000
[:slot1:storager] DESC   177294.8us [7abe] word<=0000 mask=00ff pc=009d10 | [7abe]=000000dc [7958]=00000000 [7abc]=0000
[:slot1:storager] AAPATH   177300.2us [7ac4] <= 0000 pc=009d10  [7968]=0000
[:slot1:storager] AAPATH   177302.0us [7ac4] <= 0000 pc=009d10  [7968]=0000
[:slot1:storager] AAPATH   177437.0us [7b10] <= 0000 pc=009d10  [7968]=0000
[:slot1:storager] CTX   177437.0us [7b10] <= 0000 pc=009d10 IPL=7  <-- IN ISR
[:slot1:storager] AAPATH   177438.8us [7b10] <= 0000 pc=009d10  [7968]=0000
[:slot1:storager] CTX   177438.8us [7b10] <= 0000 pc=009d10 IPL=7  <-- IN ISR
[:slot1:storager] TEMP6000 rd  a=6000 mask=ff00 data=0000 pc=009d1c
[:slot1:storager] TEMP6000 rd  a=6000 mask=00ff data=0000 pc=009d1c
[:slot1:storager] TEMP6000 rd  a=6002 mask=ff00 data=0000 pc=009d1c
[:slot1:storager] TEMP6000 rd  a=6002 mask=00ff data=0000 pc=009d1c
[:slot1:storager] TEMP6000 rd  a=6004 mask=ff00 data=0000 pc=009d1c
[:slot1:storager] TEMP6000 rd  a=6004 mask=00ff data=0000 pc=009d1c
[:slot1:storager] TEMP6000 rd  a=6006 mask=ff00 data=0000 pc=009d1c
[:slot1:storager] TEMP6000 rd  a=6006 mask=00ff data=0000 pc=009d1c
[:slot1:storager] TEMP6000 rd  a=6008 mask=ff00 data=0000 pc=009d1c
[:slot1:storager] TEMP6000 rd  a=6008 mask=00ff data=0000 pc=009d1c
[:slot1:storager] TEMP6000 rd  a=600a mask=ff00 data=0000 pc=009d1c
[:slot1:storager] TEMP6000 rd  a=600a mask=00ff data=0000 pc=009d1c
[:slot1:storager] TEMP6000 rd  a=600c mask=ff00 data=0000 pc=009d1c
[:slot1:storager] TEMP6000 rd  a=600c mask=00ff data=0000 pc=009d1c
[:slot1:storager] TEMP6000 rd  a=600e mask=ff00 data=0000 pc=009d1c
[:slot1:storager] TEMP6000 rd  a=600e mask=00ff data=0000 pc=009d1c
[:slot1:storager] TEMP6000 rd  a=6010 mask=ff00 data=0000 pc=009d1c
[:slot1:storager] TEMP6000 rd  a=6010 mask=00ff data=0000 pc=009d1c
[:slot1:storager] TEMP6000 rd  a=6012 mask=ff00 data=0000 pc=009d1c
[:slot1:storager] TEMP6000 rd  a=6012 mask=00ff data=0000 pc=009d1c
[:slot1:storager] TEMP6000 rd  a=6014 mask=ff00 data=0000 pc=009d1c
[:slot1:storager] TEMP6000 rd  a=6014 mask=00ff data=0000 pc=009d1c
[:slot1:storager] TEMP6000 rd  a=6016 mask=ff00 data=0000 pc=009d1c
[:slot1:storager] TEMP6000 rd  a=6016 mask=00ff data=0000 pc=009d1c
[:slot1:storager] TEMP6000 rd  a=6018 mask=ff00 data=0000 pc=009d1c
[:slot1:storager] TEMP6000 rd  a=6018 mask=00ff data=0000 pc=009d1c
[:slot1:storager] TEMP6000 rd  a=601a mask=ff00 data=0000 pc=009d1c
[:slot1:storager] TEMP6000 rd  a=601a mask=00ff data=0000 pc=009d1c
[:slot1:storager] TEMP6000 rd  a=601c mask=ff00 data=0000 pc=009d1c
[:slot1:storager] TEMP6000 rd  a=601c mask=00ff data=0000 pc=009d1c
[:slot1:storager] TEMP6000 rd  a=601e mask=ff00 data=0000 pc=009d1c
[:slot1:storager] TEMP6000 rd  a=601e mask=00ff data=0000 pc=009d1c
[:slot1:storager] TEMP6000 rd  a=6020 mask=ff00 data=0000 pc=009d1c
[:slot1:storager] TEMP6000 rd  a=6020 mask=00ff data=0000 pc=009d1c
[:slot1:storager] TEMP6000 rd  a=6022 mask=ff00 data=0000 pc=009d1c
[:slot1:storager] TEMP6000 rd  a=6022 mask=00ff data=0000 pc=009d1c
[:slot1:storager] TEMP6000 rd  a=6024 mask=ff00 data=0000 pc=009d1c
[:slot1:storager] TEMP6000 rd  a=6024 mask=00ff data=0000 pc=009d1c
[:slot1:storager] TEMP6000 rd  a=6026 mask=ff00 data=0000 pc=009d1c
[:slot1:storager] TEMP6000 rd  a=6026 mask=00ff data=0000 pc=009d1c
[:slot1:storager] TEMP6000 rd  a=6028 mask=ff00 data=0000 pc=009d1c
[:slot1:storager] TEMP6000 rd  a=6028 mask=00ff data=0000 pc=009d1c
[:slot1:storager] TEMP6000 rd  a=602a mask=ff00 data=0000 pc=009d1c
[:slot1:storager] TEMP6000 rd  a=602a mask=00ff data=0000 pc=009d1c
[:slot1:storager] TEMP6000 rd  a=602c mask=ff00 data=0000 pc=009d1c
[:slot1:storager] TEMP6000 rd  a=602c mask=00ff data=0000 pc=009d1c
[:slot1:storager] TEMP6000 rd  a=602e mask=ff00 data=0000 pc=009d1c
[:slot1:storager] TEMP6000 rd  a=602e mask=00ff data=0000 pc=009d1c
[:slot1:storager] TEMP6000 rd  a=6030 mask=ff00 data=0000 pc=009d1c
[:slot1:storager] TEMP6000 rd  a=6030 mask=00ff data=0000 pc=009d1c
[:slot1:storager] TEMP6000 rd  a=6032 mask=ff00 data=0000 pc=009d1c
[:slot1:storager] TEMP6000 rd  a=6032 mask=00ff data=0000 pc=009d1c
[:slot1:storager] TEMP6000 rd  a=6034 mask=ff00 data=0000 pc=009d1c
[:slot1:storager] TEMP6000 rd  a=6034 mask=00ff data=0000 pc=009d1c
[:slot1:storager] TEMP6000 rd  a=6036 mask=ff00 data=0000 pc=009d1c
[:slot1:storager] TEMP6000 rd  a=6036 mask=00ff data=0000 pc=009d1c
[:slot1:storager] TEMP6000 rd  a=6038 mask=ff00 data=0000 pc=009d1c
[:slot1:storager] TEMP6000 rd  a=6038 mask=00ff data=0000 pc=009d1c
[:slot1:storager] TEMP6000 rd  a=603a mask=ff00 data=0000 pc=009d1c
[:slot1:storager] TEMP6000 rd  a=603a mask=00ff data=0000 pc=009d1c
[:slot1:storager] TEMP6000 rd  a=603c mask=ff00 data=0000 pc=009d1c
[:slot1:storager] TEMP6000 rd  a=603c mask=00ff data=0000 pc=009d1c
[:slot1:storager] TEMP6000 rd  a=603e mask=ff00 data=0000 pc=009d1c
[:slot1:storager] TEMP6000 rd  a=603e mask=00ff data=0000 pc=009d1c
[:slot1:storager] TEMP6000 rd  a=6040 mask=ff00 data=0000 pc=009d1c
[:slot1:storager] TEMP6000 rd  a=6040 mask=00ff data=0000 pc=009d1c
[:slot1:storager] TEMP6000 rd  a=6042 mask=ff00 data=0000 pc=009d1c
[:slot1:storager] TEMP6000 rd  a=6042 mask=00ff data=0000 pc=009d1c
[:slot1:storager] TEMP6000 rd  a=6044 mask=ff00 data=0000 pc=009d1c
[:slot1:storager] TEMP6000 rd  a=6044 mask=00ff data=0000 pc=009d1c
[:slot1:storager] TEMP6000 rd  a=6046 mask=ff00 data=0000 pc=009d1c
[:slot1:storager] TEMP6000 rd  a=6046 mask=00ff data=0000 pc=009d1c
[:slot1:storager] TEMP6000 rd  a=6048 mask=ff00 data=0000 pc=009d1c
[:slot1:storager] TEMP6000 rd  a=6048 mask=00ff data=0000 pc=009d1c
[:slot1:storager] TEMP6000 rd  a=604a mask=ff00 data=0000 pc=009d1c
[:slot1:storager] TEMP6000 rd  a=604a mask=00ff data=0000 pc=009d1c
[:slot1:storager] TEMP6000 rd  a=604c mask=ff00 data=0000 pc=009d1c
[:slot1:storager] TEMP6000 rd  a=604c mask=00ff data=0000 pc=009d1c
[:slot1:storager] TEMP6000 rd  a=604e mask=ff00 data=0000 pc=009d1c
[:slot1:storager] TEMP6000 rd  a=604e mask=00ff data=0000 pc=009d1c
[:slot1:storager] TEMP6000 rd  a=6050 mask=ff00 data=0000 pc=009d1c
[:slot1:storager] TEMP6000 rd  a=6050 mask=00ff data=0000 pc=009d1c
[:slot1:storager] TEMP6000 rd  a=6052 mask=ff00 data=0000 pc=009d1c
[:slot1:storager] TEMP6000 rd  a=6052 mask=00ff data=0000 pc=009d1c
[:slot1:storager] TEMP6000 rd  a=6054 mask=ff00 data=0000 pc=009d1c
[:slot1:storager] TEMP6000 rd  a=6054 mask=00ff data=0000 pc=009d1c
[:slot1:storager] TEMP6000 rd  a=6056 mask=ff00 data=0000 pc=009d1c
[:slot1:storager] TEMP6000 rd  a=6056 mask=00ff data=0000 pc=009d1c
[:slot1:storager] TEMP6000 rd  a=6058 mask=ff00 data=0000 pc=009d1c
[:slot1:storager] TEMP6000 rd  a=6058 mask=00ff data=0000 pc=009d1c
[:slot1:storager] TEMP6000 rd  a=605a mask=ff00 data=0000 pc=009d1c
[:slot1:storager] TEMP6000 rd  a=605a mask=00ff data=0000 pc=009d1c
[:slot1:storager] TEMP6000 rd  a=605c mask=ff00 data=0000 pc=009d1c
[:slot1:storager] TEMP6000 rd  a=605c mask=00ff data=0000 pc=009d1c
[:slot1:storager] TEMP6000 rd  a=605e mask=ff00 data=0000 pc=009d1c
[:slot1:storager] TEMP6000 rd  a=605e mask=00ff data=0000 pc=009d1c
[:slot1:storager] TEMP6000 rd  a=6060 mask=ff00 data=0000 pc=009d1c
[:slot1:storager] TEMP6000 rd  a=6060 mask=00ff data=0000 pc=009d1c
[:slot1:storager] TEMP6000 rd  a=6062 mask=ff00 data=0000 pc=009d1c
[:slot1:storager] TEMP6000 rd  a=6062 mask=00ff data=0000 pc=009d1c
[:slot1:storager] TEMP6000 rd  a=6064 mask=ff00 data=0000 pc=009d1c
[:slot1:storager] TEMP6000 rd  a=6064 mask=00ff data=0000 pc=009d1c
[:slot1:storager] TEMP6000 rd  a=6066 mask=ff00 data=0000 pc=009d1c
[:slot1:storager] TEMP6000 rd  a=6066 mask=00ff data=0000 pc=009d1c
[:slot1:storager] TEMP6000 rd  a=6068 mask=ff00 data=0000 pc=009d1c
[:slot1:storager] TEMP6000 rd  a=6068 mask=00ff data=0000 pc=009d1c
[:slot1:storager] TEMP6000 rd  a=606a mask=ff00 data=0000 pc=009d1c
[:slot1:storager] TEMP6000 rd  a=606a mask=00ff data=0000 pc=009d1c
[:slot1:storager] TEMP6000 rd  a=606c mask=ff00 data=0000 pc=009d1c
[:slot1:storager] TEMP6000 rd  a=606c mask=00ff data=0000 pc=009d1c
[:slot1:storager] TEMP6000 rd  a=606e mask=ff00 data=0000 pc=009d1c
[:slot1:storager] TEMP6000 rd  a=606e mask=00ff data=0000 pc=009d1c
[:slot1:storager] TEMP6000 rd  a=6070 mask=ff00 data=0000 pc=009d1c
[:slot1:storager] TEMP6000 rd  a=6070 mask=00ff data=0000 pc=009d1c
[:slot1:storager] TEMP6000 rd  a=6072 mask=ff00 data=0000 pc=009d1c
[:slot1:storager] TEMP6000 rd  a=6072 mask=00ff data=0000 pc=009d1c
[:slot1:storager] TEMP6000 rd  a=6074 mask=ff00 data=0000 pc=009d1c
[:slot1:storager] TEMP6000 rd  a=6074 mask=00ff data=0000 pc=009d1c
[:slot1:storager] TEMP6000 rd  a=6076 mask=ff00 data=0000 pc=009d1c
[:slot1:storager] TEMP6000 rd  a=6076 mask=00ff data=0000 pc=009d1c
[:slot1:storager] TEMP6000 rd  a=6078 mask=ff00 data=0000 pc=009d1c
[:slot1:storager] TEMP6000 rd  a=6078 mask=00ff data=0000 pc=009d1c
[:slot1:storager] TEMP6000 rd  a=607a mask=ff00 data=0000 pc=009d1c
[:slot1:storager] TEMP6000 rd  a=607a mask=00ff data=0000 pc=009d1c
[:slot1:storager] TEMP6000 rd  a=607c mask=ff00 data=0000 pc=009d1c
[:slot1:storager] TEMP6000 rd  a=607c mask=00ff data=0000 pc=009d1c
[:slot1:storager] TEMP6000 rd  a=607e mask=ff00 data=0000 pc=009d1c
[:slot1:storager] TEMP6000 rd  a=607e mask=00ff data=0000 pc=009d1c
[:slot1:storager] TEMP6000 rd  a=6080 mask=ff00 data=0000 pc=009d1c
[:slot1:storager] TEMP6000 rd  a=6080 mask=00ff data=0000 pc=009d1c
[:slot1:storager] TEMP6000 rd  a=6082 mask=ff00 data=0000 pc=009d1c
[:slot1:storager] TEMP6000 rd  a=6082 mask=00ff data=0000 pc=009d1c
[:slot1:storager] TEMP6000 rd  a=6084 mask=ff00 data=0000 pc=009d1c
[:slot1:storager] TEMP6000 rd  a=6084 mask=00ff data=0000 pc=009d1c
[:slot1:storager] TEMP6000 rd  a=6086 mask=ff00 data=0000 pc=009d1c
[:slot1:storager] TEMP6000 rd  a=6086 mask=00ff data=0000 pc=009d1c
[:slot1:storager] TEMP6000 rd  a=6088 mask=ff00 data=0000 pc=009d1c
[:slot1:storager] TEMP6000 rd  a=6088 mask=00ff data=0000 pc=009d1c
[:slot1:storager] TEMP6000 rd  a=608a mask=ff00 data=0000 pc=009d1c
[:slot1:storager] TEMP6000 rd  a=608a mask=00ff data=0000 pc=009d1c
[:slot1:storager] TEMP6000 rd  a=608c mask=ff00 data=0000 pc=009d1c
[:slot1:storager] TEMP6000 rd  a=608c mask=00ff data=0000 pc=009d1c
[:slot1:storager] TEMP6000 rd  a=608e mask=ff00 data=0000 pc=009d1c
[:slot1:storager] TEMP6000 rd  a=608e mask=00ff data=0000 pc=009d1c
[:slot1:storager] TEMP6000 rd  a=6090 mask=ff00 data=0000 pc=009d1c
[:slot1:storager] TEMP6000 rd  a=6090 mask=00ff data=0000 pc=009d1c
[:slot1:storager] TEMP6000 rd  a=6092 mask=ff00 data=0000 pc=009d1c
[:slot1:storager] TEMP6000 rd  a=6092 mask=00ff data=0000 pc=009d1c
[:slot1:storager] TEMP6000 rd  a=6094 mask=ff00 data=0000 pc=009d1c
[:slot1:storager] TEMP6000 rd  a=6094 mask=00ff data=0000 pc=009d1c
[:slot1:storager] TEMP6000 rd  a=6096 mask=ff00 data=0000 pc=009d1c
[:slot1:storager] TEMP6000 rd  a=6096 mask=00ff data=0000 pc=009d1c
[:slot1:storager] TEMP6000 rd  a=6098 mask=ff00 data=0000 pc=009d1c
[:slot1:storager] TEMP6000 rd  a=6098 mask=00ff data=0000 pc=009d1c
[:slot1:storager] TEMP6000 rd  a=609a mask=ff00 data=0000 pc=009d1c
[:slot1:storager] TEMP6000 rd  a=609a mask=00ff data=0000 pc=009d1c
[:slot1:storager] TEMP6000 rd  a=609c mask=ff00 data=0000 pc=009d1c
[:slot1:storager] TEMP6000 rd  a=609c mask=00ff data=0000 pc=009d1c
[:slot1:storager] TEMP6000 rd  a=609e mask=ff00 data=0000 pc=009d1c
[:slot1:storager] TEMP6000 rd  a=609e mask=00ff data=0000 pc=009d1c
[:slot1:storager] TEMP6000 rd  a=60a0 mask=ff00 data=0000 pc=009d1c
[:slot1:storager] TEMP6000 rd  a=60a0 mask=00ff data=0000 pc=009d1c
[:slot1:storager] TEMP6000 rd  a=60a2 mask=ff00 data=0000 pc=009d1c
[:slot1:storager] TEMP6000 rd  a=60a2 mask=00ff data=0000 pc=009d1c
[:slot1:storager] TEMP6000 rd  a=60a4 mask=ff00 data=0000 pc=009d1c
[:slot1:storager] TEMP6000 rd  a=60a4 mask=00ff data=0000 pc=009d1c
[:slot1:storager] TEMP6000 rd  a=60a6 mask=ff00 data=0000 pc=009d1c
[:slot1:storager] TEMP6000 rd  a=60a6 mask=00ff data=0000 pc=009d1c
[:slot1:storager] TEMP6000 rd  a=60a8 mask=ff00 data=0000 pc=009d1c
[:slot1:storager] TEMP6000 rd  a=60a8 mask=00ff data=0000 pc=009d1c
[:slot1:storager] TEMP6000 rd  a=60aa mask=ff00 data=0000 pc=009d1c
[:slot1:storager] TEMP6000 rd  a=60aa mask=00ff data=0000 pc=009d1c
[:slot1:storager] TEMP6000 rd  a=60ac mask=ff00 data=0000 pc=009d1c
[:slot1:storager] TEMP6000 rd  a=60ac mask=00ff data=0000 pc=009d1c
[:slot1:storager] TEMP6000 rd  a=60ae mask=ff00 data=0000 pc=009d1c
[:slot1:storager] TEMP6000 rd  a=60ae mask=00ff data=0000 pc=009d1c
[:slot1:storager] TEMP6000 rd  a=60b0 mask=ff00 data=0000 pc=009d1c
[:slot1:storager] TEMP6000 rd  a=60b0 mask=00ff data=0000 pc=009d1c
[:slot1:storager] TEMP6000 rd  a=60b2 mask=ff00 data=0000 pc=009d1c
[:slot1:storager] TEMP6000 rd  a=60b2 mask=00ff data=0000 pc=009d1c
[:slot1:storager] TEMP6000 rd  a=60b4 mask=ff00 data=0000 pc=009d1c
[:slot1:storager] TEMP6000 rd  a=60b4 mask=00ff data=0000 pc=009d1c
[:slot1:storager] TEMP6000 rd  a=60b6 mask=ff00 data=0000 pc=009d1c
[:slot1:storager] TEMP6000 rd  a=60b6 mask=00ff data=0000 pc=009d1c
[:slot1:storager] TEMP6000 rd  a=60b8 mask=ff00 data=0000 pc=009d1c
[:slot1:storager] TEMP6000 rd  a=60b8 mask=00ff data=0000 pc=009d1c
[:slot1:storager] TEMP6000 rd  a=60ba mask=ff00 data=0000 pc=009d1c
[:slot1:storager] TEMP6000 rd  a=60ba mask=00ff data=0000 pc=009d1c
[:slot1:storager] TEMP6000 rd  a=60bc mask=ff00 data=0000 pc=009d1c
[:slot1:storager] TEMP6000 rd  a=60bc mask=00ff data=0000 pc=009d1c
[:slot1:storager] TEMP6000 rd  a=60be mask=ff00 data=0000 pc=009d1c
[:slot1:storager] TEMP6000 rd  a=60be mask=00ff data=0000 pc=009d1c
[:slot1:storager] TEMP6000 rd  a=60c0 mask=ff00 data=0000 pc=009d1c
[:slot1:storager] TEMP6000 rd  a=60c0 mask=00ff data=0000 pc=009d1c
[:slot1:storager] TEMP6000 rd  a=60c2 mask=ff00 data=0000 pc=009d1c
[:slot1:storager] TEMP6000 rd  a=60c2 mask=00ff data=0000 pc=009d1c
[:slot1:storager] TEMP6000 rd  a=60c4 mask=ff00 data=0000 pc=009d1c
[:slot1:storager] TEMP6000 rd  a=60c4 mask=00ff data=0000 pc=009d1c
[:slot1:storager] TEMP6000 rd  a=60c6 mask=ff00 data=0000 pc=009d1c
[:slot1:storager] TEMP6000 rd  a=60c6 mask=00ff data=0000 pc=009d1c
[:slot1:storager] TEMP6000 rd  a=60c8 mask=ff00 data=0000 pc=009d1c
[:slot1:storager] TEMP6000 rd  a=60c8 mask=00ff data=0000 pc=009d1c
[:slot1:storager] TEMP6000 rd  a=60ca mask=ff00 data=0000 pc=009d1c
[:slot1:storager] TEMP6000 rd  a=60ca mask=00ff data=0000 pc=009d1c
[:slot1:storager] TEMP6000 rd  a=60cc mask=ff00 data=0000 pc=009d1c
[:slot1:storager] TEMP6000 rd  a=60cc mask=00ff data=0000 pc=009d1c
[:slot1:storager] TEMP6000 rd  a=60ce mask=ff00 data=0000 pc=009d1c
[:slot1:storager] TEMP6000 rd  a=60ce mask=00ff data=0000 pc=009d1c
[:slot1:storager] TEMP6000 rd  a=60d0 mask=ff00 data=0000 pc=009d1c
[:slot1:storager] TEMP6000 rd  a=60d0 mask=00ff data=0000 pc=009d1c
[:slot1:storager] TEMP6000 rd  a=60d2 mask=ff00 data=0000 pc=009d1c
[:slot1:storager] TEMP6000 rd  a=60d2 mask=00ff data=0000 pc=009d1c
[:slot1:storager] TEMP6000 rd  a=60d4 mask=ff00 data=0000 pc=009d1c
[:slot1:storager] TEMP6000 rd  a=60d4 mask=00ff data=0000 pc=009d1c
[:slot1:storager] TEMP6000 rd  a=60d6 mask=ff00 data=0000 pc=009d1c
[:slot1:storager] TEMP6000 rd  a=60d6 mask=00ff data=0000 pc=009d1c
[:slot1:storager] TEMP6000 rd  a=60d8 mask=ff00 data=0000 pc=009d1c
[:slot1:storager] TEMP6000 rd  a=60d8 mask=00ff data=0000 pc=009d1c
[:slot1:storager] TEMP6000 rd  a=60da mask=ff00 data=0000 pc=009d1c
[:slot1:storager] TEMP6000 rd  a=60da mask=00ff data=0000 pc=009d1c
[:slot1:storager] TEMP6000 rd  a=60dc mask=ff00 data=0000 pc=009d1c
[:slot1:storager] TEMP6000 rd  a=60dc mask=00ff data=0000 pc=009d1c
[:slot1:storager] TEMP6000 rd  a=60de mask=ff00 data=0000 pc=009d1c
[:slot1:storager] TEMP6000 rd  a=60de mask=00ff data=0000 pc=009d1c
[:slot1:storager] TEMP6000 rd  a=60e0 mask=ff00 data=0000 pc=009d1c
[:slot1:storager] TEMP6000 rd  a=60e0 mask=00ff data=0000 pc=009d1c
[:slot1:storager] TEMP6000 rd  a=60e2 mask=ff00 data=0000 pc=009d1c
[:slot1:storager] TEMP6000 rd  a=60e2 mask=00ff data=0000 pc=009d1c
[:slot1:storager] TEMP6000 rd  a=60e4 mask=ff00 data=0000 pc=009d1c
[:slot1:storager] TEMP6000 rd  a=60e4 mask=00ff data=0000 pc=009d1c
[:slot1:storager] TEMP6000 rd  a=60e6 mask=ff00 data=0000 pc=009d1c
[:slot1:storager] TEMP6000 rd  a=60e6 mask=00ff data=0000 pc=009d1c
[:slot1:storager] TEMP6000 rd  a=60e8 mask=ff00 data=0000 pc=009d1c
[:slot1:storager] TEMP6000 rd  a=60e8 mask=00ff data=0000 pc=009d1c
[:slot1:storager] TEMP6000 rd  a=60ea mask=ff00 data=0000 pc=009d1c
[:slot1:storager] TEMP6000 rd  a=60ea mask=00ff data=0000 pc=009d1c
[:slot1:storager] TEMP6000 rd  a=60ec mask=ff00 data=0000 pc=009d1c
[:slot1:storager] TEMP6000 rd  a=60ec mask=00ff data=0000 pc=009d1c
[:slot1:storager] TEMP6000 rd  a=60ee mask=ff00 data=0000 pc=009d1c
[:slot1:storager] TEMP6000 rd  a=60ee mask=00ff data=0000 pc=009d1c
[:slot1:storager] TEMP6000 rd  a=60f0 mask=ff00 data=0000 pc=009d1c
[:slot1:storager] TEMP6000 rd  a=60f0 mask=00ff data=0000 pc=009d1c
[:slot1:storager] TEMP6000 rd  a=60f2 mask=ff00 data=0000 pc=009d1c
[:slot1:storager] TEMP6000 rd  a=60f2 mask=00ff data=0000 pc=009d1c
[:slot1:storager] TEMP6000 rd  a=60f4 mask=ff00 data=0000 pc=009d1c
[:slot1:storager] TEMP6000 rd  a=60f4 mask=00ff data=0000 pc=009d1c
[:slot1:storager] TEMP6000 rd  a=60f6 mask=ff00 data=0000 pc=009d1c
[:slot1:storager] TEMP6000 rd  a=60f6 mask=00ff data=0000 pc=009d1c
[:slot1:storager] TEMP6000 rd  a=60f8 mask=ff00 data=0000 pc=009d1c
[:slot1:storager] TEMP6000 rd  a=60f8 mask=00ff data=0000 pc=009d1c
[:slot1:storager] TEMP6000 rd  a=60fa mask=ff00 data=0000 pc=009d1c
[:slot1:storager] TEMP6000 rd  a=60fa mask=00ff data=0000 pc=009d1c
[:slot1:storager] TEMP6000 rd  a=60fc mask=ff00 data=0000 pc=009d1c
[:slot1:storager] TEMP6000 rd  a=60fc mask=00ff data=0000 pc=009d1c
[:slot1:storager] TEMP6000 rd  a=60fe mask=ff00 data=0000 pc=009d1c
[:slot1:storager] TEMP6000 rd  a=60fe mask=00ff data=0000 pc=009d1c
[:slot1:storager] TEMP6000 WR  a=6000 data=0000 mask=ffff pc=009d46
[:slot1:storager] TEMP6000 WR  a=6002 data=0000 mask=ffff pc=009d46
[:slot1:storager] TEMP6000 WR  a=6004 data=0000 mask=ffff pc=009d46
[:slot1:storager] TEMP6000 WR  a=6006 data=0000 mask=ffff pc=009d46
[:slot1:storager] TEMP6000 WR  a=6008 data=0000 mask=ffff pc=009d46
[:slot1:storager] TEMP6000 WR  a=600a data=0000 mask=ffff pc=009d46
[:slot1:storager] TEMP6000 WR  a=600c data=0000 mask=ffff pc=009d46
[:slot1:storager] TEMP6000 WR  a=600e data=0000 mask=ffff pc=009d46
[:slot1:storager] TEMP6000 WR  a=6010 data=0000 mask=ffff pc=009d46
[:slot1:storager] TEMP6000 WR  a=6012 data=0000 mask=ffff pc=009d46
[:slot1:storager] TEMP6000 WR  a=6014 data=0000 mask=ffff pc=009d46
[:slot1:storager] TEMP6000 WR  a=6016 data=0000 mask=ffff pc=009d46
[:slot1:storager] TEMP6000 WR  a=6018 data=0000 mask=ffff pc=009d46
[:slot1:storager] TEMP6000 WR  a=601a data=0000 mask=ffff pc=009d46
[:slot1:storager] TEMP6000 WR  a=601c data=0000 mask=ffff pc=009d46
[:slot1:storager] TEMP6000 WR  a=601e data=0000 mask=ffff pc=009d46
[:slot1:storager] TEMP6000 WR  a=6020 data=0000 mask=ffff pc=009d46
[:slot1:storager] TEMP6000 WR  a=6022 data=0000 mask=ffff pc=009d46
[:slot1:storager] TEMP6000 WR  a=6024 data=0000 mask=ffff pc=009d46
[:slot1:storager] TEMP6000 WR  a=6026 data=0000 mask=ffff pc=009d46
[:slot1:storager] TEMP6000 WR  a=6028 data=0000 mask=ffff pc=009d46
[:slot1:storager] TEMP6000 WR  a=602a data=0000 mask=ffff pc=009d46
[:slot1:storager] TEMP6000 WR  a=602c data=0000 mask=ffff pc=009d46
[:slot1:storager] TEMP6000 WR  a=602e data=0000 mask=ffff pc=009d46
[:slot1:storager] TEMP6000 WR  a=6030 data=0000 mask=ffff pc=009d46
[:slot1:storager] TEMP6000 WR  a=6032 data=0000 mask=ffff pc=009d46
[:slot1:storager] TEMP6000 WR  a=6034 data=0000 mask=ffff pc=009d46
[:slot1:storager] TEMP6000 WR  a=6036 data=0000 mask=ffff pc=009d46
[:slot1:storager] TEMP6000 WR  a=6038 data=0000 mask=ffff pc=009d46
[:slot1:storager] TEMP6000 WR  a=603a data=0000 mask=ffff pc=009d46
[:slot1:storager] TEMP6000 WR  a=603c data=0000 mask=ffff pc=009d46
[:slot1:storager] TEMP6000 WR  a=603e data=0000 mask=ffff pc=009d46
[:slot1:storager] TEMP6000 WR  a=6040 data=0000 mask=ffff pc=009d46
[:slot1:storager] TEMP6000 WR  a=6042 data=0000 mask=ffff pc=009d46
[:slot1:storager] TEMP6000 WR  a=6044 data=0000 mask=ffff pc=009d46
[:slot1:storager] TEMP6000 WR  a=6046 data=0000 mask=ffff pc=009d46
[:slot1:storager] TEMP6000 WR  a=6048 data=0000 mask=ffff pc=009d46
[:slot1:storager] TEMP6000 WR  a=604a data=0000 mask=ffff pc=009d46
[:slot1:storager] TEMP6000 WR  a=604c data=0000 mask=ffff pc=009d46
[:slot1:storager] TEMP6000 WR  a=604e data=0000 mask=ffff pc=009d46
[:slot1:storager] TEMP6000 WR  a=6050 data=0000 mask=ffff pc=009d46
[:slot1:storager] TEMP6000 WR  a=6052 data=0000 mask=ffff pc=009d46
[:slot1:storager] TEMP6000 WR  a=6054 data=0000 mask=ffff pc=009d46
[:slot1:storager] TEMP6000 WR  a=6056 data=0000 mask=ffff pc=009d46
[:slot1:storager] TEMP6000 WR  a=6058 data=0000 mask=ffff pc=009d46
[:slot1:storager] TEMP6000 WR  a=605a data=0000 mask=ffff pc=009d46
[:slot1:storager] TEMP6000 WR  a=605c data=0000 mask=ffff pc=009d46
[:slot1:storager] TEMP6000 WR  a=605e data=0000 mask=ffff pc=009d46
[:slot1:storager] TEMP6000 WR  a=6060 data=0000 mask=ffff pc=009d46
[:slot1:storager] TEMP6000 WR  a=6062 data=0000 mask=ffff pc=009d46
[:slot1:storager] TEMP6000 WR  a=6064 data=0000 mask=ffff pc=009d46
[:slot1:storager] TEMP6000 WR  a=6066 data=0000 mask=ffff pc=009d46
[:slot1:storager] TEMP6000 WR  a=6068 data=0000 mask=ffff pc=009d46
[:slot1:storager] TEMP6000 WR  a=606a data=0000 mask=ffff pc=009d46
[:slot1:storager] TEMP6000 WR  a=606c data=0000 mask=ffff pc=009d46
[:slot1:storager] TEMP6000 WR  a=606e data=0000 mask=ffff pc=009d46
[:slot1:storager] TEMP6000 WR  a=6070 data=0000 mask=ffff pc=009d46
[:slot1:storager] TEMP6000 WR  a=6072 data=0000 mask=ffff pc=009d46
[:slot1:storager] TEMP6000 WR  a=6074 data=0000 mask=ffff pc=009d46
[:slot1:storager] TEMP6000 WR  a=6076 data=0000 mask=ffff pc=009d46
[:slot1:storager] TEMP6000 WR  a=6078 data=0000 mask=ffff pc=009d46
[:slot1:storager] TEMP6000 WR  a=607a data=0000 mask=ffff pc=009d46
[:slot1:storager] TEMP6000 WR  a=607c data=0000 mask=ffff pc=009d46
[:slot1:storager] TEMP6000 WR  a=607e data=0000 mask=ffff pc=009d46
[:slot1:storager] TEMP6000 WR  a=6080 data=0000 mask=ffff pc=009d46
[:slot1:storager] TEMP6000 WR  a=6082 data=0000 mask=ffff pc=009d46
[:slot1:storager] TEMP6000 WR  a=6084 data=0000 mask=ffff pc=009d46
[:slot1:storager] TEMP6000 WR  a=6086 data=0000 mask=ffff pc=009d46
[:slot1:storager] TEMP6000 WR  a=6088 data=0000 mask=ffff pc=009d46
[:slot1:storager] TEMP6000 WR  a=608a data=0000 mask=ffff pc=009d46
[:slot1:storager] TEMP6000 WR  a=608c data=0000 mask=ffff pc=009d46
[:slot1:storager] TEMP6000 WR  a=608e data=0000 mask=ffff pc=009d46
[:slot1:storager] TEMP6000 WR  a=6090 data=0000 mask=ffff pc=009d46
[:slot1:storager] TEMP6000 WR  a=6092 data=0000 mask=ffff pc=009d46
[:slot1:storager] TEMP6000 WR  a=6094 data=0000 mask=ffff pc=009d46
[:slot1:storager] TEMP6000 WR  a=6096 data=0000 mask=ffff pc=009d46
[:slot1:storager] TEMP6000 WR  a=6098 data=0000 mask=ffff pc=009d46
[:slot1:storager] TEMP6000 WR  a=609a data=0000 mask=ffff pc=009d46
[:slot1:storager] TEMP6000 WR  a=609c data=0000 mask=ffff pc=009d46
[:slot1:storager] TEMP6000 WR  a=609e data=0000 mask=ffff pc=009d46
[:slot1:storager] TEMP6000 WR  a=60a0 data=0000 mask=ffff pc=009d46
[:slot1:storager] TEMP6000 WR  a=60a2 data=0000 mask=ffff pc=009d46
[:slot1:storager] TEMP6000 WR  a=60a4 data=0000 mask=ffff pc=009d46
[:slot1:storager] TEMP6000 WR  a=60a6 data=0000 mask=ffff pc=009d46
[:slot1:storager] TEMP6000 WR  a=60a8 data=0000 mask=ffff pc=009d46
[:slot1:storager] TEMP6000 WR  a=60aa data=0000 mask=ffff pc=009d46
[:slot1:storager] TEMP6000 WR  a=60ac data=0000 mask=ffff pc=009d46
[:slot1:storager] TEMP6000 WR  a=60ae data=0000 mask=ffff pc=009d46
[:slot1:storager] TEMP6000 WR  a=60b0 data=0000 mask=ffff pc=009d46
[:slot1:storager] TEMP6000 WR  a=60b2 data=0000 mask=ffff pc=009d46
[:slot1:storager] TEMP6000 WR  a=60b4 data=0000 mask=ffff pc=009d46
[:slot1:storager] TEMP6000 WR  a=60b6 data=0000 mask=ffff pc=009d46
[:slot1:storager] TEMP6000 WR  a=60b8 data=0000 mask=ffff pc=009d46
[:slot1:storager] TEMP6000 WR  a=60ba data=0000 mask=ffff pc=009d46
[:slot1:storager] TEMP6000 WR  a=60bc data=0000 mask=ffff pc=009d46
[:slot1:storager] TEMP6000 WR  a=60be data=0000 mask=ffff pc=009d46
[:slot1:storager] TEMP6000 WR  a=60c0 data=0000 mask=ffff pc=009d46
[:slot1:storager] TEMP6000 WR  a=60c2 data=0000 mask=ffff pc=009d46
[:slot1:storager] TEMP6000 WR  a=60c4 data=0000 mask=ffff pc=009d46
[:slot1:storager] TEMP6000 WR  a=60c6 data=0000 mask=ffff pc=009d46
[:slot1:storager] TEMP6000 WR  a=60c8 data=0000 mask=ffff pc=009d46
[:slot1:storager] TEMP6000 WR  a=60ca data=0000 mask=ffff pc=009d46
[:slot1:storager] TEMP6000 WR  a=60cc data=0000 mask=ffff pc=009d46
[:slot1:storager] TEMP6000 WR  a=60ce data=0000 mask=ffff pc=009d46
[:slot1:storager] TEMP6000 WR  a=60d0 data=0000 mask=ffff pc=009d46
[:slot1:storager] TEMP6000 WR  a=60d2 data=0000 mask=ffff pc=009d46
[:slot1:storager] TEMP6000 WR  a=60d4 data=0000 mask=ffff pc=009d46
[:slot1:storager] TEMP6000 WR  a=60d6 data=0000 mask=ffff pc=009d46
[:slot1:storager] TEMP6000 WR  a=60d8 data=0000 mask=ffff pc=009d46
[:slot1:storager] TEMP6000 WR  a=60da data=0000 mask=ffff pc=009d46
[:slot1:storager] TEMP6000 WR  a=60dc data=0000 mask=ffff pc=009d46
[:slot1:storager] TEMP6000 WR  a=60de data=0000 mask=ffff pc=009d46
[:slot1:storager] TEMP6000 WR  a=60e0 data=0000 mask=ffff pc=009d46
[:slot1:storager] TEMP6000 WR  a=60e2 data=0000 mask=ffff pc=009d46
[:slot1:storager] TEMP6000 WR  a=60e4 data=0000 mask=ffff pc=009d46
[:slot1:storager] TEMP6000 WR  a=60e6 data=0000 mask=ffff pc=009d46
[:slot1:storager] TEMP6000 WR  a=60e8 data=0000 mask=ffff pc=009d46
[:slot1:storager] TEMP6000 WR  a=60ea data=0000 mask=ffff pc=009d46
[:slot1:storager] TEMP6000 WR  a=60ec data=0000 mask=ffff pc=009d46
[:slot1:storager] TEMP6000 WR  a=60ee data=0000 mask=ffff pc=009d46
[:slot1:storager] TEMP6000 WR  a=60f0 data=0000 mask=ffff pc=009d46
[:slot1:storager] TEMP6000 WR  a=60f2 data=0000 mask=ffff pc=009d46
[:slot1:storager] TEMP6000 WR  a=60f4 data=0000 mask=ffff pc=009d46
[:slot1:storager] TEMP6000 WR  a=60f6 data=0000 mask=ffff pc=009d46
[:slot1:storager] TEMP6000 WR  a=60f8 data=0000 mask=ffff pc=009d46
[:slot1:storager] TEMP6000 WR  a=60fa data=0000 mask=ffff pc=009d46
[:slot1:storager] TEMP6000 WR  a=60fc data=0000 mask=ffff pc=009d46
[:slot1:storager] TEMP6000 WR  a=60fe data=0000 mask=ffff pc=009d46
[:slot1:storager] UIB20   201548.4us [6e80] <= 0000 pc=009d46
[:slot1:storager] NODE20   202232.4us [7210] <= 0000 pc=009d46
[:slot1:storager] PHASE   202235.8us [7216] <= 0000 pc=009d46
[:slot1:storager] PHASE   202313.8us [727e] <= 0000 pc=009d46
[:slot1:storager] CTX   202313.8us [727e] <= 0000 pc=009d46 IPL=7  <-- IN ISR
[:slot1:storager] GATE72A6   202343.8us <= 0000 pc=009d46 74b4=0000 phase=0000
[:slot1:storager] QHEAD   202493.4us [736c] <= 0000 pc=009d46
[:slot1:storager] QHEAD   202493.8us [736e] <= 0000 pc=009d46
[:slot1:storager] QHEAD   202496.4us [7370] <= 0000 pc=009d46
[:slot1:storager] QHEAD   202496.8us [7372] <= 0000 pc=009d46
[:slot1:storager] XSTATE   202625.4us [741c] <= 0000
[:slot1:storager] PHASE   202625.4us [741c] <= 0000 pc=009d46
[:slot1:storager] CTX   202625.4us [741c] <= 0000 pc=009d46 IPL=7  <-- IN ISR
[:slot1:storager] BUFPTR   202625.8us [741e] <= 0000 (byte 0000) pc=009d46
[:slot1:storager] CTX   202625.8us [741e] <= 0000 pc=009d46 IPL=7  <-- IN ISR
[:slot1:storager] CTX   202631.4us [7424] <= 0000 pc=009d46 IPL=7  <-- IN ISR
[:slot1:storager] ACCEPT   202634.4us [7428] <= 0000 pc=009d46
[:slot1:storager] CTX   202634.4us [7428] <= 0000 pc=009d46 IPL=7  <-- IN ISR
[:slot1:storager] SCAN   202640.4us halted at pos=0   (byte 00) [7956]=0000 | ledger: 00 00 00 00 00 00 00 00 00 00 00 00 00 00 00 00 00 00 00 00 00 00 00 00 00 00 00 00 00 00 
[:slot1:storager] XSTATE   202646.8us [743a] <= 0000
[:slot1:storager] XSTATE   202667.4us [7454] <= 0000
[:slot1:storager] I7462   202676.8us [7462] <= 0000 pc=009d46
[:slot1:storager] POOL   202733.4us [74ac] <= 0000 pc=009d46
[:slot1:storager] CTX   202733.4us [74ac] <= 0000 pc=009d46 IPL=7  <-- IN ISR
[:slot1:storager] XSTATE   202739.4us [74b4] <= 0000
[:slot1:storager] REMAIN   203627.8us [7956] <= 0000 pc=009d46
[:slot1:storager] DESC   203630.4us [7958] word<=0000 mask=ffff pc=009d46 | [7abe]=00000000 [7958]=00000000 [7abc]=0000
[:slot1:storager] DESC   203630.8us [7958] word<=0000 mask=ffff pc=009d46 | [7abe]=00000000 [7958]=00000000 [7abc]=0000
[:slot1:storager] XSTATE   203642.4us [7968] <= 0000
[:slot1:storager] PHASE   203642.4us [7968] <= 0000 pc=009d46
[:slot1:storager] CTX   203642.4us [7968] <= 0000 pc=009d46 IPL=7  <-- IN ISR
[:slot1:storager] CTX   203645.4us [796c] <= 0000 pc=009d46 IPL=7  <-- IN ISR
[:slot1:storager] SEEKF   203669.8us [798e] <= 0000 pc=009d46
[:slot1:storager] CTX   203669.8us [798e] <= 0000 pc=009d46 IPL=7  <-- IN ISR
[:slot1:storager] SEEKF   203672.4us [7990] <= 0000 pc=009d46
[:slot1:storager] CUR   203678.8us [799a] <= 0000 pc=009d46
[:slot1:storager] CNT   203684.8us [79a2] <= 0000 pc=009d46
[:slot1:storager] CNT   203687.4us [79a4] <= 0000 pc=009d46
[:slot1:storager] XSTATE   203774.8us [7a1a] <= 0000
[:slot1:storager] A30   203792.4us [7a30] <= 0000 pc=009d46
[:slot1:storager] HI7A30   203792.4us hi=00 lo=00 mask=ffff pc=009d46 74b4=0000
[:slot1:storager] CTX   203792.4us [7a30] <= 0000 pc=009d46 IPL=7  <-- IN ISR
[:slot1:storager] SFLAG   203795.8us [7a36] <= 0000 pc=009d46
[:slot1:storager] CTX   203795.8us [7a36] <= 0000 pc=009d46 IPL=7  <-- IN ISR
[:slot1:storager] SFLAG   203798.4us [7a38] <= 0000 pc=009d46
[:slot1:storager] GUARD   203801.8us [7a3e] <= 0000 pc=009d46
[:slot1:storager] CTX   203801.8us [7a3e] <= 0000 pc=009d46 IPL=7  <-- IN ISR
[:slot1:storager] GUARD   203804.4us [7a40] <= 0000 pc=009d46
[:slot1:storager] CTX   203804.4us [7a40] <= 0000 pc=009d46 IPL=7  <-- IN ISR
[:slot1:storager] TEMPCNT 7abc <= 0000 mask=ffff pc=009d46
[:slot1:storager] DESC   203897.8us [7abe] word<=0000 mask=ffff pc=009d46 | [7abe]=00000000 [7958]=00000000 [7abc]=0000
[:slot1:storager] TEMPCNT 7abe <= 0000 mask=ffff pc=009d46
[:slot1:storager] DESC   203900.4us [7abe] word<=0000 mask=ffff pc=009d46 | [7abe]=00000000 [7958]=00000000 [7abc]=0000
[:slot1:storager] AAPATH   203903.4us [7ac4] <= 0000 pc=009d46  [7968]=0000
[:slot1:storager] AAPATH   203960.4us [7b10] <= 0000 pc=009d46  [7968]=0000
[:slot1:storager] CTX   203960.4us [7b10] <= 0000 pc=009d46 IPL=7  <-- IN ISR
[:slot1:storager] TEMPC800 cell[00] <= 0000 pc=009bee
[:slot1:storager] TEMPC800 cell[00] <= 0000 pc=009cb0
[:slot1:storager] TEMP6000 rd  a=6000 mask=ff00 data=0000 pc=009cb4
[:slot1:storager] TEMPC800 cell[00] <= 0000 pc=009c2e
[:slot3:serad:port0:s97801:term:maincpu] write of un-hooked port 1 cc
[:slot3:serad:port0:s97801:term:maincpu] write of un-hooked port 1 cc
[:slot3:serad:port0:s97801:term:maincpu] write of un-hooked port 1 cc
[:slot3:serad:port0:s97801:term:maincpu] write of un-hooked port 1 cc
[:slot3:serad:port0:s97801:term:maincpu] write of un-hooked port 1 cc
[:slot3:serad:port0:s97801:term:maincpu] write of un-hooked port 1 cc
[:slot3:serad:port0:s97801:term:maincpu] write of un-hooked port 1 cc
[:slot3:serad:port0:s97801:term:maincpu] write of un-hooked port 1 cc
[:slot3:serad] 8085 mbx WR [0] = 55 @0.22644
[:slot3:serad] 8085 mbx[0] = 55 @0.22644
[:slot3:serad] 8085 mbx WR [0] = aa @0.22645
[:slot3:serad] 8085 mbx[0] = aa @0.22645
[:slot3:serad] 8085 mbx WR [0] = 00 @0.22646
[:slot3:serad] 8085 mbx[0] = 00 @0.22646
[:slot3:serad] 8085 mbx WR [0] = 00 @0.22646
[:slot3:serad] 8085 mbx[0] = 00 @0.22646
[:slot3:serad] 8085 mbx WR [1] = 55 @0.22647
[:slot3:serad] 8085 mbx[1] = 55 @0.22647
[:slot3:serad] 8085 mbx WR [1] = aa @0.22648
[:slot3:serad] 8085 mbx[1] = aa @0.22648
[:slot3:serad] 8085 mbx WR [1] = 00 @0.22649
[:slot3:serad] 8085 mbx[1] = 00 @0.22649
[:slot3:serad] 8085 mbx WR [1] = 00 @0.22649
[:slot3:serad] 8085 mbx[1] = 00 @0.22649
[:slot3:serad] 8085 mbx WR [2] = 55 @0.22650
[:slot3:serad] 8085 mbx[2] = 55 @0.22650
[:slot3:serad] 8085 mbx WR [2] = aa @0.22651
[:slot3:serad] 8085 mbx[2] = aa @0.22651
[:slot3:serad] 8085 mbx WR [2] = 00 @0.22651
[:slot3:serad] 8085 mbx[2] = 00 @0.22651
[:slot3:serad] 8085 mbx WR [2] = 00 @0.22652
[:slot3:serad] 8085 mbx[2] = 00 @0.22652
[:slot3:serad] 8085 mbx WR [3] = 55 @0.22653
[:slot3:serad] 8085 mbx[3] = 55 @0.22653
[:slot3:serad] 8085 mbx WR [3] = aa @0.22654
[:slot3:serad] 8085 mbx[3] = aa @0.22654
[:slot3:serad] 8085 mbx WR [3] = 00 @0.22654
[:slot3:serad] 8085 mbx[3] = 00 @0.22654
[:slot3:serad] 8085 mbx WR [3] = 00 @0.22655
[:slot3:serad] 8085 mbx[3] = 00 @0.22655
[:slot3:serad] 8085 mbx[4] = 55 @0.22656
[:slot3:serad] 8085 mbx[4] = aa @0.22657
[:slot3:serad] 8085 mbx[4] = 00 @0.22657
[:slot3:serad] 8085 mbx[4] = 00 @0.22658
[:slot3:serad] 8085 mbx[5] = 55 @0.22659
[:slot3:serad] 8085 mbx[5] = aa @0.22660
[:slot3:serad] 8085 mbx[5] = 00 @0.22660
[:slot3:serad] 8085 mbx[5] = 00 @0.22661
[:slot3:serad] 8085 mbx[6] = 55 @0.22662
[:slot3:serad] 8085 mbx[6] = aa @0.22663
[:slot3:serad] 8085 mbx[6] = 00 @0.22663
[:slot3:serad] 8085 mbx[6] = 00 @0.22664
[:slot3:serad] 8085 mbx[7] = 55 @0.22665
[:slot3:serad] 8085 mbx[7] = aa @0.22666
[:slot3:serad] 8085 mbx[7] = 00 @0.22666
[:slot3:serad] 8085 mbx[7] = 00 @0.22667
[:slot3:serad:port0:s97801:term:maincpu] write of un-hooked port 1 cd
[:slot3:serad:port0:s97801:term:maincpu] write of un-hooked port 1 cf
[:slot3:serad:port0:s97801:term:maincpu] write of un-hooked port 1 cf
[:slot3:serad:port0:s97801:term:maincpu] write of un-hooked port 1 cf
[:slot3:serad] 8085 mbxhi WR [098] = 55 @0.23094
[:slot3:serad] 8085 mbxhi WR [098] = aa @0.23095
[:slot3:serad] 8085 mbxhi WR [098] = 00 @0.23095
[:slot3:serad] 8085 mbxhi WR [098] = 00 @0.23096
[:slot3:serad] 8085 mbxhi WR [099] = 55 @0.23097
[:slot3:serad] 8085 mbxhi WR [099] = aa @0.23098
[:slot3:serad] 8085 mbxhi WR [099] = 00 @0.23098
[:slot3:serad] 8085 mbxhi WR [099] = 00 @0.23099
[:slot3:serad] 8085 mbxhi WR [09a] = 55 @0.23100
[:slot3:serad] 8085 mbxhi WR [09a] = aa @0.23101
[:slot3:serad] 8085 mbxhi WR [09a] = 00 @0.23101
[:slot3:serad] 8085 mbxhi WR [09a] = 00 @0.23102
[:slot3:serad] 8085 mbxhi WR [09b] = 55 @0.23103
[:slot3:serad] 8085 mbxhi WR [09b] = aa @0.23104
[:slot3:serad] 8085 mbxhi WR [09b] = 00 @0.23104
[:slot3:serad] 8085 mbxhi WR [09b] = 00 @0.23105
[:slot3:serad] 8085 sem rd [09c] = 00 @0.23106
[:slot3:serad] 8085 sem rd [09c] = 55 @0.23106
[:slot3:serad] 8085 sem rd [09c] = aa @0.23107
[:slot3:serad] 8085 sem rd [09c] = 00 @0.23107
[:slot3:serad] 8085 mbxhi WR [09d] = 55 @0.23109
[:slot3:serad] 8085 mbxhi WR [09d] = aa @0.23110
[:slot3:serad] 8085 mbxhi WR [09d] = 00 @0.23110
[:slot3:serad] 8085 mbxhi WR [09d] = 00 @0.23111
[:slot3:serad] 8085 mbxhi WR [09e] = 55 @0.23112
[:slot3:serad] 8085 mbxhi WR [09e] = aa @0.23113
[:slot3:serad] 8085 mbxhi WR [09e] = 00 @0.23113
[:slot3:serad] 8085 mbxhi WR [09e] = 00 @0.23114
[:slot3:serad] 8085 mbxhi WR [09f] = 55 @0.23115
[:slot3:serad] 8085 mbxhi WR [09f] = aa @0.23116
[:slot3:serad] 8085 mbxhi WR [09f] = 00 @0.23116
[:slot3:serad] 8085 mbxhi WR [09f] = 00 @0.23117
[:slot3:serad] 8085 mbxhi WR [0a0] = 55 @0.23118
[:slot3:serad] 8085 mbxhi WR [0a0] = aa @0.23119
[:slot3:serad] 8085 mbxhi WR [0a0] = 00 @0.23119
[:slot3:serad] 8085 mbxhi WR [0a0] = 00 @0.23120
[:slot3:serad] 8085 mbxhi WR [0a1] = 55 @0.23121
[:slot3:serad] 8085 mbxhi WR [0a1] = aa @0.23122
[:slot3:serad] 8085 mbxhi WR [0a1] = 00 @0.23122
[:slot3:serad] 8085 mbxhi WR [0a1] = 00 @0.23123
[:slot3:serad] 8085 mbxhi WR [0a2] = 55 @0.23124
[:slot3:serad] 8085 mbxhi WR [0a2] = aa @0.23124
[:slot3:serad] 8085 mbxhi WR [0a2] = 00 @0.23125
[:slot3:serad] 8085 mbxhi WR [0a2] = 00 @0.23126
[:slot3:serad] 8085 mbxhi WR [0a3] = 55 @0.23127
[:slot3:serad] 8085 mbxhi WR [0a3] = aa @0.23127
[:slot3:serad] 8085 mbxhi WR [0a3] = 00 @0.23128
[:slot3:serad] 8085 mbxhi WR [0a3] = 00 @0.23129
[:slot1:storager] TEMPC800 cell[00] <= 0000 pc=009cb0
[:slot1:storager] TEMPC800 cell[00] <= 0001 pc=009cb0
[:slot1:storager] TEMP6000 rd  a=6000 mask=ff00 data=0000 pc=009cb4
[:slot1:storager] TEMPC800 cell[00] <= 0000 pc=009c2e
[:slot1:storager] TEMPC800 cell[00] <= 0001 pc=009cb0
[:slot1:storager] TEMPC800 cell[00] <= 0002 pc=009cb0
[:slot1:storager] TEMP6000 rd  a=6000 mask=00ff data=0000 pc=009cb4
[:slot1:storager] TEMPC800 cell[00] <= 0000 pc=009c2e
[:slot1:storager] TEMPC800 cell[00] <= 0002 pc=009cb0
[:slot1:storager] TEMPC800 cell[00] <= 0005 pc=009cb0
[:slot1:storager] TEMP6000 rd  a=6000 mask=ff00 data=0000 pc=009cb4
[:slot1:storager] TEMPC800 cell[00] <= 0000 pc=009c2e
[:slot1:storager] TEMPC800 cell[00] <= 0005 pc=009cb0
[:slot1:storager] TEMPC800 cell[00] <= 0009 pc=009cb0
[:slot1:storager] TEMP6000 rd  a=6000 mask=00ff data=0000 pc=009cb4
[:slot1:storager] TEMPC800 cell[00] <= 0000 pc=009c2e
[:slot1:storager] TEMPC800 cell[00] <= 0009 pc=009cb0
[:slot1:storager] TEMPC800 cell[00] <= 0012 pc=009cb0
[:slot1:storager] TEMP6000 rd  a=6000 mask=ff00 data=0000 pc=009cb4
[:slot1:storager] TEMPC800 cell[00] <= 0000 pc=009c2e
[:slot1:storager] TEMPC800 cell[00] <= 0012 pc=009cb0
[:slot1:storager] TEMPC800 cell[00] <= 0022 pc=009cb0
[:slot1:storager] TEMP6000 rd  a=6000 mask=00ff data=0000 pc=009cb4
[:slot1:storager] TEMPC800 cell[00] <= 0000 pc=009c2e
[:slot1:storager] TEMPC800 cell[00] <= 0022 pc=009cb0
[:slot1:storager] TEMPC800 cell[01] <= 0003 pc=009cb0
[:slot1:storager] TEMP6000 rd  a=6000 mask=ff00 data=0000 pc=009cb4
[:slot1:storager] TEMPC800 cell[00] <= 0000 pc=009c2e
[:slot1:storager] TEMPC800 cell[01] <= 0003 pc=009cb0
[:slot1:storager] TEMPC800 cell[02] <= 0003 pc=009cb0
[:slot1:storager] TEMP6000 rd  a=6000 mask=00ff data=0000 pc=009cb4
[:slot1:storager] TEMPC800 cell[00] <= 0000 pc=009c2e
[:slot3:serad] 8085 mbxhi WR [098] = 5a @0.40862
[:slot3:serad] 8085 mbxhi WR [099] = 3f @0.40862
[:slot3:serad] 8085 mbxhi WR [09a] = 10 @0.40864
[:slot3:serad] 8085 mbx WR [1] = 3f @0.40865
[:slot3:serad] 8085 mbx[1] = 3f @0.40865
[:slot3:serad] 8085 mbx WR [0] = 00 @0.40880
[:slot3:serad] 8085 mbx[0] = 00 @0.40880
[:slot3:serad] 8085 mbx WR [1] = 00 @0.40880
[:slot3:serad] 8085 mbx[1] = 00 @0.40880
[:slot3:serad] 8085 CR io02 = 1a (pc=18be) @0.40881
[:slot3:serad] 8085 CR io02 = 20 (pc=18c2) @0.40881
[:slot3:serad] 8085 CR io02 = 30 (pc=18c6) @0.40881
[:slot3:serad] 8085 CR io02 = 05 (pc=18e4) @0.40884
[:slot3:serad:duart0:cha] TXEN ch0 SR=0c @0.40884
[:slot3:serad] 8085 d0rd[01] -> 00 (pc=18f3) @0.408852
[:slot3:serad] 8085 d0rd[01] -> 00 (pc=18f3) @0.408861
[:slot3:serad] 8085 d0rd[01] -> 00 (pc=18f3) @0.408870
[:slot3:serad] 8085 d0rd[01] -> 00 (pc=18f3) @0.408879
[:slot3:serad] 8085 d0rd[01] -> 00 (pc=18f3) @0.408888
[:slot3:serad] 8085 d0rd[01] -> 00 (pc=18f3) @0.408897
[:slot3:serad] 8085 d0rd[01] -> 00 (pc=18f3) @0.408906
[:slot3:serad] 8085 d0rd[01] -> 00 (pc=18f3) @0.408915
[:slot3:serad] 8085 d0rd[01] -> 00 (pc=18f3) @0.408924
[:slot3:serad] 8085 d0rd[01] -> 00 (pc=18f3) @0.408933
[:slot3:serad] 8085 d0rd[01] -> 00 (pc=18f3) @0.408942
[:slot3:serad] 8085 d0rd[01] -> 00 (pc=18f3) @0.408951
[:slot3:serad] 8085 d0rd[01] -> 00 (pc=18f3) @0.408960
[:slot3:serad] 8085 d0rd[01] -> 00 (pc=18f3) @0.408969
[:slot3:serad] 8085 d0rd[01] -> 00 (pc=18f3) @0.408978
[:slot3:serad] 8085 d0rd[01] -> 00 (pc=18f3) @0.408987
[:slot3:serad] 8085 d0rd[01] -> 00 (pc=18f3) @0.408996
[:slot3:serad] 8085 d0rd[01] -> 00 (pc=18f3) @0.409005
[:slot3:serad] 8085 d0rd[01] -> 00 (pc=18f3) @0.409014
[:slot3:serad] 8085 d0rd[01] -> 00 (pc=18f3) @0.409023
[:slot3:serad] 8085 d0rd[01] -> 00 (pc=18f3) @0.409032
[:slot3:serad] 8085 d0rd[01] -> 00 (pc=18f3) @0.409041
[:slot3:serad] 8085 d0rd[01] -> 00 (pc=18f3) @0.409050
[:slot3:serad] 8085 d0rd[01] -> 00 (pc=18f3) @0.409059
[:slot3:serad] 8085 d0rd[01] -> 00 (pc=18f3) @0.409068
[:slot3:serad] 8085 d0rd[01] -> 00 (pc=18f3) @0.409077
[:slot3:serad] 8085 d0rd[01] -> 00 (pc=18f3) @0.409086
[:slot3:serad] 8085 d0rd[01] -> 00 (pc=18f3) @0.409095
[:slot3:serad] 8085 d0rd[01] -> 00 (pc=18f3) @0.409104
[:slot3:serad] 8085 d0rd[01] -> 00 (pc=18f3) @0.409113
[:slot3:serad] 8085 d0rd[01] -> 00 (pc=18f3) @0.409122
[:slot3:serad] 8085 d0rd[01] -> 00 (pc=18f3) @0.409131
[:slot3:serad] 8085 d0rd[01] -> 00 (pc=18f3) @0.409140
[:slot3:serad] 8085 d0rd[01] -> 00 (pc=18f3) @0.409149
[:slot3:serad] 8085 d0rd[01] -> 00 (pc=18f3) @0.409158
[:slot3:serad] 8085 d0rd[01] -> 00 (pc=18f3) @0.409167
[:slot3:serad] 8085 d0rd[01] -> 00 (pc=18f3) @0.409176
[:slot3:serad] 8085 d0rd[01] -> 00 (pc=18f3) @0.409185
[:slot3:serad] 8085 d0rd[01] -> 00 (pc=18f3) @0.409194
[:slot3:serad] 8085 d0rd[01] -> 00 (pc=18f3) @0.409203
[:slot3:serad] 8085 d0rd[01] -> 00 (pc=18f3) @0.409212
[:slot3:serad] 8085 d0rd[01] -> 00 (pc=18f3) @0.409221
[:slot3:serad] 8085 d0rd[01] -> 00 (pc=18f3) @0.409230
[:slot3:serad] 8085 d0rd[01] -> 00 (pc=18f3) @0.409239
[:slot3:serad] 8085 d0rd[01] -> 00 (pc=18f3) @0.409248
[:slot3:serad] 8085 d0rd[01] -> 00 (pc=18f3) @0.409257
[:slot3:serad] 8085 d0rd[01] -> 04 (pc=18f3) @0.409266
[:slot3:serad] 8085 d0rd[01] -> 04 (pc=18f3) @0.409275
[:slot3:serad] 8085 d0rd[01] -> 04 (pc=18f3) @0.409284
[:slot3:serad] 8085 d0rd[01] -> 04 (pc=18f3) @0.409293
[:slot3:serad] 8085 d0rd[01] -> 04 (pc=18f3) @0.409302
[:slot3:serad] 8085 d0rd[01] -> 04 (pc=18f3) @0.409311
[:slot3:serad] 8085 d0rd[01] -> 04 (pc=18f3) @0.409320
[:slot3:serad] 8085 d0rd[01] -> 04 (pc=18f3) @0.409329
[:slot3:serad] 8085 d0rd[01] -> 04 (pc=18f3) @0.409338
[:slot3:serad] 8085 d0rd[01] -> 04 (pc=18f3) @0.409347
[:slot3:serad] 8085 d0rd[01] -> 04 (pc=18f3) @0.409356
[:slot3:serad] 8085 d0rd[01] -> 04 (pc=18f3) @0.409365
[:slot3:serad] 8085 d0rd[01] -> 04 (pc=18f3) @0.409374
[:slot3:serad] 8085 d0rd[01] -> 04 (pc=18f3) @0.409383
[:slot3:serad] 8085 d0rd[01] -> 04 (pc=18f3) @0.409392
[:slot3:serad] 8085 d0rd[01] -> 04 (pc=18f3) @0.409401
[:slot3:serad] 8085 d0rd[01] -> 04 (pc=18f3) @0.409410
[:slot3:serad] 8085 d0rd[01] -> 04 (pc=18f3) @0.409419
[:slot3:serad] 8085 d0rd[01] -> 04 (pc=18f3) @0.409428
[:slot3:serad] 8085 d0rd[01] -> 04 (pc=18f3) @0.409437
[:slot3:serad] 8085 d0rd[01] -> 04 (pc=18f3) @0.409446
[:slot3:serad] 8085 d0rd[01] -> 04 (pc=18f3) @0.409455
[:slot3:serad] 8085 d0rd[01] -> 04 (pc=18f3) @0.409464
[:slot3:serad] 8085 d0rd[01] -> 04 (pc=18f3) @0.409473
[:slot3:serad] 8085 d0rd[01] -> 04 (pc=18f3) @0.409482
[:slot3:serad] 8085 d0rd[01] -> 04 (pc=18f3) @0.409491
[:slot3:serad:duart0:cha] RXPUSH 55 err=00 @0.409492
[:slot3:serad] 8085 d0rd[01] -> 0d (pc=18f3) @0.409500
[:slot3:serad] 8085 d0rd[03] -> 55 (pc=18f9) @0.409504
[:slot3:serad] 8085 d0rd[01] -> 00 (pc=190d) @0.409519
[:slot3:serad] 8085 d0rd[01] -> 00 (pc=190d) @0.409528
[:slot3:serad] 8085 d0rd[01] -> 00 (pc=190d) @0.409537
[:slot3:serad] 8085 d0rd[01] -> 04 (pc=190d) @0.409546
[:slot3:serad] 8085 d0rd[01] -> 04 (pc=190d) @0.409555
[:slot3:serad] 8085 d0rd[01] -> 04 (pc=190d) @0.409564
[:slot3:serad] 8085 d0rd[01] -> 04 (pc=190d) @0.409573
[:slot3:serad] 8085 d0rd[01] -> 04 (pc=190d) @0.409582
[:slot3:serad] 8085 d0rd[01] -> 04 (pc=190d) @0.409591
[:slot3:serad] 8085 d0rd[01] -> 04 (pc=190d) @0.409600
[:slot3:serad] 8085 d0rd[01] -> 04 (pc=190d) @0.409609
[:slot3:serad] 8085 d0rd[01] -> 04 (pc=190d) @0.409618
[:slot3:serad] 8085 d0rd[01] -> 04 (pc=190d) @0.409627
[:slot3:serad] 8085 d0rd[01] -> 04 (pc=190d) @0.409636
[:slot3:serad] 8085 d0rd[01] -> 04 (pc=190d) @0.409645
[:slot3:serad] 8085 d0rd[01] -> 04 (pc=190d) @0.409654
[:slot3:serad] 8085 d0rd[01] -> 04 (pc=190d) @0.409663
[:slot3:serad] 8085 d0rd[01] -> 04 (pc=190d) @0.409672
[:slot3:serad] 8085 d0rd[01] -> 04 (pc=190d) @0.409681
[:slot3:serad] 8085 d0rd[01] -> 04 (pc=190d) @0.409690
[:slot3:serad] 8085 d0rd[01] -> 04 (pc=190d) @0.409699
[:slot3:serad] 8085 d0rd[01] -> 04 (pc=190d) @0.409708
[:slot3:serad] 8085 d0rd[01] -> 04 (pc=190d) @0.409717
[:slot3:serad] 8085 d0rd[01] -> 04 (pc=190d) @0.409726
[:slot3:serad] 8085 d0rd[01] -> 04 (pc=190d) @0.409735
[:slot3:serad] 8085 d0rd[01] -> 04 (pc=190d) @0.409744
[:slot3:serad:duart0:cha] RXPUSH aa err=00 @0.409778
[:slot3:serad] 8085 CR io0A = 1a (pc=1935) @0.40980
[:slot3:serad] 8085 CR io0A = 20 (pc=1939) @0.40980
[:slot3:serad] 8085 CR io0A = 30 (pc=193d) @0.40981
[:slot3:serad] 8085 CR io0A = 05 (pc=195b) @0.40983
[:slot3:serad:duart0:chb] TXEN ch1 SR=0c @0.40983
[:slot3:serad:duart0:chb] RXPUSH 55 err=00 @0.410484
[:slot3:serad:duart0:chb] RXPUSH aa err=00 @0.410771
[:slot3:serad:duart1:cha] TXEN ch0 SR=0c @0.41083
[:slot3:serad:duart1:cha] RXPUSH 55 err=00 @0.411477
[:slot3:serad:duart1:cha] RXPUSH aa err=00 @0.411763
[:slot3:serad:duart1:chb] TXEN ch1 SR=0c @0.41182
[:slot3:serad:duart1:chb] RXPUSH 55 err=00 @0.412469
[:slot3:serad:duart1:chb] RXPUSH aa err=00 @0.412756
[:slot3:serad:duart2:cha] TXEN ch0 SR=0c @0.41281
[:slot3:serad:duart2:cha] RXPUSH 55 err=00 @0.413462
[:slot3:serad:duart2:cha] RXPUSH aa err=00 @0.413749
[:slot3:serad:duart2:chb] TXEN ch1 SR=0c @0.41380
[:slot3:serad:duart2:chb] RXPUSH 55 err=00 @0.414455
[:slot3:serad:duart2:chb] RXPUSH aa err=00 @0.414741
[:slot3:serad] 8085 IMR io05 = 22 (pc=1006) @0.41478
[:slot3:serad] 8085 CR io02 = 1a (pc=100a) @0.41478
[:slot3:serad] 8085 CR io02 = 40 (pc=100e) @0.41479
[:slot3:serad] 8085 CR io02 = 30 (pc=1012) @0.41479
[:slot3:serad] 8085 CR io02 = 20 (pc=1016) @0.41479
[:slot3:serad] 8085 CR io02 = 70 (pc=113b) @0.41492
[:slot3:serad] 8085 CR io02 = 28 (pc=1147) @0.41492
[:slot3:serad] 8085 CR io02 = 0a (pc=1163) @0.41494
[:slot3:serad] 8085 IMR io05 = 22 (pc=116d) @0.41495
[:slot3:serad] duart0 outport = 7f @0.4149
[:slot3:serad] 8085 CR io0A = 1a (pc=1171) @0.41495
[:slot3:serad] duart0 outport = ff @0.4150
[:slot3:serad] 8085 CR io0A = 40 (pc=1175) @0.41496
[:slot3:serad] 8085 CR io0A = 30 (pc=1179) @0.41496
[:slot3:serad] 8085 CR io0A = 20 (pc=117d) @0.41496
[:slot3:serad] 8085 CR io0A = 70 (pc=12a2) @0.41509
[:slot3:serad] 8085 CR io0A = 28 (pc=12ae) @0.41509
[:slot3:serad] 8085 CR io0A = 0a (pc=12ca) @0.41511
[:slot3:serad] duart0 outport = fc @0.4158
[:slot3:serad] 8085 mbx[5] = 3f @0.41585
[:slot3:serad] 8085 mbxhi WR [0a0] = 01 @0.41587
[:slot3:serad] rst55 <- 0 @0.41587
[:slot3:serad] 8085 mbx WR [3] = 80 @0.41587
[:slot3:serad] 8085 mbx[3] = 80 @0.41587
[:slot3:serad] 8085 mbx WR [0] = 00 @0.41593
[:slot3:serad] 8085 mbx[0] = 00 @0.41593
[:slot3:serad] 8085 mbx WR [0] = 00 @0.41594
[:slot3:serad] 8085 mbx[0] = 00 @0.41594
[:slot3:serad] 8085 mbx WR [1] = 00 @0.41600
[:slot3:serad] 8085 mbx[1] = 00 @0.41600
[:slot3:serad] 8085 mbx WR [1] = 00 @0.41601
[:slot3:serad] 8085 mbx[1] = 00 @0.41601
[:slot3:serad] 8085 mbx WR [2] = 00 @0.41607
[:slot3:serad] 8085 mbx[2] = 00 @0.41607
[:slot3:serad] 8085 mbx WR [2] = 00 @0.41608
[:slot3:serad] 8085 mbx[2] = 00 @0.41608
[:slot3:serad] 8085 mbx WR [3] = 00 @0.41614
[:slot3:serad] 8085 mbx[3] = 00 @0.41614
[:slot3:serad] 8085 mbx WR [3] = 80 @0.41615
[:slot3:serad] 8085 mbx[3] = 80 @0.41615
[:slot3:serad] 8085 mbx[4] = 00 @0.41621
[:slot3:serad] 8085 mbx[4] = 00 @0.41622
[:slot3:serad] 8085 mbx[5] = 00 @0.41628
[:slot3:serad] 8085 mbx[5] = 3f @0.41629
[:slot3:serad] 8085 mbx[6] = 00 @0.41635
[:slot3:serad] 8085 mbx[6] = 00 @0.41635
[:slot3:serad] 8085 mbx[7] = 00 @0.41642
[:slot3:serad] 8085 mbx[7] = 00 @0.41642
[:slot3:serad] 8085 mbxhi WR [098] = 00 @0.42651
[:slot1:storager] TEMPC800 cell[02] <= 0003 pc=009cb0
[:slot1:storager] TEMPC800 cell[04] <= 0004 pc=009cb0
[:slot1:storager] TEMP6000 rd  a=6000 mask=ff00 data=0000 pc=009cb4
[:slot1:storager] TEMPC800 cell[00] <= 0000 pc=009c2e
[:slot1:storager] TEMPC800 cell[04] <= 0004 pc=009cb0
[:slot1:storager] TEMPC800 cell[08] <= 0004 pc=009cb0
[:slot1:storager] TEMP6000 rd  a=6000 mask=00ff data=0000 pc=009cb4
[:slot1:storager] TEMPC800 cell[00] <= 0000 pc=009c2e
[:slot1:storager] TEMPC800 cell[08] <= 0004 pc=009cb0
[:slot1:storager] TEMPC800 cell[10] <= 0005 pc=009cb0
[:slot1:storager] TEMP6000 rd  a=6000 mask=ff00 data=0000 pc=009cb4
[:slot1:storager] TEMPC800 cell[00] <= 0000 pc=009c2e
[:slot1:storager] TEMPC800 cell[10] <= 0005 pc=009cb0
[:slot1:storager] PIT   498008.6us ff8006 <= 2626 mask=00ff pc=00a0ae
[:slot1:storager] PIT   498010.6us ff8000 <= ffff mask=00ff pc=00a0b6
[:slot1:storager] CUR   511110.0us [799a] <= 6c00 pc=00084a
[:slot1:storager] CUR   511992.4us [799a] <= 6d30 pc=00084a
[:slot1:storager] CUR   513013.4us [799a] <= 6e60 pc=00084a
[:slot1:storager] ERRFLD   513074.6us [6e78] <= 0f0f pc=00086a
[:slot1:storager] ERRFLD   513076.8us [6e78] <= 0505 pc=00086a
[:slot1:storager] CUR   513787.8us [799a] <= 6f90 pc=00084a
[:slot1:storager] PHASE   514639.2us [7216] <= 0000 pc=000892
[:slot1:storager] QHEAD   514651.8us [7370] <= 730c pc=0008ba
[:slot1:storager] QHEAD   514715.2us [7372] <= 7360 pc=0008e2
[:slot1:storager] POOL   514770.0us [74ac] <= 74c4 pc=000a90
[:slot1:storager] CTX   514770.0us [74ac] <= 74c4 pc=000a90 IPL=7  <-- IN ISR
[:slot1:storager] XSTATE   514982.8us [74b4] <= 0000
[:slot1:storager] PIT   515155.6us ff8006 <= 3838 mask=ff00 pc=000910
[:slot1:storager] PIT   515157.2us ff8006 <= 7a7a mask=ff00 pc=000916
[:slot1:storager] PIT   515158.8us ff8006 <= b8b8 mask=ff00 pc=00091c
[:slot1:storager] PIT   515160.8us ff8006 <= 2626 mask=00ff pc=000924
[:slot1:storager] PIT   515162.4us ff8006 <= 6666 mask=00ff pc=00092a
[:slot1:storager] PIT   515164.0us ff8006 <= b8b8 mask=00ff pc=000930
[:slot1:storager] PIT2 OUT rise t=0.5152
[:slot1:storager] PIT   515166.0us ff8000 <= ffff mask=00ff pc=000938
[:slot1:storager] PIT   515187.2us ff8006 <= b4b4 mask=00ff pc=000976
[:slot1:storager] PIT   515189.6us ff8006 <= b0b0 mask=00ff pc=000980
[:slot1:storager] PIT   515192.0us ff8006 <= b4b4 mask=00ff pc=00098a
[:slot1:storager] PIT2 OUT rise t=0.5152
[:slot1:storager] TICK   541287.5us head[736c]=0000 [736e]=0000 [7370]=730c [7b12]=0000 [7a36]=0000 [7a38]=0000
[:slot1:storager] PIT   541303.1us ff8000 <= ffff mask=00ff pc=002bc4
[:slot1:storager] TICK   567404.5us head[736c]=0000 [736e]=0000 [7370]=730c [7b12]=0000 [7a36]=0000 [7a38]=0000
[:slot1:storager] PIT   567420.1us ff8000 <= ffff mask=00ff pc=002bc4
[:slot1:storager] TICK   593521.5us head[736c]=0000 [736e]=0000 [7370]=730c [7b12]=0000 [7a36]=0000 [7a38]=0000
[:slot1:storager] PIT   593537.1us ff8000 <= ffff mask=00ff pc=002bc4
[:slot1:storager] TICK   619638.5us head[736c]=0000 [736e]=0000 [7370]=730c [7b12]=0000 [7a36]=0000 [7a38]=0000
[:slot1:storager] PIT   619654.1us ff8000 <= ffff mask=00ff pc=002bc4
[:slot1:storager] TICK   645753.5us head[736c]=0000 [736e]=0000 [7370]=730c [7b12]=0000 [7a36]=0000 [7a38]=0000
[:slot1:storager] PIT   645769.1us ff8000 <= ffff mask=00ff pc=002bc4
[:slot1:storager] TICK   671870.5us head[736c]=0000 [736e]=0000 [7370]=730c [7b12]=0000 [7a36]=0000 [7a38]=0000
[:slot1:storager] PIT   671886.1us ff8000 <= ffff mask=00ff pc=002bc4
[:slot1:storager] TICK   697986.5us head[736c]=0000 [736e]=0000 [7370]=730c [7b12]=0000 [7a36]=0000 [7a38]=0000
[:slot1:storager] PIT   698002.1us ff8000 <= ffff mask=00ff pc=002bc4
[:slot1:storager] TICK   724103.5us head[736c]=0000 [736e]=0000 [7370]=730c [7b12]=0000 [7a36]=0000 [7a38]=0000
[:slot1:storager] PIT   724119.1us ff8000 <= ffff mask=00ff pc=002bc4
[:slot1:storager] TICK   750218.5us head[736c]=0000 [736e]=0000 [7370]=730c [7b12]=0000 [7a36]=0000 [7a38]=0000
[:slot1:storager] PIT   750234.1us ff8000 <= ffff mask=00ff pc=002bc4
[:slot1:storager] TICK   776336.5us head[736c]=0000 [736e]=0000 [7370]=730c [7b12]=0000 [7a36]=0000 [7a38]=0000
[:slot1:storager] PIT   776352.1us ff8000 <= ffff mask=00ff pc=002bc4
[:slot1:storager] TICK   802452.5us head[736c]=0000 [736e]=0000 [7370]=730c [7b12]=0000 [7a36]=0000 [7a38]=0000
[:slot1:storager] PIT   802468.1us ff8000 <= ffff mask=00ff pc=002bc4
[:slot1:storager] TICK   828569.5us head[736c]=0000 [736e]=0000 [7370]=730c [7b12]=0000 [7a36]=0000 [7a38]=0000
[:slot1:storager] PIT   828585.1us ff8000 <= ffff mask=00ff pc=002bc4
[:slot3:serad] 8085 mbx WR [0] = 01 @0.83925
[:slot3:serad] 8085 mbx[0] = 01 @0.83925
[:slot3:serad] 8085 mbx WR [0] = 00 @0.83925
[:slot3:serad] 8085 mbx[0] = 00 @0.83925
[:slot3:serad] 8085 mbx WR [1] = 01 @0.83932
[:slot3:serad] 8085 mbx[1] = 01 @0.83932
[:slot3:serad] 8085 mbx WR [1] = 00 @0.83932
[:slot3:serad] 8085 mbx[1] = 00 @0.83932
[:slot3:serad] 8085 mbx WR [2] = 01 @0.83939
[:slot3:serad] 8085 mbx[2] = 01 @0.83939
[:slot3:serad] 8085 mbx WR [2] = 00 @0.83939
[:slot3:serad] 8085 mbx[2] = 00 @0.83939
[:slot3:serad] 8085 mbx WR [3] = 01 @0.83946
[:slot3:serad] 8085 mbx[3] = 01 @0.83946
[:slot3:serad] 8085 mbx WR [3] = 80 @0.83946
[:slot3:serad] 8085 mbx[3] = 80 @0.83946
[:slot3:serad] 8085 mbx[4] = 01 @0.83953
[:slot3:serad] 8085 mbx[4] = 00 @0.83953
[:slot3:serad] 8085 mbx[5] = 01 @0.83960
[:slot3:serad] 8085 mbx[5] = 3f @0.83960
[:slot3:serad] 8085 mbx[6] = 01 @0.83967
[:slot3:serad] 8085 mbx[6] = 00 @0.83967
[:slot3:serad] 8085 mbx[7] = 01 @0.83974
[:slot3:serad] 8085 mbx[7] = 00 @0.83974
[:slot3:serad] 8085 sem rd [09c] = 01 @0.85011
[:slot1:storager] TICK   854685.5us head[736c]=0000 [736e]=0000 [7370]=730c [7b12]=0000 [7a36]=0000 [7a38]=0000
[:slot1:storager] PIT   854701.1us ff8000 <= ffff mask=00ff pc=002bc4
[:slot1:storager] TICK   880801.5us head[736c]=0000 [736e]=0000 [7370]=730c [7b12]=0000 [7a36]=0000 [7a38]=0000
[:slot1:storager] PIT   880817.1us ff8000 <= ffff mask=00ff pc=002bc4
[:slot1:storager] TICK   906917.5us head[736c]=0000 [736e]=0000 [7370]=730c [7b12]=0000 [7a36]=0000 [7a38]=0000
[:slot1:storager] PIT   906933.1us ff8000 <= ffff mask=00ff pc=002bc4
[:slot1:storager] TICK   933033.5us head[736c]=0000 [736e]=0000 [7370]=730c [7b12]=0000 [7a36]=0000 [7a38]=0000
[:slot1:storager] PIT   933049.1us ff8000 <= ffff mask=00ff pc=002bc4
[:slot1:storager] TICK   959150.5us head[736c]=0000 [736e]=0000 [7370]=730c [7b12]=0000 [7a36]=0000 [7a38]=0000
[:slot1:storager] PIT   959166.1us ff8000 <= ffff mask=00ff pc=002bc4
[:slot1:storager] TICK   985267.5us head[736c]=0000 [736e]=0000 [7370]=730c [7b12]=0000 [7a36]=0000 [7a38]=0000
[:slot1:storager] PIT   985283.1us ff8000 <= ffff mask=00ff pc=002bc4
[:slot1:storager] TICK  1011383.5us head[736c]=0000 [736e]=0000 [7370]=730c [7b12]=0000 [7a36]=0000 [7a38]=0000
[:slot1:storager] PIT  1011399.1us ff8000 <= ffff mask=00ff pc=002bc4
[:slot1:storager] TICK  1037499.5us head[736c]=0000 [736e]=0000 [7370]=730c [7b12]=0000 [7a36]=0000 [7a38]=0000
[:slot1:storager] PIT  1037515.1us ff8000 <= ffff mask=00ff pc=002bc4
[:slot1:storager] TICK  1063616.5us head[736c]=0000 [736e]=0000 [7370]=730c [7b12]=0000 [7a36]=0000 [7a38]=0000
[:slot1:storager] PIT  1063632.1us ff8000 <= ffff mask=00ff pc=002bc4
[:slot1:storager] TICK  1089732.5us head[736c]=0000 [736e]=0000 [7370]=730c [7b12]=0000 [7a36]=0000 [7a38]=0000
[:slot1:storager] PIT  1089748.1us ff8000 <= ffff mask=00ff pc=002bc4
[:slot1:storager] TICK  1115849.5us head[736c]=0000 [736e]=0000 [7370]=730c [7b12]=0000 [7a36]=0000 [7a38]=0000
[:slot1:storager] PIT  1115865.1us ff8000 <= ffff mask=00ff pc=002bc4
[:slot1:storager] TICK  1141965.5us head[736c]=0000 [736e]=0000 [7370]=730c [7b12]=0000 [7a36]=0000 [7a38]=0000
[:slot1:storager] PIT  1141981.1us ff8000 <= ffff mask=00ff pc=002bc4
[:slot1:storager] TICK  1168081.5us head[736c]=0000 [736e]=0000 [7370]=730c [7b12]=0000 [7a36]=0000 [7a38]=0000
[:slot1:storager] PIT  1168097.1us ff8000 <= ffff mask=00ff pc=002bc4
[:slot1:storager] TICK  1194198.5us head[736c]=0000 [736e]=0000 [7370]=730c [7b12]=0000 [7a36]=0000 [7a38]=0000
[:slot1:storager] PIT  1194214.1us ff8000 <= ffff mask=00ff pc=002bc4
[:slot1:storager] TICK  1220314.5us head[736c]=0000 [736e]=0000 [7370]=730c [7b12]=0000 [7a36]=0000 [7a38]=0000
[:slot1:storager] PIT  1220330.1us ff8000 <= ffff mask=00ff pc=002bc4
[:slot1:storager] TICK  1246431.5us head[736c]=0000 [736e]=0000 [7370]=730c [7b12]=0000 [7a36]=0000 [7a38]=0000
[:slot1:storager] PIT  1246447.1us ff8000 <= ffff mask=00ff pc=002bc4
[:slot3:serad] 8085 mbx[0] = 02 @1.26257
[:slot3:serad] 8085 mbx[0] = 00 @1.26257
[:slot3:serad] 8085 mbx[1] = 02 @1.26264
[:slot3:serad] 8085 mbx[1] = 00 @1.26264
[:slot3:serad] 8085 mbx[2] = 02 @1.26270
[:slot3:serad] 8085 mbx[2] = 00 @1.26271
[:slot3:serad] 8085 mbx[3] = 02 @1.26277
[:slot3:serad] 8085 mbx[3] = 80 @1.26278
[:slot3:serad] 8085 mbx[4] = 02 @1.26284
[:slot3:serad] 8085 mbx[4] = 00 @1.26285
[:slot3:serad] 8085 mbx[5] = 02 @1.26291
[:slot3:serad] 8085 mbx[5] = 3f @1.26292
[:slot3:serad] 8085 mbx[6] = 02 @1.26298
[:slot3:serad] 8085 mbx[6] = 00 @1.26299
[:slot3:serad] 8085 mbx[7] = 02 @1.26305
[:slot3:serad] 8085 mbx[7] = 00 @1.26306
[:slot1:storager] TICK  1272547.5us head[736c]=0000 [736e]=0000 [7370]=730c [7b12]=0000 [7a36]=0000 [7a38]=0000
[:slot1:storager] PIT  1272563.1us ff8000 <= ffff mask=00ff pc=002bc4
[:slot3:serad] 8085 sem rd [09c] = 00 @1.27342
[:slot3:serad] 8085 sem rd [09c] = 02 @1.27342
[:slot1:storager] TICK  1298664.5us head[736c]=0000 [736e]=0000 [7370]=730c [7b12]=0000 [7a36]=0000 [7a38]=0000
[:slot1:storager] PIT  1298680.1us ff8000 <= ffff mask=00ff pc=002bc4
[:slot1:storager] TICK  1324780.5us head[736c]=0000 [736e]=0000 [7370]=730c [7b12]=0000 [7a36]=0000 [7a38]=0000
[:slot1:storager] PIT  1324796.1us ff8000 <= ffff mask=00ff pc=002bc4
[:slot1:storager] TICK  1350896.5us head[736c]=0000 [736e]=0000 [7370]=730c [7b12]=0000 [7a36]=0000 [7a38]=0000
[:slot1:storager] PIT  1350912.1us ff8000 <= ffff mask=00ff pc=002bc4
[:slot1:storager] TICK  1377013.5us head[736c]=0000 [736e]=0000 [7370]=730c [7b12]=0000 [7a36]=0000 [7a38]=0000
[:slot1:storager] PIT  1377029.1us ff8000 <= ffff mask=00ff pc=002bc4
[:slot1:storager] TICK  1403129.5us head[736c]=0000 [736e]=0000 [7370]=730c [7b12]=0000 [7a36]=0000 [7a38]=0000
[:slot1:storager] PIT  1403145.1us ff8000 <= ffff mask=00ff pc=002bc4
[:slot1:storager] TICK  1429245.5us head[736c]=0000 [736e]=0000 [7370]=730c [7b12]=0000 [7a36]=0000 [7a38]=0000
[:slot1:storager] PIT  1429261.1us ff8000 <= ffff mask=00ff pc=002bc4
[:slot1:storager] TICK  1455362.5us head[736c]=0000 [736e]=0000 [7370]=730c [7b12]=0000 [7a36]=0000 [7a38]=0000
[:slot1:storager] PIT  1455378.1us ff8000 <= ffff mask=00ff pc=002bc4
[:slot1:storager] TICK  1481478.5us head[736c]=0000 [736e]=0000 [7370]=730c [7b12]=0000 [7a36]=0000 [7a38]=0000
[:slot1:storager] PIT  1481494.1us ff8000 <= ffff mask=00ff pc=002bc4
[:slot1:storager] TICK  1507595.5us head[736c]=0000 [736e]=0000 [7370]=730c [7b12]=0000 [7a36]=0000 [7a38]=0000
[:slot1:storager] PIT  1507611.1us ff8000 <= ffff mask=00ff pc=002bc4
[:slot1:storager] TICK  1533711.5us head[736c]=0000 [736e]=0000 [7370]=730c [7b12]=0000 [7a36]=0000 [7a38]=0000
[:slot1:storager] PIT  1533727.1us ff8000 <= ffff mask=00ff pc=002bc4
[:slot1:storager] TICK  1559828.5us head[736c]=0000 [736e]=0000 [7370]=730c [7b12]=0000 [7a36]=0000 [7a38]=0000
[:slot1:storager] PIT  1559844.1us ff8000 <= ffff mask=00ff pc=002bc4
[:slot1:storager] TICK  1585943.5us head[736c]=0000 [736e]=0000 [7370]=730c [7b12]=0000 [7a36]=0000 [7a38]=0000
[:slot1:storager] PIT  1585959.1us ff8000 <= ffff mask=00ff pc=002bc4
[:slot1:storager] TICK  1612060.5us head[736c]=0000 [736e]=0000 [7370]=730c [7b12]=0000 [7a36]=0000 [7a38]=0000
[:slot1:storager] PIT  1612076.1us ff8000 <= ffff mask=00ff pc=002bc4
[:slot1:storager] TICK  1638176.5us head[736c]=0000 [736e]=0000 [7370]=730c [7b12]=0000 [7a36]=0000 [7a38]=0000
[:slot1:storager] PIT  1638192.1us ff8000 <= ffff mask=00ff pc=002bc4
[:slot1:storager] TICK  1664293.5us head[736c]=0000 [736e]=0000 [7370]=730c [7b12]=0000 [7a36]=0000 [7a38]=0000
[:slot1:storager] PIT  1664309.1us ff8000 <= ffff mask=00ff pc=002bc4
[:slot3:serad] 8085 mbx[0] = 03 @1.68588
[:slot3:serad] 8085 mbx[0] = 00 @1.68588
[:slot3:serad] 8085 mbx[1] = 03 @1.68595
[:slot3:serad] 8085 mbx[1] = 00 @1.68595
[:slot3:serad] 8085 mbx[2] = 03 @1.68602
[:slot3:serad] 8085 mbx[2] = 00 @1.68602
[:slot3:serad] 8085 mbx[3] = 03 @1.68609
[:slot3:serad] 8085 mbx[3] = 80 @1.68609
[:slot3:serad] 8085 mbx[4] = 03 @1.68616
[:slot3:serad] 8085 mbx[4] = 00 @1.68616
[:slot3:serad] 8085 mbx[5] = 03 @1.68623
[:slot3:serad] 8085 mbx[5] = 3f @1.68623
[:slot3:serad] 8085 mbx[6] = 03 @1.68630
[:slot3:serad] 8085 mbx[6] = 00 @1.68630
[:slot3:serad] 8085 mbx[7] = 03 @1.68637
[:slot3:serad] 8085 mbx[7] = 00 @1.68637
[:slot1:storager] TICK  1690410.5us head[736c]=0000 [736e]=0000 [7370]=730c [7b12]=0000 [7a36]=0000 [7a38]=0000
[:slot1:storager] PIT  1690426.1us ff8000 <= ffff mask=00ff pc=002bc4
[:slot3:serad] 8085 sem rd [09c] = 00 @1.69674
[:slot3:serad] 8085 sem rd [09c] = 03 @1.69674
[:slot1:storager] TICK  1716526.5us head[736c]=0000 [736e]=0000 [7370]=730c [7b12]=0000 [7a36]=0000 [7a38]=0000
[:slot1:storager] PIT  1716542.1us ff8000 <= ffff mask=00ff pc=002bc4
[:slot1:storager] TICK  1742642.5us head[736c]=0000 [736e]=0000 [7370]=730c [7b12]=0000 [7a36]=0000 [7a38]=0000
[:slot1:storager] PIT  1742658.1us ff8000 <= ffff mask=00ff pc=002bc4
[:slot1:storager] TICK  1768759.5us head[736c]=0000 [736e]=0000 [7370]=730c [7b12]=0000 [7a36]=0000 [7a38]=0000
[:slot1:storager] PIT  1768775.1us ff8000 <= ffff mask=00ff pc=002bc4
[:slot1:storager] TICK  1794875.5us head[736c]=0000 [736e]=0000 [7370]=730c [7b12]=0000 [7a36]=0000 [7a38]=0000
[:slot1:storager] PIT  1794891.1us ff8000 <= ffff mask=00ff pc=002bc4
[:slot3:serad:port0:s97801:term:maincpu] ':slot3:serad:port0:s97801:term:maincpu' (069F): unmapped program memory read from 8100 & FF
[:slot1:storager] TICK  1820991.5us head[736c]=0000 [736e]=0000 [7370]=730c [7b12]=0000 [7a36]=0000 [7a38]=0000
[:slot1:storager] PIT  1821007.1us ff8000 <= ffff mask=00ff pc=002bc4
[:slot1:storager] TICK  1847109.5us head[736c]=0000 [736e]=0000 [7370]=730c [7b12]=0000 [7a36]=0000 [7a38]=0000
[:slot1:storager] PIT  1847125.1us ff8000 <= ffff mask=00ff pc=002bc4
[:slot1:storager] TICK  1873224.5us head[736c]=0000 [736e]=0000 [7370]=730c [7b12]=0000 [7a36]=0000 [7a38]=0000
[:slot1:storager] PIT  1873240.1us ff8000 <= ffff mask=00ff pc=002bc4
[:slot1:storager] TICK  1899341.5us head[736c]=0000 [736e]=0000 [7370]=730c [7b12]=0000 [7a36]=0000 [7a38]=0000
[:slot1:storager] PIT  1899357.1us ff8000 <= ffff mask=00ff pc=002bc4
[:slot1:storager] TICK  1925457.5us head[736c]=0000 [736e]=0000 [7370]=730c [7b12]=0000 [7a36]=0000 [7a38]=0000
[:slot1:storager] PIT  1925473.1us ff8000 <= ffff mask=00ff pc=002bc4
[:slot1:storager] TICK  1951574.5us head[736c]=0000 [736e]=0000 [7370]=730c [7b12]=0000 [7a36]=0000 [7a38]=0000
[:slot1:storager] PIT  1951590.1us ff8000 <= ffff mask=00ff pc=002bc4
[:slot1:storager] TICK  1977689.5us head[736c]=0000 [736e]=0000 [7370]=730c [7b12]=0000 [7a36]=0000 [7a38]=0000
[:slot1:storager] PIT  1977705.1us ff8000 <= ffff mask=00ff pc=002bc4
[:slot1:storager] TICK  2003806.5us head[736c]=0000 [736e]=0000 [7370]=730c [7b12]=0000 [7a36]=0000 [7a38]=0000
[:slot1:storager] PIT  2003822.1us ff8000 <= ffff mask=00ff pc=002bc4
[:slot1:storager] TICK  2029923.5us head[736c]=0000 [736e]=0000 [7370]=730c [7b12]=0000 [7a36]=0000 [7a38]=0000
[:slot1:storager] PIT  2029939.1us ff8000 <= ffff mask=00ff pc=002bc4
[:slot1:storager] TICK  2056038.5us head[736c]=0000 [736e]=0000 [7370]=730c [7b12]=0000 [7a36]=0000 [7a38]=0000
[:slot1:storager] PIT  2056054.1us ff8000 <= ffff mask=00ff pc=002bc4
[:slot1:storager] TICK  2082155.5us head[736c]=0000 [736e]=0000 [7370]=730c [7b12]=0000 [7a36]=0000 [7a38]=0000
[:slot1:storager] PIT  2082171.1us ff8000 <= ffff mask=00ff pc=002bc4
[:slot1:storager] TICK  2108272.5us head[736c]=0000 [736e]=0000 [7370]=730c [7b12]=0000 [7a36]=0000 [7a38]=0000
[:slot1:storager] PIT  2108288.1us ff8000 <= ffff mask=00ff pc=002bc4
[:slot3:serad] 8085 mbx[0] = 04 @2.10920
[:slot3:serad] 8085 mbx[0] = 00 @2.10920
[:slot3:serad] 8085 mbx[1] = 04 @2.10927
[:slot3:serad] 8085 mbx[1] = 00 @2.10927
[:slot3:serad] 8085 mbx[2] = 04 @2.10934
[:slot3:serad] 8085 mbx[2] = 00 @2.10934
[:slot3:serad] 8085 mbx[3] = 04 @2.10941
[:slot3:serad] 8085 mbx[3] = 80 @2.10941
[:slot3:serad] 8085 mbx[4] = 04 @2.10948
[:slot3:serad] 8085 mbx[4] = 00 @2.10948
[:slot3:serad] 8085 mbx[5] = 04 @2.10954
[:slot3:serad] 8085 mbx[5] = 3f @2.10955
[:slot3:serad] 8085 mbx[6] = 04 @2.10961
[:slot3:serad] 8085 mbx[6] = 00 @2.10962
[:slot3:serad] 8085 mbx[7] = 04 @2.10968
[:slot3:serad] 8085 mbx[7] = 00 @2.10969
[:slot3:serad] 8085 sem rd [09c] = 00 @2.12005
[:slot3:serad] 8085 sem rd [09c] = 04 @2.12006
[:slot1:storager] TICK  2134388.5us head[736c]=0000 [736e]=0000 [7370]=730c [7b12]=0000 [7a36]=0000 [7a38]=0000
[:slot1:storager] PIT  2134404.1us ff8000 <= ffff mask=00ff pc=002bc4
[:slot1:storager] TICK  2160504.5us head[736c]=0000 [736e]=0000 [7370]=730c [7b12]=0000 [7a36]=0000 [7a38]=0000
[:slot1:storager] PIT  2160520.1us ff8000 <= ffff mask=00ff pc=002bc4
[:slot1:storager] TICK  2186621.5us head[736c]=0000 [736e]=0000 [7370]=730c [7b12]=0000 [7a36]=0000 [7a38]=0000
[:slot1:storager] PIT  2186637.1us ff8000 <= ffff mask=00ff pc=002bc4
[:slot1:storager] TICK  2212738.5us head[736c]=0000 [736e]=0000 [7370]=730c [7b12]=0000 [7a36]=0000 [7a38]=0000
[:slot1:storager] PIT  2212754.1us ff8000 <= ffff mask=00ff pc=002bc4
[:slot1:storager] TICK  2238854.5us head[736c]=0000 [736e]=0000 [7370]=730c [7b12]=0000 [7a36]=0000 [7a38]=0000
[:slot1:storager] PIT  2238870.1us ff8000 <= ffff mask=00ff pc=002bc4
[:slot1:storager] TICK  2264970.5us head[736c]=0000 [736e]=0000 [7370]=730c [7b12]=0000 [7a36]=0000 [7a38]=0000
[:slot1:storager] PIT  2264986.1us ff8000 <= ffff mask=00ff pc=002bc4
[:slot1:storager] TICK  2291087.5us head[736c]=0000 [736e]=0000 [7370]=730c [7b12]=0000 [7a36]=0000 [7a38]=0000
[:slot1:storager] PIT  2291103.1us ff8000 <= ffff mask=00ff pc=002bc4
[:slot1:storager] TICK  2317203.5us head[736c]=0000 [736e]=0000 [7370]=730c [7b12]=0000 [7a36]=0000 [7a38]=0000
[:slot1:storager] PIT  2317219.1us ff8000 <= ffff mask=00ff pc=002bc4
[:slot1:storager] TICK  2343320.5us head[736c]=0000 [736e]=0000 [7370]=730c [7b12]=0000 [7a36]=0000 [7a38]=0000
[:slot1:storager] PIT  2343336.1us ff8000 <= ffff mask=00ff pc=002bc4
[:slot1:storager] TICK  2369436.5us head[736c]=0000 [736e]=0000 [7370]=730c [7b12]=0000 [7a36]=0000 [7a38]=0000
[:slot1:storager] PIT  2369452.1us ff8000 <= ffff mask=00ff pc=002bc4
[:slot1:storager] TICK  2395552.5us head[736c]=0000 [736e]=0000 [7370]=730c [7b12]=0000 [7a36]=0000 [7a38]=0000
[:slot1:storager] PIT  2395568.1us ff8000 <= ffff mask=00ff pc=002bc4
[:slot1:storager] TICK  2421669.5us head[736c]=0000 [736e]=0000 [7370]=730c [7b12]=0000 [7a36]=0000 [7a38]=0000
[:slot1:storager] PIT  2421685.1us ff8000 <= ffff mask=00ff pc=002bc4
[:slot1:storager] TICK  2447785.5us head[736c]=0000 [736e]=0000 [7370]=730c [7b12]=0000 [7a36]=0000 [7a38]=0000
[:slot1:storager] PIT  2447801.1us ff8000 <= ffff mask=00ff pc=002bc4
[:slot1:storager] TICK  2473901.5us head[736c]=0000 [736e]=0000 [7370]=730c [7b12]=0000 [7a36]=0000 [7a38]=0000
[:slot1:storager] PIT  2473917.1us ff8000 <= ffff mask=00ff pc=002bc4
[:slot1:storager] TICK  2500019.5us head[736c]=0000 [736e]=0000 [7370]=730c [7b12]=0000 [7a36]=0000 [7a38]=0000
[:slot1:storager] PIT  2500035.1us ff8000 <= ffff mask=00ff pc=002bc4
[:slot1:storager] TICK  2526134.5us head[736c]=0000 [736e]=0000 [7370]=730c [7b12]=0000 [7a36]=0000 [7a38]=0000
[:slot1:storager] PIT  2526150.1us ff8000 <= ffff mask=00ff pc=002bc4
[:slot3:serad] 8085 mbx[0] = 05 @2.53251
[:slot3:serad] 8085 mbx[0] = 00 @2.53252
[:slot3:serad] 8085 mbx[1] = 05 @2.53258
[:slot3:serad] 8085 mbx[1] = 00 @2.53258
[:slot3:serad] 8085 mbx[2] = 05 @2.53265
[:slot3:serad] 8085 mbx[2] = 00 @2.53265
[:slot3:serad] 8085 mbx[3] = 05 @2.53272
[:slot3:serad] 8085 mbx[3] = 80 @2.53272
[:slot3:serad] 8085 mbx[4] = 05 @2.53279
[:slot3:serad] 8085 mbx[4] = 00 @2.53279
[:slot3:serad] 8085 mbx[5] = 05 @2.53286
[:slot3:serad] 8085 mbx[5] = 3f @2.53286
[:slot3:serad] 8085 mbx[6] = 05 @2.53293
[:slot3:serad] 8085 mbx[6] = 00 @2.53293
[:slot3:serad] 8085 mbx[7] = 05 @2.53300
[:slot3:serad] 8085 mbx[7] = 00 @2.53300
[:slot3:serad] 8085 sem rd [09c] = 00 @2.54337
[:slot3:serad] 8085 sem rd [09c] = 05 @2.54337
[:slot1:storager] TICK  2552250.5us head[736c]=0000 [736e]=0000 [7370]=730c [7b12]=0000 [7a36]=0000 [7a38]=0000
[:slot1:storager] PIT  2552266.1us ff8000 <= ffff mask=00ff pc=002bc4
[:slot1:storager] TICK  2578367.5us head[736c]=0000 [736e]=0000 [7370]=730c [7b12]=0000 [7a36]=0000 [7a38]=0000
[:slot1:storager] PIT  2578383.1us ff8000 <= ffff mask=00ff pc=002bc4
[:slot1:storager] TICK  2604484.5us head[736c]=0000 [736e]=0000 [7370]=730c [7b12]=0000 [7a36]=0000 [7a38]=0000
[:slot1:storager] PIT  2604500.1us ff8000 <= ffff mask=00ff pc=002bc4
[:slot1:storager] TICK  2630600.5us head[736c]=0000 [736e]=0000 [7370]=730c [7b12]=0000 [7a36]=0000 [7a38]=0000
[:slot1:storager] PIT  2630616.1us ff8000 <= ffff mask=00ff pc=002bc4
[:slot1:storager] TICK  2656716.5us head[736c]=0000 [736e]=0000 [7370]=730c [7b12]=0000 [7a36]=0000 [7a38]=0000
[:slot1:storager] PIT  2656732.1us ff8000 <= ffff mask=00ff pc=002bc4
[:slot1:storager] TICK  2682833.5us head[736c]=0000 [736e]=0000 [7370]=730c [7b12]=0000 [7a36]=0000 [7a38]=0000
[:slot1:storager] PIT  2682849.1us ff8000 <= ffff mask=00ff pc=002bc4
[:slot1:storager] TICK  2708949.5us head[736c]=0000 [736e]=0000 [7370]=730c [7b12]=0000 [7a36]=0000 [7a38]=0000
[:slot1:storager] PIT  2708965.1us ff8000 <= ffff mask=00ff pc=002bc4
[:slot1:storager] TICK  2735065.5us head[736c]=0000 [736e]=0000 [7370]=730c [7b12]=0000 [7a36]=0000 [7a38]=0000
[:slot1:storager] PIT  2735081.1us ff8000 <= ffff mask=00ff pc=002bc4
[:slot1:storager] TICK  2761182.5us head[736c]=0000 [736e]=0000 [7370]=730c [7b12]=0000 [7a36]=0000 [7a38]=0000
[:slot1:storager] PIT  2761198.1us ff8000 <= ffff mask=00ff pc=002bc4
[:slot1:storager] TICK  2787298.5us head[736c]=0000 [736e]=0000 [7370]=730c [7b12]=0000 [7a36]=0000 [7a38]=0000
[:slot1:storager] PIT  2787314.1us ff8000 <= ffff mask=00ff pc=002bc4
[:slot1:storager] TICK  2813415.5us head[736c]=0000 [736e]=0000 [7370]=730c [7b12]=0000 [7a36]=0000 [7a38]=0000
[:slot1:storager] PIT  2813431.1us ff8000 <= ffff mask=00ff pc=002bc4
[:slot1:storager] TICK  2839531.5us head[736c]=0000 [736e]=0000 [7370]=730c [7b12]=0000 [7a36]=0000 [7a38]=0000
[:slot1:storager] PIT  2839547.1us ff8000 <= ffff mask=00ff pc=002bc4
[:slot1:storager] TICK  2865648.5us head[736c]=0000 [736e]=0000 [7370]=730c [7b12]=0000 [7a36]=0000 [7a38]=0000
[:slot1:storager] PIT  2865664.1us ff8000 <= ffff mask=00ff pc=002bc4
[:slot1:storager] TICK  2891764.5us head[736c]=0000 [736e]=0000 [7370]=730c [7b12]=0000 [7a36]=0000 [7a38]=0000
[:slot1:storager] PIT  2891780.1us ff8000 <= ffff mask=00ff pc=002bc4
[:slot1:storager] TICK  2917880.5us head[736c]=0000 [736e]=0000 [7370]=730c [7b12]=0000 [7a36]=0000 [7a38]=0000
[:slot1:storager] PIT  2917896.1us ff8000 <= ffff mask=00ff pc=002bc4
[:slot1:storager] TICK  2943997.5us head[736c]=0000 [736e]=0000 [7370]=730c [7b12]=0000 [7a36]=0000 [7a38]=0000
[:slot1:storager] PIT  2944013.1us ff8000 <= ffff mask=00ff pc=002bc4
[:slot3:serad] 8085 mbx[0] = 06 @2.95583
[:slot3:serad] 8085 mbx[0] = 00 @2.95583
[:slot3:serad] 8085 mbx[1] = 06 @2.95590
[:slot3:serad] 8085 mbx[1] = 00 @2.95590
[:slot3:serad] 8085 mbx[2] = 06 @2.95597
[:slot3:serad] 8085 mbx[2] = 00 @2.95597
[:slot3:serad] 8085 mbx[3] = 06 @2.95604
[:slot3:serad] 8085 mbx[3] = 80 @2.95604
[:slot3:serad] 8085 mbx[4] = 06 @2.95611
[:slot3:serad] 8085 mbx[4] = 00 @2.95611
[:slot3:serad] 8085 mbx[5] = 06 @2.95618
[:slot3:serad] 8085 mbx[5] = 3f @2.95618
[:slot3:serad] 8085 mbx[6] = 06 @2.95625
[:slot3:serad] 8085 mbx[6] = 00 @2.95625
[:slot3:serad] 8085 mbx[7] = 06 @2.95632
[:slot3:serad] 8085 mbx[7] = 00 @2.95632
[:slot3:serad] 8085 sem rd [09c] = 00 @2.96668
[:slot3:serad] 8085 sem rd [09c] = 06 @2.96669
[:slot1:storager] TICK  2970113.5us head[736c]=0000 [736e]=0000 [7370]=730c [7b12]=0000 [7a36]=0000 [7a38]=0000
[:slot1:storager] PIT  2970129.1us ff8000 <= ffff mask=00ff pc=002bc4
[:slot1:storager] TICK  2996229.5us head[736c]=0000 [736e]=0000 [7370]=730c [7b12]=0000 [7a36]=0000 [7a38]=0000
[:slot1:storager] PIT  2996245.1us ff8000 <= ffff mask=00ff pc=002bc4
[:slot1:storager] TICK  3022346.5us head[736c]=0000 [736e]=0000 [7370]=730c [7b12]=0000 [7a36]=0000 [7a38]=0000
[:slot1:storager] PIT  3022362.1us ff8000 <= ffff mask=00ff pc=002bc4
[:slot1:storager] TICK  3048463.5us head[736c]=0000 [736e]=0000 [7370]=730c [7b12]=0000 [7a36]=0000 [7a38]=0000
[:slot1:storager] PIT  3048479.1us ff8000 <= ffff mask=00ff pc=002bc4
[:slot1:storager] TICK  3074580.5us head[736c]=0000 [736e]=0000 [7370]=730c [7b12]=0000 [7a36]=0000 [7a38]=0000
[:slot1:storager] PIT  3074596.1us ff8000 <= ffff mask=00ff pc=002bc4
[:slot1:storager] TICK  3100695.5us head[736c]=0000 [736e]=0000 [7370]=730c [7b12]=0000 [7a36]=0000 [7a38]=0000
[:slot1:storager] PIT  3100711.1us ff8000 <= ffff mask=00ff pc=002bc4
[:slot1:storager] TICK  3126811.5us head[736c]=0000 [736e]=0000 [7370]=730c [7b12]=0000 [7a36]=0000 [7a38]=0000
[:slot1:storager] PIT  3126827.1us ff8000 <= ffff mask=00ff pc=002bc4
[:slot1:storager] TICK  3152928.5us head[736c]=0000 [736e]=0000 [7370]=730c [7b12]=0000 [7a36]=0000 [7a38]=0000
[:slot1:storager] PIT  3152944.1us ff8000 <= ffff mask=00ff pc=002bc4
[:slot1:storager] TICK  3179044.5us head[736c]=0000 [736e]=0000 [7370]=730c [7b12]=0000 [7a36]=0000 [7a38]=0000
[:slot1:storager] PIT  3179060.1us ff8000 <= ffff mask=00ff pc=002bc4
[:slot1:storager] TICK  3205160.5us head[736c]=0000 [736e]=0000 [7370]=730c [7b12]=0000 [7a36]=0000 [7a38]=0000
[:slot1:storager] PIT  3205176.1us ff8000 <= ffff mask=00ff pc=002bc4
[:slot1:storager] TICK  3231277.5us head[736c]=0000 [736e]=0000 [7370]=730c [7b12]=0000 [7a36]=0000 [7a38]=0000
[:slot1:storager] PIT  3231293.1us ff8000 <= ffff mask=00ff pc=002bc4
[:slot1:storager] TICK  3257393.5us head[736c]=0000 [736e]=0000 [7370]=730c [7b12]=0000 [7a36]=0000 [7a38]=0000
[:slot1:storager] PIT  3257409.1us ff8000 <= ffff mask=00ff pc=002bc4
[:slot1:storager] TICK  3283510.5us head[736c]=0000 [736e]=0000 [7370]=730c [7b12]=0000 [7a36]=0000 [7a38]=0000
[:slot1:storager] PIT  3283526.1us ff8000 <= ffff mask=00ff pc=002bc4
[:slot1:storager] TICK  3309627.5us head[736c]=0000 [736e]=0000 [7370]=730c [7b12]=0000 [7a36]=0000 [7a38]=0000
[:slot1:storager] PIT  3309643.1us ff8000 <= ffff mask=00ff pc=002bc4
[:slot1:storager] TICK  3335742.5us head[736c]=0000 [736e]=0000 [7370]=730c [7b12]=0000 [7a36]=0000 [7a38]=0000
[:slot1:storager] PIT  3335758.1us ff8000 <= ffff mask=00ff pc=002bc4
[:slot1:storager] TICK  3361860.5us head[736c]=0000 [736e]=0000 [7370]=730c [7b12]=0000 [7a36]=0000 [7a38]=0000
[:slot1:storager] PIT  3361876.1us ff8000 <= ffff mask=00ff pc=002bc4
[:slot3:serad] 8085 mbx[0] = 07 @3.37914
[:slot3:serad] 8085 mbx[0] = 00 @3.37915
[:slot3:serad] 8085 mbx[1] = 07 @3.37921
[:slot3:serad] 8085 mbx[1] = 00 @3.37922
[:slot3:serad] 8085 mbx[2] = 07 @3.37928
[:slot3:serad] 8085 mbx[2] = 00 @3.37929
[:slot3:serad] 8085 mbx[3] = 07 @3.37935
[:slot3:serad] 8085 mbx[3] = 80 @3.37936
[:slot3:serad] 8085 mbx[4] = 07 @3.37942
[:slot3:serad] 8085 mbx[4] = 00 @3.37942
[:slot3:serad] 8085 mbx[5] = 07 @3.37949
[:slot3:serad] 8085 mbx[5] = 3f @3.37949
[:slot3:serad] 8085 mbx[6] = 07 @3.37956
[:slot3:serad] 8085 mbx[6] = 00 @3.37956
[:slot3:serad] 8085 mbx[7] = 07 @3.37963
[:slot3:serad] 8085 mbx[7] = 00 @3.37963
[:slot1:storager] TICK  3387975.5us head[736c]=0000 [736e]=0000 [7370]=730c [7b12]=0000 [7a36]=0000 [7a38]=0000
[:slot1:storager] PIT  3387991.1us ff8000 <= ffff mask=00ff pc=002bc4
[:slot3:serad] 8085 sem rd [09c] = 00 @3.39000
[:slot3:serad] 8085 sem rd [09c] = 07 @3.39000
[:slot1:storager] TICK  3414092.5us head[736c]=0000 [736e]=0000 [7370]=730c [7b12]=0000 [7a36]=0000 [7a38]=0000
[:slot1:storager] PIT  3414108.1us ff8000 <= ffff mask=00ff pc=002bc4
[:slot1:storager] TICK  3440208.5us head[736c]=0000 [736e]=0000 [7370]=730c [7b12]=0000 [7a36]=0000 [7a38]=0000
[:slot1:storager] PIT  3440224.1us ff8000 <= ffff mask=00ff pc=002bc4
[:slot1:storager] TICK  3466324.5us head[736c]=0000 [736e]=0000 [7370]=730c [7b12]=0000 [7a36]=0000 [7a38]=0000
[:slot1:storager] PIT  3466340.1us ff8000 <= ffff mask=00ff pc=002bc4
[:slot1:storager] TICK  3492441.5us head[736c]=0000 [736e]=0000 [7370]=730c [7b12]=0000 [7a36]=0000 [7a38]=0000
[:slot1:storager] PIT  3492457.1us ff8000 <= ffff mask=00ff pc=002bc4
[:slot1:storager] TICK  3518557.5us head[736c]=0000 [736e]=0000 [7370]=730c [7b12]=0000 [7a36]=0000 [7a38]=0000
[:slot1:storager] PIT  3518573.1us ff8000 <= ffff mask=00ff pc=002bc4
[:slot1:storager] TICK  3544674.5us head[736c]=0000 [736e]=0000 [7370]=730c [7b12]=0000 [7a36]=0000 [7a38]=0000
[:slot1:storager] PIT  3544690.1us ff8000 <= ffff mask=00ff pc=002bc4
[:slot1:storager] TICK  3570790.5us head[736c]=0000 [736e]=0000 [7370]=730c [7b12]=0000 [7a36]=0000 [7a38]=0000
[:slot1:storager] PIT  3570806.1us ff8000 <= ffff mask=00ff pc=002bc4
[:slot1:storager] TICK  3596907.5us head[736c]=0000 [736e]=0000 [7370]=730c [7b12]=0000 [7a36]=0000 [7a38]=0000
[:slot1:storager] PIT  3596923.1us ff8000 <= ffff mask=00ff pc=002bc4
[:slot1:storager] TICK  3623023.5us head[736c]=0000 [736e]=0000 [7370]=730c [7b12]=0000 [7a36]=0000 [7a38]=0000
[:slot1:storager] PIT  3623039.1us ff8000 <= ffff mask=00ff pc=002bc4
[:slot6:cpuap] PTEWR-CPU @057360 = 7360/ffff pc=fe02d3 @3.6453
[:slot6:cpuap] PTEWR-CPU @057362 = 0005/ffff pc=fe02d3 @3.6453
[:slot1:storager] TICK  3649139.5us head[736c]=0000 [736e]=0000 [7370]=730c [7b12]=0000 [7a36]=0000 [7a38]=0000
[:slot1:storager] PIT  3649155.1us ff8000 <= ffff mask=00ff pc=002bc4
[:slot1:storager] TICK  3675256.5us head[736c]=0000 [736e]=0000 [7370]=730c [7b12]=0000 [7a36]=0000 [7a38]=0000
[:slot1:storager] PIT  3675272.1us ff8000 <= ffff mask=00ff pc=002bc4
[:slot1:storager] TICK  3701372.5us head[736c]=0000 [736e]=0000 [7370]=730c [7b12]=0000 [7a36]=0000 [7a38]=0000
[:slot1:storager] PIT  3701388.1us ff8000 <= ffff mask=00ff pc=002bc4
[:slot1:storager] TICK  3727490.5us head[736c]=0000 [736e]=0000 [7370]=730c [7b12]=0000 [7a36]=0000 [7a38]=0000
[:slot1:storager] PIT  3727506.1us ff8000 <= ffff mask=00ff pc=002bc4
[:slot1:storager] TICK  3753604.5us head[736c]=0000 [736e]=0000 [7370]=730c [7b12]=0000 [7a36]=0000 [7a38]=0000
[:slot1:storager] PIT  3753620.1us ff8000 <= ffff mask=00ff pc=002bc4
[:slot6:cpuap] MAGICWR-CPU @03b160 = b160/ffff pc=fe02d3 @3.7547
[:slot6:cpuap] MAGICWR-CPU @03b162 = 0003/ffff pc=fe02d3 @3.7547
[:slot6:cpuap] MAGICWR-CPU @03b15c = b15c/ffff pc=fe02d3 @3.7547
[:slot6:cpuap] MAGICWR-CPU @03b15e = 0003/ffff pc=fe02d3 @3.7547
[:slot6:cpuap] MAGICWR-CPU @03b158 = b158/ffff pc=fe02d3 @3.7547
[:slot6:cpuap] MAGICWR-CPU @03b15a = 0003/ffff pc=fe02d3 @3.7547
[:slot1:storager] TICK  3779722.5us head[736c]=0000 [736e]=0000 [7370]=730c [7b12]=0000 [7a36]=0000 [7a38]=0000
[:slot1:storager] PIT  3779738.1us ff8000 <= ffff mask=00ff pc=002bc4
[:slot3:serad] 8085 mbx[0] = 08 @3.80246
[:slot3:serad] 8085 mbx[0] = 00 @3.80246
[:slot3:serad] 8085 mbx[1] = 08 @3.80253
[:slot3:serad] 8085 mbx[1] = 00 @3.80253
[:slot3:serad] 8085 mbx[2] = 08 @3.80260
[:slot3:serad] 8085 mbx[2] = 00 @3.80260
[:slot3:serad] 8085 mbx[3] = 08 @3.80267
[:slot3:serad] 8085 mbx[3] = 80 @3.80267
[:slot3:serad] 8085 mbx[4] = 08 @3.80274
[:slot3:serad] 8085 mbx[4] = 00 @3.80274
[:slot3:serad] 8085 mbx[5] = 08 @3.80281
[:slot3:serad] 8085 mbx[5] = 3f @3.80281
[:slot3:serad] 8085 mbx[6] = 08 @3.80288
[:slot3:serad] 8085 mbx[6] = 00 @3.80288
[:slot3:serad] 8085 mbx[7] = 08 @3.80295
[:slot3:serad] 8085 mbx[7] = 00 @3.80295
[:slot1:storager] TICK  3805838.5us head[736c]=0000 [736e]=0000 [7370]=730c [7b12]=0000 [7a36]=0000 [7a38]=0000
[:slot1:storager] PIT  3805854.1us ff8000 <= ffff mask=00ff pc=002bc4
[:slot3:serad] 8085 sem rd [09c] = 00 @3.81332
[:slot3:serad] 8085 sem rd [09c] = 08 @3.81332
[:slot1:storager] TICK  3831954.5us head[736c]=0000 [736e]=0000 [7370]=730c [7b12]=0000 [7a36]=0000 [7a38]=0000
[:slot1:storager] PIT  3831970.1us ff8000 <= ffff mask=00ff pc=002bc4
[:slot1:storager] TICK  3858071.5us head[736c]=0000 [736e]=0000 [7370]=730c [7b12]=0000 [7a36]=0000 [7a38]=0000
[:slot1:storager] PIT  3858087.1us ff8000 <= ffff mask=00ff pc=002bc4
[:slot1:storager] TICK  3884187.5us head[736c]=0000 [736e]=0000 [7370]=730c [7b12]=0000 [7a36]=0000 [7a38]=0000
[:slot1:storager] PIT  3884203.1us ff8000 <= ffff mask=00ff pc=002bc4
[:slot1:storager] TICK  3910303.5us head[736c]=0000 [736e]=0000 [7370]=730c [7b12]=0000 [7a36]=0000 [7a38]=0000
[:slot1:storager] PIT  3910319.1us ff8000 <= ffff mask=00ff pc=002bc4
[:slot6:cpuap:mmu] MTREAD va=01151c st=a user=0 TS=0 TU=0 DS=0 translated=0 @3.9172
[:slot6:cpuap:mmu] MTREAD va=011518 st=a user=0 TS=0 TU=0 DS=0 translated=0 @3.9173
[:slot6:cpuap:mmu] MTREAD va=011514 st=a user=0 TS=0 TU=0 DS=0 translated=0 @3.9173
[:slot6:cpuap:mmu] MTREAD va=011510 st=a user=0 TS=0 TU=0 DS=0 translated=0 @3.9173
[:slot6:cpuap:mmu] MTREAD va=01150c st=a user=0 TS=0 TU=0 DS=0 translated=0 @3.9173
[:slot6:cpuap:mmu] MTREAD va=011508 st=a user=0 TS=0 TU=0 DS=0 translated=0 @3.9173
[:slot6:cpuap:mmu] MTREAD va=011504 st=a user=0 TS=0 TU=0 DS=0 translated=0 @3.9173
[:slot6:cpuap:mmu] MTREAD va=011500 st=a user=0 TS=0 TU=0 DS=0 translated=0 @3.9173
[:slot1:storager] TICK  3936420.5us head[736c]=0000 [736e]=0000 [7370]=730c [7b12]=0000 [7a36]=0000 [7a38]=0000
[:slot1:storager] PIT  3936436.1us ff8000 <= ffff mask=00ff pc=002bc4
[:slot1:storager] TICK  3962536.5us head[736c]=0000 [736e]=0000 [7370]=730c [7b12]=0000 [7a36]=0000 [7a38]=0000
[:slot1:storager] PIT  3962552.1us ff8000 <= ffff mask=00ff pc=002bc4
[:slot6:cpuap:mmu] MTREAD va=0001dc st=a user=0 TS=0 TU=0 DS=0 translated=0 @3.9842
[:slot6:cpuap:mmu] MTREAD va=0001d8 st=a user=0 TS=0 TU=0 DS=0 translated=0 @3.9842
[:slot6:cpuap:mmu] MTREAD va=0001d4 st=a user=0 TS=0 TU=0 DS=0 translated=0 @3.9842
[:slot6:cpuap:mmu] MTREAD va=0001d0 st=a user=0 TS=0 TU=0 DS=0 translated=0 @3.9842
[:slot1:storager] TICK  3988653.5us head[736c]=0000 [736e]=0000 [7370]=730c [7b12]=0000 [7a36]=0000 [7a38]=0000
[:slot1:storager] PIT  3988669.1us ff8000 <= ffff mask=00ff pc=002bc4
[:slot1:storager] TICK  4014769.5us head[736c]=0000 [736e]=0000 [7370]=730c [7b12]=0000 [7a36]=0000 [7a38]=0000
[:slot1:storager] PIT  4014785.1us ff8000 <= ffff mask=00ff pc=002bc4
[:slot1:storager] TICK  4040886.5us head[736c]=0000 [736e]=0000 [7370]=730c [7b12]=0000 [7a36]=0000 [7a38]=0000
[:slot1:storager] PIT  4040902.1us ff8000 <= ffff mask=00ff pc=002bc4
[:slot1:storager] TICK  4067001.5us head[736c]=0000 [736e]=0000 [7370]=730c [7b12]=0000 [7a36]=0000 [7a38]=0000
[:slot1:storager] PIT  4067017.1us ff8000 <= ffff mask=00ff pc=002bc4
[:slot1:storager] TICK  4093118.5us head[736c]=0000 [736e]=0000 [7370]=730c [7b12]=0000 [7a36]=0000 [7a38]=0000
[:slot1:storager] PIT  4093134.1us ff8000 <= ffff mask=00ff pc=002bc4
[:slot1:storager] TICK  4119234.5us head[736c]=0000 [736e]=0000 [7370]=730c [7b12]=0000 [7a36]=0000 [7a38]=0000
[:slot1:storager] PIT  4119250.1us ff8000 <= ffff mask=00ff pc=002bc4
[:slot1:storager] TICK  4145351.5us head[736c]=0000 [736e]=0000 [7370]=730c [7b12]=0000 [7a36]=0000 [7a38]=0000
[:slot1:storager] PIT  4145367.1us ff8000 <= ffff mask=00ff pc=002bc4
[:slot1:storager] TICK  4171467.5us head[736c]=0000 [736e]=0000 [7370]=730c [7b12]=0000 [7a36]=0000 [7a38]=0000
[:slot1:storager] PIT  4171483.1us ff8000 <= ffff mask=00ff pc=002bc4
[:slot1:storager] TICK  4197583.5us head[736c]=0000 [736e]=0000 [7370]=730c [7b12]=0000 [7a36]=0000 [7a38]=0000
[:slot1:storager] PIT  4197599.1us ff8000 <= ffff mask=00ff pc=002bc4
[:slot1:storager] TICK  4223700.5us head[736c]=0000 [736e]=0000 [7370]=730c [7b12]=0000 [7a36]=0000 [7a38]=0000
[:slot1:storager] PIT  4223716.1us ff8000 <= ffff mask=00ff pc=002bc4
[:slot3:serad] 8085 mbx[0] = 09 @4.22577
[:slot3:serad] 8085 mbx[0] = 00 @4.22578
[:slot3:serad] 8085 mbx[1] = 09 @4.22584
[:slot3:serad] 8085 mbx[1] = 00 @4.22585
[:slot3:serad] 8085 mbx[2] = 09 @4.22591
[:slot3:serad] 8085 mbx[2] = 00 @4.22592
[:slot3:serad] 8085 mbx[3] = 09 @4.22598
[:slot3:serad] 8085 mbx[3] = 80 @4.22599
[:slot3:serad] 8085 mbx[4] = 09 @4.22605
[:slot3:serad] 8085 mbx[4] = 00 @4.22606
[:slot3:serad] 8085 mbx[5] = 09 @4.22612
[:slot3:serad] 8085 mbx[5] = 3f @4.22613
[:slot3:serad] 8085 mbx[6] = 09 @4.22619
[:slot3:serad] 8085 mbx[6] = 00 @4.22620
[:slot3:serad] 8085 mbx[7] = 09 @4.22626
[:slot3:serad] 8085 mbx[7] = 00 @4.22626
[:slot3:serad] 8085 sem rd [09c] = 00 @4.23663
[:slot3:serad] 8085 sem rd [09c] = 09 @4.23663
[:slot1:storager] TICK  4249817.5us head[736c]=0000 [736e]=0000 [7370]=730c [7b12]=0000 [7a36]=0000 [7a38]=0000
[:slot1:storager] PIT  4249833.1us ff8000 <= ffff mask=00ff pc=002bc4
[:slot1:storager] TICK  4275933.5us head[736c]=0000 [736e]=0000 [7370]=730c [7b12]=0000 [7a36]=0000 [7a38]=0000
[:slot1:storager] PIT  4275949.1us ff8000 <= ffff mask=00ff pc=002bc4
[:slot1:storager] TICK  4302049.5us head[736c]=0000 [736e]=0000 [7370]=730c [7b12]=0000 [7a36]=0000 [7a38]=0000
[:slot1:storager] PIT  4302065.1us ff8000 <= ffff mask=00ff pc=002bc4
[:slot1:storager] TICK  4328167.5us head[736c]=0000 [736e]=0000 [7370]=730c [7b12]=0000 [7a36]=0000 [7a38]=0000
[:slot1:storager] PIT  4328183.1us ff8000 <= ffff mask=00ff pc=002bc4
[:slot1:storager] TICK  4354282.5us head[736c]=0000 [736e]=0000 [7370]=730c [7b12]=0000 [7a36]=0000 [7a38]=0000
[:slot1:storager] PIT  4354298.1us ff8000 <= ffff mask=00ff pc=002bc4
[:slot1:storager] TICK  4380399.5us head[736c]=0000 [736e]=0000 [7370]=730c [7b12]=0000 [7a36]=0000 [7a38]=0000
[:slot1:storager] PIT  4380415.1us ff8000 <= ffff mask=00ff pc=002bc4
[:slot1:storager] TICK  4406515.5us head[736c]=0000 [736e]=0000 [7370]=730c [7b12]=0000 [7a36]=0000 [7a38]=0000
[:slot1:storager] PIT  4406531.1us ff8000 <= ffff mask=00ff pc=002bc4
[:slot1:storager] TICK  4432632.5us head[736c]=0000 [736e]=0000 [7370]=730c [7b12]=0000 [7a36]=0000 [7a38]=0000
[:slot1:storager] PIT  4432648.1us ff8000 <= ffff mask=00ff pc=002bc4
[:slot1:storager] TICK  4458747.5us head[736c]=0000 [736e]=0000 [7370]=730c [7b12]=0000 [7a36]=0000 [7a38]=0000
[:slot1:storager] PIT  4458763.1us ff8000 <= ffff mask=00ff pc=002bc4
[:slot1:storager] TICK  4484864.5us head[736c]=0000 [736e]=0000 [7370]=730c [7b12]=0000 [7a36]=0000 [7a38]=0000
[:slot1:storager] PIT  4484880.1us ff8000 <= ffff mask=00ff pc=002bc4
[:slot1:storager] TICK  4510980.5us head[736c]=0000 [736e]=0000 [7370]=730c [7b12]=0000 [7a36]=0000 [7a38]=0000
[:slot1:storager] PIT  4510996.1us ff8000 <= ffff mask=00ff pc=002bc4
[:slot1:storager] TICK  4537097.5us head[736c]=0000 [736e]=0000 [7370]=730c [7b12]=0000 [7a36]=0000 [7a38]=0000
[:slot1:storager] PIT  4537113.1us ff8000 <= ffff mask=00ff pc=002bc4
[:slot1:storager] TICK  4563213.5us head[736c]=0000 [736e]=0000 [7370]=730c [7b12]=0000 [7a36]=0000 [7a38]=0000
[:slot1:storager] PIT  4563229.1us ff8000 <= ffff mask=00ff pc=002bc4
[:slot1:storager] TICK  4589330.5us head[736c]=0000 [736e]=0000 [7370]=730c [7b12]=0000 [7a36]=0000 [7a38]=0000
[:slot1:storager] PIT  4589346.1us ff8000 <= ffff mask=00ff pc=002bc4
[:slot1:storager] TICK  4615446.5us head[736c]=0000 [736e]=0000 [7370]=730c [7b12]=0000 [7a36]=0000 [7a38]=0000
[:slot1:storager] PIT  4615462.1us ff8000 <= ffff mask=00ff pc=002bc4
[:slot1:storager] TICK  4641562.5us head[736c]=0000 [736e]=0000 [7370]=730c [7b12]=0000 [7a36]=0000 [7a38]=0000
[:slot1:storager] PIT  4641578.1us ff8000 <= ffff mask=00ff pc=002bc4
[:slot3:serad] 8085 mbx[0] = 0a @4.64909
[:slot3:serad] 8085 mbx[0] = 00 @4.64909
[:slot3:serad] 8085 mbx[1] = 0a @4.64916
[:slot3:serad] 8085 mbx[1] = 00 @4.64916
[:slot3:serad] 8085 mbx[2] = 0a @4.64923
[:slot3:serad] 8085 mbx[2] = 00 @4.64923
[:slot3:serad] 8085 mbx[3] = 0a @4.64930
[:slot3:serad] 8085 mbx[3] = 80 @4.64930
[:slot3:serad] 8085 mbx[4] = 0a @4.64937
[:slot3:serad] 8085 mbx[4] = 00 @4.64937
[:slot3:serad] 8085 mbx[5] = 0a @4.64944
[:slot3:serad] 8085 mbx[5] = 3f @4.64944
[:slot3:serad] 8085 mbx[6] = 0a @4.64951
[:slot3:serad] 8085 mbx[6] = 00 @4.64951
[:slot3:serad] 8085 mbx[7] = 0a @4.64958
[:slot3:serad] 8085 mbx[7] = 00 @4.64958
[:slot3:serad] 8085 sem rd [09c] = 00 @4.65995
[:slot3:serad] 8085 sem rd [09c] = 0a @4.65995
[:slot1:storager] TICK  4667679.5us head[736c]=0000 [736e]=0000 [7370]=730c [7b12]=0000 [7a36]=0000 [7a38]=0000
[:slot1:storager] PIT  4667695.1us ff8000 <= ffff mask=00ff pc=002bc4
[:slot1:storager] TICK  4693796.5us head[736c]=0000 [736e]=0000 [7370]=730c [7b12]=0000 [7a36]=0000 [7a38]=0000
[:slot1:storager] PIT  4693812.1us ff8000 <= ffff mask=00ff pc=002bc4
[:slot1:storager] TICK  4719912.5us head[736c]=0000 [736e]=0000 [7370]=730c [7b12]=0000 [7a36]=0000 [7a38]=0000
[:slot1:storager] PIT  4719928.1us ff8000 <= ffff mask=00ff pc=002bc4
[:slot1:storager] TICK  4746028.5us head[736c]=0000 [736e]=0000 [7370]=730c [7b12]=0000 [7a36]=0000 [7a38]=0000
[:slot1:storager] PIT  4746044.1us ff8000 <= ffff mask=00ff pc=002bc4
[:slot1:storager] TICK  4772145.5us head[736c]=0000 [736e]=0000 [7370]=730c [7b12]=0000 [7a36]=0000 [7a38]=0000
[:slot1:storager] PIT  4772161.1us ff8000 <= ffff mask=00ff pc=002bc4
[:slot1:storager] TICK  4798261.5us head[736c]=0000 [736e]=0000 [7370]=730c [7b12]=0000 [7a36]=0000 [7a38]=0000
[:slot1:storager] PIT  4798277.1us ff8000 <= ffff mask=00ff pc=002bc4
[:slot1:storager] TICK  4824378.5us head[736c]=0000 [736e]=0000 [7370]=730c [7b12]=0000 [7a36]=0000 [7a38]=0000
[:slot1:storager] PIT  4824394.1us ff8000 <= ffff mask=00ff pc=002bc4
[:slot1:storager] TICK  4850494.5us head[736c]=0000 [736e]=0000 [7370]=730c [7b12]=0000 [7a36]=0000 [7a38]=0000
[:slot1:storager] PIT  4850510.1us ff8000 <= ffff mask=00ff pc=002bc4
[:slot1:storager] TICK  4876610.5us head[736c]=0000 [736e]=0000 [7370]=730c [7b12]=0000 [7a36]=0000 [7a38]=0000
[:slot1:storager] PIT  4876626.1us ff8000 <= ffff mask=00ff pc=002bc4
[:slot1:storager] TICK  4902726.5us head[736c]=0000 [736e]=0000 [7370]=730c [7b12]=0000 [7a36]=0000 [7a38]=0000
[:slot1:storager] PIT  4902742.1us ff8000 <= ffff mask=00ff pc=002bc4
[:slot1:storager] TICK  4928843.5us head[736c]=0000 [736e]=0000 [7370]=730c [7b12]=0000 [7a36]=0000 [7a38]=0000
[:slot1:storager] PIT  4928859.1us ff8000 <= ffff mask=00ff pc=002bc4
[:slot1:storager] TICK  4954959.5us head[736c]=0000 [736e]=0000 [7370]=730c [7b12]=0000 [7a36]=0000 [7a38]=0000
[:slot1:storager] PIT  4954975.1us ff8000 <= ffff mask=00ff pc=002bc4
[:slot1:storager] TICK  4981076.5us head[736c]=0000 [736e]=0000 [7370]=730c [7b12]=0000 [7a36]=0000 [7a38]=0000
[:slot1:storager] PIT  4981092.1us ff8000 <= ffff mask=00ff pc=002bc4
[:slot1:storager] TICK  5007193.5us head[736c]=0000 [736e]=0000 [7370]=730c [7b12]=0000 [7a36]=0000 [7a38]=0000
[:slot1:storager] PIT  5007209.1us ff8000 <= ffff mask=00ff pc=002bc4
[:slot1:storager] TICK  5033309.5us head[736c]=0000 [736e]=0000 [7370]=730c [7b12]=0000 [7a36]=0000 [7a38]=0000
[:slot1:storager] PIT  5033325.1us ff8000 <= ffff mask=00ff pc=002bc4
[:slot1:storager] TICK  5059425.5us head[736c]=0000 [736e]=0000 [7370]=730c [7b12]=0000 [7a36]=0000 [7a38]=0000
[:slot1:storager] PIT  5059441.1us ff8000 <= ffff mask=00ff pc=002bc4
[:slot3:serad] 8085 mbx[0] = 0b @5.07241
[:slot3:serad] 8085 mbx[0] = 00 @5.07241
[:slot3:serad] 8085 mbx[1] = 0b @5.07248
[:slot3:serad] 8085 mbx[1] = 00 @5.07248
[:slot3:serad] 8085 mbx[2] = 0b @5.07255
[:slot3:serad] 8085 mbx[2] = 00 @5.07255
[:slot3:serad] 8085 mbx[3] = 0b @5.07261
[:slot3:serad] 8085 mbx[3] = 80 @5.07262
[:slot3:serad] 8085 mbx[4] = 0b @5.07268
[:slot3:serad] 8085 mbx[4] = 00 @5.07269
[:slot3:serad] 8085 mbx[5] = 0b @5.07275
[:slot3:serad] 8085 mbx[5] = 3f @5.07276
[:slot3:serad] 8085 mbx[6] = 0b @5.07282
[:slot3:serad] 8085 mbx[6] = 00 @5.07283
[:slot3:serad] 8085 mbx[7] = 0b @5.07289
[:slot3:serad] 8085 mbx[7] = 00 @5.07290
[:slot3:serad] 8085 sem rd [09c] = 00 @5.08326
[:slot3:serad] 8085 sem rd [09c] = 0b @5.08326
[:slot1:storager] TICK  5085542.5us head[736c]=0000 [736e]=0000 [7370]=730c [7b12]=0000 [7a36]=0000 [7a38]=0000
[:slot1:storager] PIT  5085558.1us ff8000 <= ffff mask=00ff pc=002bc4
[:slot1:storager] TICK  5111658.5us head[736c]=0000 [736e]=0000 [7370]=730c [7b12]=0000 [7a36]=0000 [7a38]=0000
[:slot1:storager] PIT  5111674.1us ff8000 <= ffff mask=00ff pc=002bc4
[:slot1:storager] TICK  5137774.5us head[736c]=0000 [736e]=0000 [7370]=730c [7b12]=0000 [7a36]=0000 [7a38]=0000
[:slot1:storager] PIT  5137790.1us ff8000 <= ffff mask=00ff pc=002bc4
[:slot1:storager] TICK  5163891.5us head[736c]=0000 [736e]=0000 [7370]=730c [7b12]=0000 [7a36]=0000 [7a38]=0000
[:slot1:storager] PIT  5163907.1us ff8000 <= ffff mask=00ff pc=002bc4
[:slot1:storager] TICK  5190007.5us head[736c]=0000 [736e]=0000 [7370]=730c [7b12]=0000 [7a36]=0000 [7a38]=0000
[:slot1:storager] PIT  5190023.1us ff8000 <= ffff mask=00ff pc=002bc4
[:slot1:storager] TICK  5216124.5us head[736c]=0000 [736e]=0000 [7370]=730c [7b12]=0000 [7a36]=0000 [7a38]=0000
[:slot1:storager] PIT  5216140.1us ff8000 <= ffff mask=00ff pc=002bc4
[:slot1:storager] TICK  5242240.5us head[736c]=0000 [736e]=0000 [7370]=730c [7b12]=0000 [7a36]=0000 [7a38]=0000
[:slot1:storager] PIT  5242256.1us ff8000 <= ffff mask=00ff pc=002bc4
[:slot1:storager] TICK  5268356.5us head[736c]=0000 [736e]=0000 [7370]=730c [7b12]=0000 [7a36]=0000 [7a38]=0000
[:slot1:storager] PIT  5268372.1us ff8000 <= ffff mask=00ff pc=002bc4
[:slot1:storager] TICK  5294472.5us head[736c]=0000 [736e]=0000 [7370]=730c [7b12]=0000 [7a36]=0000 [7a38]=0000
[:slot1:storager] PIT  5294488.1us ff8000 <= ffff mask=00ff pc=002bc4
[:slot1:storager] TICK  5320588.5us head[736c]=0000 [736e]=0000 [7370]=730c [7b12]=0000 [7a36]=0000 [7a38]=0000
[:slot1:storager] PIT  5320604.1us ff8000 <= ffff mask=00ff pc=002bc4
[:slot1:storager] TICK  5346706.5us head[736c]=0000 [736e]=0000 [7370]=730c [7b12]=0000 [7a36]=0000 [7a38]=0000
[:slot1:storager] PIT  5346722.1us ff8000 <= ffff mask=00ff pc=002bc4
[:slot1:storager] TICK  5372822.5us head[736c]=0000 [736e]=0000 [7370]=730c [7b12]=0000 [7a36]=0000 [7a38]=0000
[:slot1:storager] PIT  5372838.1us ff8000 <= ffff mask=00ff pc=002bc4
[:slot1:storager] TICK  5398938.5us head[736c]=0000 [736e]=0000 [7370]=730c [7b12]=0000 [7a36]=0000 [7a38]=0000
[:slot1:storager] PIT  5398954.1us ff8000 <= ffff mask=00ff pc=002bc4
[:slot1:storager] TICK  5425054.5us head[736c]=0000 [736e]=0000 [7370]=730c [7b12]=0000 [7a36]=0000 [7a38]=0000
[:slot1:storager] PIT  5425070.1us ff8000 <= ffff mask=00ff pc=002bc4
[:slot1:storager] TICK  5451171.5us head[736c]=0000 [736e]=0000 [7370]=730c [7b12]=0000 [7a36]=0000 [7a38]=0000
[:slot1:storager] PIT  5451187.1us ff8000 <= ffff mask=00ff pc=002bc4
[:slot1:storager] TICK  5477287.5us head[736c]=0000 [736e]=0000 [7370]=730c [7b12]=0000 [7a36]=0000 [7a38]=0000
[:slot1:storager] PIT  5477303.1us ff8000 <= ffff mask=00ff pc=002bc4
[:slot3:serad] 8085 mbx[0] = 0c @5.49572
[:slot3:serad] 8085 mbx[0] = 00 @5.49572
[:slot3:serad] 8085 mbx[1] = 0c @5.49579
[:slot3:serad] 8085 mbx[1] = 00 @5.49579
[:slot3:serad] 8085 mbx[2] = 0c @5.49586
[:slot3:serad] 8085 mbx[2] = 00 @5.49586
[:slot3:serad] 8085 mbx[3] = 0c @5.49593
[:slot3:serad] 8085 mbx[3] = 80 @5.49593
[:slot3:serad] 8085 mbx[4] = 0c @5.49600
[:slot3:serad] 8085 mbx[4] = 00 @5.49600
[:slot3:serad] 8085 mbx[5] = 0c @5.49607
[:slot3:serad] 8085 mbx[5] = 3f @5.49607
[:slot3:serad] 8085 mbx[6] = 0c @5.49614
[:slot3:serad] 8085 mbx[6] = 00 @5.49614
[:slot3:serad] 8085 mbx[7] = 0c @5.49621
[:slot3:serad] 8085 mbx[7] = 00 @5.49621
[:slot1:storager] TICK  5503404.5us head[736c]=0000 [736e]=0000 [7370]=730c [7b12]=0000 [7a36]=0000 [7a38]=0000
[:slot1:storager] PIT  5503420.1us ff8000 <= ffff mask=00ff pc=002bc4
[:slot3:serad] 8085 sem rd [09c] = 00 @5.50658
[:slot3:serad] 8085 sem rd [09c] = 0c @5.50658
[:slot1:storager] TICK  5529520.5us head[736c]=0000 [736e]=0000 [7370]=730c [7b12]=0000 [7a36]=0000 [7a38]=0000
[:slot1:storager] PIT  5529536.1us ff8000 <= ffff mask=00ff pc=002bc4
[:slot1:storager] TICK  5555636.5us head[736c]=0000 [736e]=0000 [7370]=730c [7b12]=0000 [7a36]=0000 [7a38]=0000
[:slot1:storager] PIT  5555652.1us ff8000 <= ffff mask=00ff pc=002bc4
[:slot1:storager] TICK  5581753.5us head[736c]=0000 [736e]=0000 [7370]=730c [7b12]=0000 [7a36]=0000 [7a38]=0000
[:slot1:storager] PIT  5581769.1us ff8000 <= ffff mask=00ff pc=002bc4
[:slot1:storager] TICK  5607869.5us head[736c]=0000 [736e]=0000 [7370]=730c [7b12]=0000 [7a36]=0000 [7a38]=0000
[:slot1:storager] PIT  5607885.1us ff8000 <= ffff mask=00ff pc=002bc4
[:slot1:storager] TICK  5633986.5us head[736c]=0000 [736e]=0000 [7370]=730c [7b12]=0000 [7a36]=0000 [7a38]=0000
[:slot1:storager] PIT  5634002.1us ff8000 <= ffff mask=00ff pc=002bc4
[:slot1:storager] TICK  5660103.5us head[736c]=0000 [736e]=0000 [7370]=730c [7b12]=0000 [7a36]=0000 [7a38]=0000
[:slot1:storager] PIT  5660119.1us ff8000 <= ffff mask=00ff pc=002bc4
[:slot1:storager] TICK  5686219.5us head[736c]=0000 [736e]=0000 [7370]=730c [7b12]=0000 [7a36]=0000 [7a38]=0000
[:slot1:storager] PIT  5686235.1us ff8000 <= ffff mask=00ff pc=002bc4
[:slot1:storager] TICK  5712335.5us head[736c]=0000 [736e]=0000 [7370]=730c [7b12]=0000 [7a36]=0000 [7a38]=0000
[:slot1:storager] PIT  5712351.1us ff8000 <= ffff mask=00ff pc=002bc4
[:slot1:storager] TICK  5738451.5us head[736c]=0000 [736e]=0000 [7370]=730c [7b12]=0000 [7a36]=0000 [7a38]=0000
[:slot1:storager] PIT  5738467.1us ff8000 <= ffff mask=00ff pc=002bc4
[:slot1:storager] TICK  5764568.5us head[736c]=0000 [736e]=0000 [7370]=730c [7b12]=0000 [7a36]=0000 [7a38]=0000
[:slot1:storager] PIT  5764584.1us ff8000 <= ffff mask=00ff pc=002bc4
[:slot1:storager] TICK  5790684.5us head[736c]=0000 [736e]=0000 [7370]=730c [7b12]=0000 [7a36]=0000 [7a38]=0000
[:slot1:storager] PIT  5790700.1us ff8000 <= ffff mask=00ff pc=002bc4
[:slot1:storager] TICK  5816802.5us head[736c]=0000 [736e]=0000 [7370]=730c [7b12]=0000 [7a36]=0000 [7a38]=0000
[:slot1:storager] PIT  5816818.1us ff8000 <= ffff mask=00ff pc=002bc4
[:slot1:storager] TICK  5842918.5us head[736c]=0000 [736e]=0000 [7370]=730c [7b12]=0000 [7a36]=0000 [7a38]=0000
[:slot1:storager] PIT  5842934.1us ff8000 <= ffff mask=00ff pc=002bc4
[:slot1:storager] TICK  5869033.5us head[736c]=0000 [736e]=0000 [7370]=730c [7b12]=0000 [7a36]=0000 [7a38]=0000
[:slot1:storager] PIT  5869049.1us ff8000 <= ffff mask=00ff pc=002bc4
[:slot1:storager] TICK  5895150.5us head[736c]=0000 [736e]=0000 [7370]=730c [7b12]=0000 [7a36]=0000 [7a38]=0000
[:slot1:storager] PIT  5895166.1us ff8000 <= ffff mask=00ff pc=002bc4
[:slot3:serad] 8085 mbx[0] = 0d @5.91904
[:slot3:serad] 8085 mbx[0] = 00 @5.91904
[:slot3:serad] 8085 mbx[1] = 0d @5.91911
[:slot3:serad] 8085 mbx[1] = 00 @5.91911
[:slot3:serad] 8085 mbx[2] = 0d @5.91918
[:slot3:serad] 8085 mbx[2] = 00 @5.91918
[:slot3:serad] 8085 mbx[3] = 0d @5.91925
[:slot3:serad] 8085 mbx[3] = 80 @5.91925
[:slot3:serad] 8085 mbx[4] = 0d @5.91932
[:slot3:serad] 8085 mbx[4] = 00 @5.91932
[:slot3:serad] 8085 mbx[5] = 0d @5.91939
[:slot3:serad] 8085 mbx[5] = 3f @5.91939
[:slot3:serad] 8085 mbx[6] = 0d @5.91945
[:slot3:serad] 8085 mbx[6] = 00 @5.91946
[:slot3:serad] 8085 mbx[7] = 0d @5.91952
[:slot3:serad] 8085 mbx[7] = 00 @5.91953
[:slot1:storager] TICK  5921267.5us head[736c]=0000 [736e]=0000 [7370]=730c [7b12]=0000 [7a36]=0000 [7a38]=0000
[:slot1:storager] PIT  5921283.1us ff8000 <= ffff mask=00ff pc=002bc4
[:slot3:serad] 8085 sem rd [09c] = 00 @5.92989
[:slot3:serad] 8085 sem rd [09c] = 0d @5.92990
[:slot1:storager] TICK  5947383.5us head[736c]=0000 [736e]=0000 [7370]=730c [7b12]=0000 [7a36]=0000 [7a38]=0000
[:slot1:storager] PIT  5947399.1us ff8000 <= ffff mask=00ff pc=002bc4
[:slot1:storager] TICK  5973499.5us head[736c]=0000 [736e]=0000 [7370]=730c [7b12]=0000 [7a36]=0000 [7a38]=0000
[:slot1:storager] PIT  5973515.1us ff8000 <= ffff mask=00ff pc=002bc4
[:slot1:storager] TICK  5999616.5us head[736c]=0000 [736e]=0000 [7370]=730c [7b12]=0000 [7a36]=0000 [7a38]=0000
[:slot1:storager] PIT  5999632.1us ff8000 <= ffff mask=00ff pc=002bc4
[:slot1:storager] TICK  6025732.5us head[736c]=0000 [736e]=0000 [7370]=730c [7b12]=0000 [7a36]=0000 [7a38]=0000
[:slot1:storager] PIT  6025748.1us ff8000 <= ffff mask=00ff pc=002bc4
[:slot1:storager] TICK  6051848.5us head[736c]=0000 [736e]=0000 [7370]=730c [7b12]=0000 [7a36]=0000 [7a38]=0000
[:slot1:storager] PIT  6051864.1us ff8000 <= ffff mask=00ff pc=002bc4
[:slot1:storager] TICK  6077965.5us head[736c]=0000 [736e]=0000 [7370]=730c [7b12]=0000 [7a36]=0000 [7a38]=0000
[:slot1:storager] PIT  6077981.1us ff8000 <= ffff mask=00ff pc=002bc4
[:slot1:storager] TICK  6104081.5us head[736c]=0000 [736e]=0000 [7370]=730c [7b12]=0000 [7a36]=0000 [7a38]=0000
[:slot1:storager] PIT  6104097.1us ff8000 <= ffff mask=00ff pc=002bc4
[:slot1:storager] TICK  6130198.5us head[736c]=0000 [736e]=0000 [7370]=730c [7b12]=0000 [7a36]=0000 [7a38]=0000
[:slot1:storager] PIT  6130214.1us ff8000 <= ffff mask=00ff pc=002bc4
[:slot1:storager] TICK  6156314.5us head[736c]=0000 [736e]=0000 [7370]=730c [7b12]=0000 [7a36]=0000 [7a38]=0000
[:slot1:storager] PIT  6156330.1us ff8000 <= ffff mask=00ff pc=002bc4
[:slot1:storager] TICK  6182430.5us head[736c]=0000 [736e]=0000 [7370]=730c [7b12]=0000 [7a36]=0000 [7a38]=0000
[:slot1:storager] PIT  6182446.1us ff8000 <= ffff mask=00ff pc=002bc4
[:slot1:storager] TICK  6208546.5us head[736c]=0000 [736e]=0000 [7370]=730c [7b12]=0000 [7a36]=0000 [7a38]=0000
[:slot1:storager] PIT  6208562.1us ff8000 <= ffff mask=00ff pc=002bc4
[:slot1:storager] TICK  6234664.5us head[736c]=0000 [736e]=0000 [7370]=730c [7b12]=0000 [7a36]=0000 [7a38]=0000
[:slot1:storager] PIT  6234680.1us ff8000 <= ffff mask=00ff pc=002bc4
[:slot1:storager] TICK  6260779.5us head[736c]=0000 [736e]=0000 [7370]=730c [7b12]=0000 [7a36]=0000 [7a38]=0000
[:slot1:storager] PIT  6260795.1us ff8000 <= ffff mask=00ff pc=002bc4
[:slot1:storager] TICK  6286896.5us head[736c]=0000 [736e]=0000 [7370]=730c [7b12]=0000 [7a36]=0000 [7a38]=0000
[:slot1:storager] PIT  6286912.1us ff8000 <= ffff mask=00ff pc=002bc4
[:slot1:storager] TICK  6313012.5us head[736c]=0000 [736e]=0000 [7370]=730c [7b12]=0000 [7a36]=0000 [7a38]=0000
[:slot1:storager] PIT  6313028.1us ff8000 <= ffff mask=00ff pc=002bc4
[:slot1:storager] TICK  6339128.5us head[736c]=0000 [736e]=0000 [7370]=730c [7b12]=0000 [7a36]=0000 [7a38]=0000
[:slot1:storager] PIT  6339144.1us ff8000 <= ffff mask=00ff pc=002bc4
[:slot3:serad] 8085 mbx[0] = 0e @6.34235
[:slot3:serad] 8085 mbx[0] = 00 @6.34236
[:slot3:serad] 8085 mbx[1] = 0e @6.34242
[:slot3:serad] 8085 mbx[1] = 00 @6.34243
[:slot3:serad] 8085 mbx[2] = 0e @6.34249
[:slot3:serad] 8085 mbx[2] = 00 @6.34249
[:slot3:serad] 8085 mbx[3] = 0e @6.34256
[:slot3:serad] 8085 mbx[3] = 80 @6.34256
[:slot3:serad] 8085 mbx[4] = 0e @6.34263
[:slot3:serad] 8085 mbx[4] = 00 @6.34263
[:slot3:serad] 8085 mbx[5] = 0e @6.34270
[:slot3:serad] 8085 mbx[5] = 3f @6.34270
[:slot3:serad] 8085 mbx[6] = 0e @6.34277
[:slot3:serad] 8085 mbx[6] = 00 @6.34277
[:slot3:serad] 8085 mbx[7] = 0e @6.34284
[:slot3:serad] 8085 mbx[7] = 00 @6.34284
[:slot3:serad] 8085 sem rd [09c] = 00 @6.35321
[:slot3:serad] 8085 sem rd [09c] = 0e @6.35321
[:slot6:cpuap:mmu] MTREAD va=011518 st=a user=0 TS=0 TU=0 DS=0 translated=0 @6.3556
[:slot6:cpuap:mmu] MTREAD va=011510 st=a user=0 TS=0 TU=0 DS=0 translated=0 @6.3556
[:slot6:cpuap:mmu] MTREAD va=011508 st=a user=0 TS=0 TU=0 DS=0 translated=0 @6.3556
[:slot6:cpuap:mmu] MTREAD va=011500 st=a user=0 TS=0 TU=0 DS=0 translated=0 @6.3556
[:slot1:storager] TICK  6365245.5us head[736c]=0000 [736e]=0000 [7370]=730c [7b12]=0000 [7a36]=0000 [7a38]=0000
[:slot1:storager] PIT  6365261.1us ff8000 <= ffff mask=00ff pc=002bc4
[:slot1:storager] TICK  6391361.5us head[736c]=0000 [736e]=0000 [7370]=730c [7b12]=0000 [7a36]=0000 [7a38]=0000
[:slot1:storager] PIT  6391377.1us ff8000 <= ffff mask=00ff pc=002bc4
[:slot6:cpuap:mmu] MTREAD va=0001d8 st=a user=0 TS=0 TU=0 DS=0 translated=0 @6.3961
[:slot6:cpuap:mmu] MTREAD va=0001d0 st=a user=0 TS=0 TU=0 DS=0 translated=0 @6.3961
[:slot3:serad] HOST doorbell (pio 00) = 0000 @6.39651
[:slot3:serad] rst55 <- 1 @6.39651
[:slot3:serad] 8085 IMR io05 = 22 (pc=1006) @6.39655
[:slot3:serad] 8085 CR io02 = 1a (pc=100a) @6.39655
[:slot3:serad] 8085 CR io02 = 40 (pc=100e) @6.39656
[:slot3:serad] 8085 CR io02 = 30 (pc=1012) @6.39656
[:slot3:serad] 8085 CR io02 = 20 (pc=1016) @6.39656
[:slot3:serad] 8085 CR io02 = 70 (pc=113b) @6.39669
[:slot3:serad] 8085 CR io02 = 28 (pc=1147) @6.39669
[:slot3:serad] 8085 CR io02 = 05 (pc=1163) @6.39671
[:slot3:serad:duart0:cha] TXEN ch0 SR=0c @6.39671
[:slot3:serad] duart0 outport = bc @6.3967
[:slot3:serad] rst55 <- 0 @6.39675
[:slot3:serad] 8085 mbx[0] = 00 @6.39675
[:slot3:serad] 8085 mbx[1] = 00 @6.39675
[:slot6:cpuap:cpu] ':slot6:cpuap:cpu' (FE0369): unmapped iam memory read from FFFF00 & 00FF
[:slot6:cpuap:mmu] SETMSR data=00000002 -> msr=00000000 TS=0 TU=0 @6.3968
[:slot6:cpuap:mmu] SETMSR data=007d0002 -> msr=007d0000 TS=0 TU=1 @6.3969
[:slot6:cpuap:mmu] SETMSR data=00000002 -> msr=00000000 TS=0 TU=0 @6.3969
[:slot3:serad] 8085 TX io03 = 74 @6.39712
[:slot3:serad] duart0 outport = fc @6.3971
[:slot3:serad] duart0 outport = bc @6.3972
[:slot3:serad] 8085 TX io03 = 65 @6.39717
[:slot3:serad] duart0 outport = fc @6.3972
[:slot3:serad] duart0 outport = bc @6.3974
[:slot3:serad] 8085 TX io03 = 73 @6.39739
[:slot3:serad] duart0 outport = fc @6.3974
[:slot3:serad] duart0 outport = bc @6.3976
[:slot3:serad] 8085 TX io03 = 74 @6.39766
[:slot3:serad] duart0 outport = fc @6.3977
[:slot3:serad:port0:s97801:term:maincpu] write of un-hooked port 1 ce
[:slot3:serad:port0:s97801:term:maincpu] write of un-hooked port 1 cc
[:slot3:serad] duart0 outport = bc @6.3979
[:slot3:serad:port0:s97801:term:maincpu] write of un-hooked port 1 ce
[:slot3:serad:port0:s97801:term:maincpu] write of un-hooked port 1 cf
[:slot3:serad] 8085 TX io03 = 65 @6.39791
[:slot3:serad] duart0 outport = fc @6.3979
[:slot3:serad] duart0 outport = bc @6.3981
[:slot3:serad] 8085 TX io03 = 6e @6.39819
[:slot3:serad] duart0 outport = fc @6.3982
[:slot3:serad:port0:s97801:term:maincpu] write of un-hooked port 1 ce
[:slot3:serad:port0:s97801:term:maincpu] write of un-hooked port 1 cc
[:slot3:serad] duart0 outport = bc @6.3984
[:slot3:serad] 8085 TX io03 = 64 @6.39843
[:slot3:serad] duart0 outport = fc @6.3984
[:slot3:serad:port0:s97801:term:maincpu] write of un-hooked port 1 ce
[:slot3:serad:port0:s97801:term:maincpu] write of un-hooked port 1 cf
[:slot3:serad] duart0 outport = bc @6.3987
[:slot3:serad] 8085 TX io03 = 0d @6.39871
[:slot3:serad] duart0 outport = fc @6.3987
[:slot3:serad:port0:s97801:term:maincpu] write of un-hooked port 1 ce
[:slot3:serad:port0:s97801:term:maincpu] write of un-hooked port 1 cc
[:slot3:serad:port0:s97801:term:maincpu] write of un-hooked port 1 ce
[:slot3:serad:port0:s97801:term:maincpu] write of un-hooked port 1 cf
[:slot3:serad] duart0 outport = bc @6.3989
[:slot3:serad] 8085 TX io03 = 0a @6.39895
[:slot3:serad] duart0 outport = fc @6.3990
[:slot3:serad] duart0 outport = bc @6.3992
[:slot3:serad] 8085 TX io03 = 0d @6.39923
[:slot3:serad] duart0 outport = fc @6.3992
[:slot3:serad:port0:s97801:term:maincpu] write of un-hooked port 1 ce
[:slot3:serad:port0:s97801:term:maincpu] write of un-hooked port 1 cc
[:slot3:serad] duart0 outport = bc @6.3994
[:slot3:serad:port0:s97801:term:maincpu] write of un-hooked port 1 ce
[:slot3:serad:port0:s97801:term:maincpu] write of un-hooked port 1 cf
[:slot3:serad:port0:s97801:term:maincpu] write of un-hooked port 1 ce
[:slot3:serad:port0:s97801:term:maincpu] write of un-hooked port 1 cc
[:slot3:serad:port0:s97801:term:maincpu] write of un-hooked port 1 ce
[:slot3:serad:port0:s97801:term:maincpu] write of un-hooked port 1 cf
[:slot3:serad:port0:s97801:term:maincpu] write of un-hooked port 1 ce
[:slot3:serad:port0:s97801:term:maincpu] write of un-hooked port 1 cc
[:slot1:storager] PHASE  6400320.9us [7216] <= 0004 pc=002626
[:slot1:storager] PHASE  6400377.3us [7216] <= 0006 pc=002000
[:slot3:serad:port0:s97801:term:maincpu] write of un-hooked port 1 ce
[:slot3:serad:port0:s97801:term:maincpu] write of un-hooked port 1 cf
[:slot1:storager] TEMPH  6400518.7us CALL-3dac   alt=0 741e=0000 743a=0000 74b4=0000 7462=0000 7a30=0000
[:slot1:storager] TEMPH  6400519.5us CALL-3dac   alt=0 741e=0000 743a=0000 74b4=0000 7462=0000 7a30=0000
[:slot1:storager] TEMPH  6400521.3us sched       alt=0 741e=0000 743a=0000 74b4=0000 7462=0000 7a30=0000
[:slot1:storager] XSTATE  6400537.9us [7a1a] <= 0101
[:slot1:storager] XSTATE  6400552.5us [743a] <= 748a
[:slot1:storager] TEMPH  6400557.5us xferset     alt=0 741e=0000 743a=748a 74b4=0000 7462=0000 7a30=0000
[:slot1:storager] PIT  6400566.3us ff8006 <= 7a7a mask=ff00 pc=003cde
[:slot1:storager] PIT  6400569.1us ff8002 <= 0303 mask=ff00 pc=003cec
[:slot1:storager] PIT  6400572.1us ff8002 <= 0000 mask=ff00 pc=003cf0
[:slot1:storager] PIT  6400574.9us ff8004 <= 1515 mask=ff00 pc=003cf8
[:slot1:storager] PIT  6400577.9us ff8004 <= 0000 mask=ff00 pc=003cfc
[:slot1:storager] E800b12  6400601.7us rise e800=f23d d000=38f8 c000=0fe780 c000v=1 pc=003d46
[:slot1:storager] TEMPDMA ctl  local=71f0 host=0fe780 len=24 st=00 host[............]
[:slot1:storager] QHEAD  6400652.1us [7370] <= 7318 pc=002a6a
[:slot1:storager] QHEAD  6400654.5us [736e] <= 730c pc=002a72
[:slot1:storager] QHEAD  6400657.3us [736c] <= 730c pc=002a80
[:slot3:serad:port0:s97801:term:maincpu] write of un-hooked port 1 ce
[:slot3:serad:port0:s97801:term:maincpu] write of un-hooked port 1 cc
[:slot1:storager] PATH  6400688.1us 3bfe     74b4=0000 7968=0000 7b10=0000 796c=0000 79b8=0000 7a30=0000(hbit0=0) 7a64=0000 791a=0000
[:slot1:storager] PATH  6400696.5us 3bfe     74b4=0000 7968=0000 7b10=0000 796c=0000 79b8=0000 7a30=0000(hbit0=0) 7a64=0000 791a=0000
[:slot1:storager] TEMPH  6400731.7us xferset     alt=0 741e=0000 743a=748a 74b4=0000 7462=0000 7a30=0000
[:slot1:storager] PIT  6400740.5us ff8006 <= 7a7a mask=ff00 pc=003cde
[:slot1:storager] PIT  6400743.3us ff8002 <= 0303 mask=ff00 pc=003cec
[:slot1:storager] PIT  6400746.3us ff8002 <= 0000 mask=ff00 pc=003cf0
[:slot1:storager] PIT  6400749.1us ff8004 <= 0303 mask=ff00 pc=003cf8
[:slot1:storager] PIT  6400752.1us ff8004 <= 0000 mask=ff00 pc=003cfc
[:slot3:serad:port0:s97801:term:maincpu] write of un-hooked port 1 ce
[:slot3:serad:port0:s97801:term:maincpu] write of un-hooked port 1 cf
[:slot1:storager] E800b12  6400775.9us rise e800=325d d000=38f8 c000=0fe780 c000v=1 pc=003d46
[:slot1:storager] TEMPDMA ctl  local=71f0 host=0fe780 len=24 st=81 host[............]
[:slot1:storager] TEMPH  6400800.5us xferset     alt=0 741e=0000 743a=748a 74b4=0000 7462=0000 7a30=0000
[:slot1:storager] PATH  6400807.5us 3bfe     74b4=0000 7968=0000 7b10=0000 796c=0000 79b8=0000 7a30=0000(hbit0=0) 7a64=0000 791a=0000
[:slot1:storager] XSTATE  6400829.9us [7a1a] <= 0000
[:slot1:storager] QHEAD  6400869.3us [736c] <= 0000 pc=002afe
[:slot1:storager] QHEAD  6400872.1us [736c] <= 0000 pc=002b06
[:slot1:storager] QHEAD  6400873.7us [736e] <= 0000 pc=002b0a
[:slot1:storager] QHEAD  6400883.5us [7372] <= 730c pc=002b4c
[:slot1:storager] TICK  6400888.7us head[736c]=0000 [736e]=0000 [7370]=7318 [7b12]=0000 [7a36]=0000 [7a38]=0000
[:slot1:storager] TEMPH  6400899.3us xferset     alt=0 741e=0000 743a=748a 74b4=0000 7462=0000 7a30=0000
[:slot1:storager] D3  6400906.5us ENT        [799a]=6f90 +20=0000 b11=0 | [71bc]=0000 +20=0000 b11=0 | 74b4=0000 7454=0000 7462=0000 7a64=0000 71b2=0001 7b0c=0000 743a=748a
[:slot1:storager] CUR  6401089.7us [799a] <= 6e60 pc=000e5e
[:slot1:storager] UIB20  6401095.7us [6e80] <= 0820 pc=000e7e
[:slot1:storager] TEMPC800 cell[00] <= 0000 pc=005eba
[:slot1:storager] TEMPH  6408801.3us CALL-3dac   alt=0 741e=0000 743a=748a 74b4=0000 7462=0000 7a30=0000
[:slot1:storager] TEMPH  6408802.1us CALL-3dac   alt=0 741e=0000 743a=748a 74b4=0000 7462=0000 7a30=0000
[:slot1:storager] TEMPH  6408803.9us sched       alt=0 741e=0000 743a=748a 74b4=0000 7462=0000 7a30=0000
[:slot1:storager] XSTATE  6408820.5us [7a1a] <= 0101
[:slot1:storager] XSTATE  6408837.1us [743a] <= 748a
[:slot1:storager] TEMPH  6408842.1us xferset     alt=0 741e=0000 743a=748a 74b4=0000 7462=0000 7a30=0000
[:slot1:storager] PIT  6408850.9us ff8006 <= 7a7a mask=ff00 pc=003cde
[:slot1:storager] PIT  6408853.7us ff8002 <= 0303 mask=ff00 pc=003cec
[:slot1:storager] PIT  6408856.7us ff8002 <= 0000 mask=ff00 pc=003cf0
[:slot1:storager] PIT  6408859.5us ff8004 <= 0d0d mask=ff00 pc=003cf8
[:slot1:storager] PIT  6408862.5us ff8004 <= 0000 mask=ff00 pc=003cfc
[:slot1:storager] E800b12  6408886.3us rise e800=d22d d000=3730 c000=0fe948 c000v=1 pc=003d46
[:slot1:storager] ERRFLD  6408886.3us [6e78] <= 4600 pc=003d46
[:slot1:storager] ERRFLD  6408886.3us [6e78] <= 0003 pc=003d46
[:slot1:storager] TEMPDMA ctl  local=6e60 host=0fe948 len=32 st=81 host[............]
[:slot1:storager] QHEAD  6408939.1us [7370] <= 7324 pc=002a6a
[:slot1:storager] QHEAD  6408941.5us [736e] <= 7318 pc=002a72
[:slot1:storager] QHEAD  6408944.3us [736c] <= 7318 pc=002a80
[:slot1:storager] PATH  6408975.1us 3bfe     74b4=0000 7968=0000 7b10=0000 796c=0000 79b8=0000 7a30=0000(hbit0=0) 7a64=0000 791a=0000
[:slot1:storager] PATH  6408983.5us 3bfe     74b4=0000 7968=0000 7b10=0000 796c=0000 79b8=0000 7a30=0000(hbit0=0) 7a64=0000 791a=0000
[:slot1:storager] XSTATE  6409005.9us [7a1a] <= 0000
[:slot1:storager] QHEAD  6409045.3us [736c] <= 0000 pc=002afe
[:slot1:storager] QHEAD  6409048.1us [736c] <= 0000 pc=002b06
[:slot1:storager] QHEAD  6409049.7us [736e] <= 0000 pc=002b0a
[:slot1:storager] QHEAD  6409059.5us [7372] <= 7318 pc=002b4c
[:slot1:storager] TICK  6409064.7us head[736c]=0000 [736e]=0000 [7370]=7324 [7b12]=0000 [7a36]=0000 [7a38]=0000
[:slot1:storager] TEMPH  6409075.3us xferset     alt=0 741e=0000 743a=748a 74b4=0000 7462=0000 7a30=0000
[:slot1:storager] D3  6409082.5us ENT        [799a]=6e60 +20=0820 b11=1 | [71bc]=71f0 +20=0000 b11=0 | 74b4=0000 7454=0000 7462=0000 7a64=0000 71b2=0001 7b0c=0000 743a=748a
[:slot1:storager] PHASE  6409121.5us [7216] <= 0008 pc=002244
[:slot1:storager] PHASE  6410077.9us [7216] <= 000c pc=0015a0
[:slot1:storager] WPUMP  6410081.3us phase=000c gate72a6=0000 72e0=0000 74b4=0000
[:slot1:storager] PHASE  6410132.3us [7216] <= 000c pc=0017f8
[:slot1:storager] TICK  6410160.5us head[736c]=0000 [736e]=0000 [7370]=7324 [7b12]=0000 [7a36]=0000 [7a38]=0000
[:slot1:storager] PIT  6410197.7us 008006 <= b4b4 mask=00ff pc=001adc
[:slot1:storager] SFLAG  6410221.5us [7a36] <= 0000 pc=001b48
[:slot1:storager] CTX  6410221.5us [7a36] <= 0000 pc=001b48 IPL=0
[:slot1:storager] GUARD  6410226.3us [7a3e] <= 0000 pc=001b54
[:slot1:storager] CTX  6410226.3us [7a3e] <= 0000 pc=001b54 IPL=0
[:slot1:storager] PHASE  6410303.1us [7216] <= 0000 pc=001d08
[:slot1:storager] TEMPH  6410341.9us CALL-3dac   alt=0 741e=0000 743a=748a 74b4=0000 7462=0000 7a30=0000
[:slot1:storager] TEMPH  6410342.7us CALL-3dac   alt=0 741e=0000 743a=748a 74b4=0000 7462=0000 7a30=0000
[:slot1:storager] TEMPH  6410344.5us sched       alt=0 741e=0000 743a=748a 74b4=0000 7462=0000 7a30=0000
[:slot1:storager] XSTATE  6410361.1us [7a1a] <= 0101
[:slot1:storager] XSTATE  6410377.7us [743a] <= 748a
[:slot1:storager] TEMPH  6410382.7us xferset     alt=0 741e=0000 743a=748a 74b4=0000 7462=0000 7a30=0000
[:slot1:storager] PIT  6410391.5us ff8006 <= 7a7a mask=ff00 pc=003cde
[:slot1:storager] PIT  6410394.3us ff8002 <= 0303 mask=ff00 pc=003cec
[:slot1:storager] PIT  6410397.3us ff8002 <= 0000 mask=ff00 pc=003cf0
[:slot1:storager] PIT  6410400.1us ff8004 <= 1515 mask=ff00 pc=003cf8
[:slot1:storager] PIT  6410403.1us ff8004 <= 0000 mask=ff00 pc=003cfc
[:slot1:storager] E800b12  6410426.9us rise e800=3a5d d000=38f8 c000=0fe780 c000v=1 pc=003d46
[:slot1:storager] TEMPDMA ctl  local=71f0 host=0fe780 len=24 st=00 host[............]
[:slot1:storager] QHEAD  6410477.3us [7370] <= 7330 pc=002a6a
[:slot1:storager] QHEAD  6410479.7us [736e] <= 7324 pc=002a72
[:slot1:storager] QHEAD  6410482.5us [736c] <= 7324 pc=002a80
[:slot1:storager] PATH  6410513.3us 3bfe     74b4=0000 7968=0000 7b10=0000 796c=0000 79b8=0000 7a30=0000(hbit0=0) 7a64=0000 791a=0000
[:slot1:storager] PATH  6410521.5us 3bfe     74b4=0000 7968=0000 7b10=0000 796c=0000 79b8=0000 7a30=0000(hbit0=0) 7a64=0000 791a=0000
[:slot1:storager] XSTATE  6410543.9us [7a1a] <= 0000
[:slot1:storager] QHEAD  6410583.3us [736c] <= 0000 pc=002afe
[:slot1:storager] QHEAD  6410586.1us [736c] <= 0000 pc=002b06
[:slot1:storager] QHEAD  6410587.7us [736e] <= 0000 pc=002b0a
[:slot1:storager] QHEAD  6410597.5us [7372] <= 7324 pc=002b4c
[:slot1:storager] TICK  6410602.7us head[736c]=0000 [736e]=0000 [7370]=7330 [7b12]=0000 [7a36]=0000 [7a38]=0000
[:slot1:storager] TEMPH  6410613.3us xferset     alt=0 741e=0000 743a=748a 74b4=0000 7462=0000 7a30=0000
[:slot1:storager] D3  6410620.5us ENT        [799a]=6e60 +20=0820 b11=1 | [71bc]=0000 +20=0000 b11=0 | 74b4=0000 7454=0000 7462=0000 7a64=0000 71b2=0001 7b0c=ffff 743a=748a
[:slot1:storager] PHASE  6410816.9us [7216] <= 0004 pc=002626
[:slot1:storager] PHASE  6410884.1us [7216] <= 0006 pc=002000
[:slot1:storager] TEMPH  6411025.5us CALL-3dac   alt=0 741e=0000 743a=748a 74b4=0000 7462=0000 7a30=0000
[:slot1:storager] TEMPH  6411026.3us CALL-3dac   alt=0 741e=0000 743a=748a 74b4=0000 7462=0000 7a30=0000
[:slot1:storager] TEMPH  6411028.1us sched       alt=0 741e=0000 743a=748a 74b4=0000 7462=0000 7a30=0000
[:slot1:storager] XSTATE  6411044.7us [7a1a] <= 0101
[:slot1:storager] XSTATE  6411062.1us [743a] <= 748a
[:slot1:storager] TEMPH  6411067.1us xferset     alt=0 741e=0000 743a=748a 74b4=0000 7462=0000 7a30=0000
[:slot1:storager] PIT  6411075.9us ff8006 <= 7a7a mask=ff00 pc=003cde
[:slot1:storager] PIT  6411078.7us ff8002 <= 0303 mask=ff00 pc=003cec
[:slot1:storager] PIT  6411081.7us ff8002 <= 0000 mask=ff00 pc=003cf0
[:slot1:storager] PIT  6411084.5us ff8004 <= 1515 mask=ff00 pc=003cf8
[:slot1:storager] PIT  6411087.5us ff8004 <= 0000 mask=ff00 pc=003cfc
[:slot1:storager] E800b12  6411111.3us rise e800=fa3d d000=38f8 c000=0fe780 c000v=1 pc=003d46
[:slot1:storager] TEMPDMA ctl  local=71f0 host=0fe780 len=24 st=00 host[.....H......]
[:slot1:storager] QHEAD  6411161.7us [7370] <= 733c pc=002a6a
[:slot1:storager] QHEAD  6411164.1us [736e] <= 7330 pc=002a72
[:slot1:storager] QHEAD  6411166.9us [736c] <= 7330 pc=002a80
[:slot1:storager] PATH  6411197.7us 3bfe     74b4=0000 7968=0000 7b10=0000 796c=0000 79b8=0000 7a30=0000(hbit0=0) 7a64=0000 791a=0000
[:slot1:storager] PATH  6411205.5us 3bfe     74b4=0000 7968=0000 7b10=0000 796c=0000 79b8=0000 7a30=0000(hbit0=0) 7a64=0000 791a=0000
[:slot1:storager] TEMPH  6411240.7us xferset     alt=0 741e=0000 743a=748a 74b4=0000 7462=0000 7a30=0000
[:slot1:storager] PIT  6411249.5us ff8006 <= 7a7a mask=ff00 pc=003cde
[:slot1:storager] PIT  6411252.3us ff8002 <= 0303 mask=ff00 pc=003cec
[:slot1:storager] PIT  6411255.3us ff8002 <= 0000 mask=ff00 pc=003cf0
[:slot1:storager] PIT  6411258.1us ff8004 <= 0303 mask=ff00 pc=003cf8
[:slot1:storager] PIT  6411261.1us ff8004 <= 0000 mask=ff00 pc=003cfc
[:slot1:storager] E800b12  6411284.9us rise e800=3a5d d000=38f8 c000=0fe780 c000v=1 pc=003d46
[:slot1:storager] TEMPDMA ctl  local=71f0 host=0fe780 len=24 st=81 host[....H.......]
[:slot1:storager] TEMPH  6411309.5us xferset     alt=0 741e=0000 743a=748a 74b4=0000 7462=0000 7a30=0000
[:slot1:storager] PATH  6411316.5us 3bfe     74b4=0000 7968=0000 7b10=0000 796c=0000 79b8=0000 7a30=0000(hbit0=0) 7a64=0000 791a=0000
[:slot1:storager] XSTATE  6411338.9us [7a1a] <= 0000
[:slot1:storager] QHEAD  6411378.3us [736c] <= 0000 pc=002afe
[:slot1:storager] QHEAD  6411381.1us [736c] <= 0000 pc=002b06
[:slot1:storager] QHEAD  6411382.7us [736e] <= 0000 pc=002b0a
[:slot1:storager] QHEAD  6411392.5us [7372] <= 7330 pc=002b4c
[:slot1:storager] TICK  6411397.7us head[736c]=0000 [736e]=0000 [7370]=733c [7b12]=0000 [7a36]=0000 [7a38]=0000
[:slot1:storager] TEMPH  6411408.3us xferset     alt=0 741e=0000 743a=748a 74b4=0000 7462=0000 7a30=0000
[:slot1:storager] D3  6411415.5us ENT        [799a]=6e60 +20=0820 b11=1 | [71bc]=0000 +20=0000 b11=0 | 74b4=0000 7454=0000 7462=0000 7a64=0000 71b2=0001 7b0c=0000 743a=748a
[:slot1:storager] UIB20  6411483.5us [6e80] <= 0026 pc=000e7e
[:slot1:storager] PHASE  6411541.3us [7216] <= 0008 pc=002244
[:slot1:storager] SETTLE  6411632.9us ARM-guard    A1=6e60 UIB+14=06 (nibble 6) [7a36]=0000 [7a38]=0000
[:slot1:storager] SETTLE  6411653.3us SCHEDULE-29f8 A1=6e60 UIB+14=06 (nibble 6) [7a36]=0000 [7a38]=0000
[:slot1:storager] QHEAD  6411676.7us [7370] <= 7348 pc=002a6a
[:slot1:storager] QHEAD  6411679.1us [736e] <= 733c pc=002a72
[:slot1:storager] QHEAD  6411681.9us [736c] <= 733c pc=002a80
[:slot1:storager] SFLAG  6411694.7us [7a38] <= 733c pc=002aa8
[:slot1:storager] SETTLE  6411704.1us SET-NOW      A1=6e60 UIB+14=06 (nibble 6) [7a36]=0000 [7a38]=733c
[:slot1:storager] OP4A  6411869.5us [7968]=0000 [796c]=0000 [7b10]=0000 [741c]=0000 [741e]=0000 [74ac]=74c4 [7956]=0000
[:slot1:storager] PHASE  6411894.3us [7216] <= 000c pc=0015a0
[:slot1:storager] WPUMP  6411897.7us phase=000c gate72a6=0000 72e0=0000 74b4=0000
[:slot1:storager] PHASE  6411948.7us [7216] <= 000c pc=0017f8
[:slot1:storager] TICK  6411976.9us head[736c]=733c [736e]=733c [7370]=7348 [7b12]=0000 [7a36]=0000 [7a38]=733c
[:slot1:storager] PIT  6412014.1us 008006 <= b4b4 mask=00ff pc=001adc
[:slot1:storager] PHASE  6412107.1us [7216] <= 0000 pc=001d08
[:slot1:storager] TEMPH  6412145.9us CALL-3dac   alt=0 741e=0000 743a=748a 74b4=0000 7462=0000 7a30=0000
[:slot1:storager] TEMPH  6412146.7us CALL-3dac   alt=0 741e=0000 743a=748a 74b4=0000 7462=0000 7a30=0000
[:slot1:storager] TEMPH  6412148.5us sched       alt=0 741e=0000 743a=748a 74b4=0000 7462=0000 7a30=0000
[:slot1:storager] XSTATE  6412165.1us [7a1a] <= 0101
[:slot1:storager] XSTATE  6412181.7us [743a] <= 748a
[:slot1:storager] TEMPH  6412186.7us xferset     alt=0 741e=0000 743a=748a 74b4=0000 7462=0000 7a30=0000
[:slot1:storager] PIT  6412195.5us ff8006 <= 7a7a mask=ff00 pc=003cde
[:slot1:storager] PIT  6412198.3us ff8002 <= 0303 mask=ff00 pc=003cec
[:slot1:storager] PIT  6412201.3us ff8002 <= 0000 mask=ff00 pc=003cf0
[:slot1:storager] PIT  6412204.1us ff8004 <= 1515 mask=ff00 pc=003cf8
[:slot1:storager] PIT  6412207.1us ff8004 <= 0000 mask=ff00 pc=003cfc
[:slot1:storager] E800b12  6412230.9us rise e800=3a5d d000=38f8 c000=0fe780 c000v=1 pc=003d46
[:slot1:storager] TEMPDMA ctl  local=71f0 host=0fe780 len=24 st=00 host[....H.......]
[:slot1:storager] QHEAD  6412281.3us [7370] <= 7354 pc=002a6a
[:slot1:storager] QHEAD  6412283.7us [736e] <= 7348 pc=002a72
[:slot1:storager] PATH  6412318.1us 3bfe     74b4=0000 7968=0000 7b10=0000 796c=0000 79b8=0000 7a30=0000(hbit0=0) 7a64=0000 791a=0000
[:slot1:storager] PATH  6412326.5us 3bfe     74b4=0000 7968=0000 7b10=0000 796c=0000 79b8=0000 7a30=0000(hbit0=0) 7a64=0000 791a=0000
[:slot1:storager] XSTATE  6412348.9us [7a1a] <= 0000
[:slot1:storager] QHEAD  6412392.5us [736e] <= 733c pc=002b1c
[:slot1:storager] QHEAD  6412402.7us [7372] <= 7348 pc=002b4c
[:slot1:storager] TICK  6412407.9us head[736c]=733c [736e]=733c [7370]=7354 [7b12]=0000 [7a36]=0000 [7a38]=733c
[:slot1:storager] TEMPH  6412418.5us xferset     alt=0 741e=0000 743a=748a 74b4=0000 7462=0000 7a30=0000
[:slot1:storager] D3  6412425.7us ENT        [799a]=6e60 +20=0026 b11=0 | [71bc]=0000 +20=0000 b11=0 | 74b4=0000 7454=0000 7462=0000 7a64=0000 71b2=0001 7b0c=ffff 743a=748a
[:slot1:storager] GA  6412863.9us wr    e802=4297 pc=0024b4
[:slot1:storager] GA  6412867.9us wr    e802=42d7 pc=0024c0
[:slot1:storager] PHASE  6412904.9us [7216] <= 0004 pc=002626
[:slot1:storager] GA  6412923.5us wr    e806=0000 pc=002662
[:slot1:storager] PHASE  6412983.7us [7216] <= 0006 pc=002000
[:slot1:storager] GA  6413006.1us wr    e800=2a5d pc=000bc6
[:slot1:storager] TEMPH  6413125.1us CALL-3dac   alt=0 741e=0000 743a=748a 74b4=0000 7462=0000 7a30=0000
[:slot1:storager] TEMPH  6413125.9us CALL-3dac   alt=0 741e=0000 743a=748a 74b4=0000 7462=0000 7a30=0000
[:slot1:storager] TEMPH  6413127.7us sched       alt=0 741e=0000 743a=748a 74b4=0000 7462=0000 7a30=0000
[:slot1:storager] XSTATE  6413144.3us [7a1a] <= 0101
[:slot1:storager] XSTATE  6413161.7us [743a] <= 748a
[:slot1:storager] TEMPH  6413166.7us xferset     alt=0 741e=0000 743a=748a 74b4=0000 7462=0000 7a30=0000
[:slot1:storager] PIT  6413175.5us ff8006 <= 7a7a mask=ff00 pc=003cde
[:slot1:storager] PIT  6413178.3us ff8002 <= 0303 mask=ff00 pc=003cec
[:slot1:storager] PIT  6413181.3us ff8002 <= 0000 mask=ff00 pc=003cf0
[:slot1:storager] PIT  6413184.1us ff8004 <= 1515 mask=ff00 pc=003cf8
[:slot1:storager] PIT  6413187.1us ff8004 <= 0000 mask=ff00 pc=003cfc
[:slot1:storager] GA  6413190.3us C000  fe780=187f pc=003d04
[:slot1:storager] GA  6413197.5us wr    e800=2a5d pc=003d20
[:slot1:storager] GA  6413206.5us wr    e800=ea3d pc=003d3c
[:slot1:storager] GA  6413208.1us D000  71f0=38f8 pc=003d3e
[:slot1:storager] GA  6413210.9us wr    e800=fa3d pc=003d46
[:slot1:storager] E800b12  6413210.9us rise e800=fa3d d000=38f8 c000=0fe780 c000v=1 pc=003d46
[:slot1:storager] TEMPDMA ctl  local=71f0 host=0fe780 len=24 st=00 host[............]
[:slot1:storager] GA  6413210.9us DMAgo 71f0=0018 pc=003d46
[:slot1:storager] GA  6413218.1us IRQ4  0000=0000 pc=003d46
[:slot1:storager] QHEAD  6413261.3us [7370] <= 7360 pc=002a6a
[:slot1:storager] QHEAD  6413263.7us [736e] <= 7354 pc=002a72
[:slot1:storager] PATH  6413298.1us 3bfe     74b4=0000 7968=0000 7b10=0000 796c=0000 79b8=0000 7a30=0000(hbit0=0) 7a64=0000 791a=0000
[:slot1:storager] PATH  6413306.5us 3bfe     74b4=0000 7968=0000 7b10=0000 796c=0000 79b8=0000 7a30=0000(hbit0=0) 7a64=0000 791a=0000
[:slot1:storager] GA  6413317.1us wr    e800=ea3d pc=003c08
[:slot1:storager] TEMPH  6413341.7us xferset     alt=0 741e=0000 743a=748a 74b4=0000 7462=0000 7a30=0000
[:slot1:storager] PIT  6413350.5us ff8006 <= 7a7a mask=ff00 pc=003cde
[:slot1:storager] PIT  6413353.3us ff8002 <= 0303 mask=ff00 pc=003cec
[:slot1:storager] PIT  6413356.3us ff8002 <= 0000 mask=ff00 pc=003cf0
[:slot1:storager] PIT  6413359.1us ff8004 <= 0303 mask=ff00 pc=003cf8
[:slot1:storager] PIT  6413362.1us ff8004 <= 0000 mask=ff00 pc=003cfc
[:slot1:storager] GA  6413365.3us C000  fe780=187f pc=003d04
[:slot1:storager] GA  6413372.5us wr    e800=2a3d pc=003d20
[:slot1:storager] GA  6413381.5us wr    e800=2a5d pc=003d3c
[:slot1:storager] GA  6413383.1us D000  71f0=38f8 pc=003d3e
[:slot1:storager] GA  6413385.9us wr    e800=3a5d pc=003d46
[:slot1:storager] E800b12  6413385.9us rise e800=3a5d d000=38f8 c000=0fe780 c000v=1 pc=003d46
[:slot1:storager] TEMPDMA ctl  local=71f0 host=0fe780 len=24 st=81 host[............]
[:slot1:storager] GA  6413385.9us DMAgo 71f0=0018 pc=003d46
[:slot1:storager] GA  6413393.1us IRQ4  0000=0000 pc=003d46
[:slot1:storager] TEMPH  6413410.5us xferset     alt=0 741e=0000 743a=748a 74b4=0000 7462=0000 7a30=0000
[:slot1:storager] PATH  6413417.5us 3bfe     74b4=0000 7968=0000 7b10=0000 796c=0000 79b8=0000 7a30=0000(hbit0=0) 7a64=0000 791a=0000
[:slot1:storager] GA  6413428.1us wr    e800=2a5d pc=003c08
[:slot1:storager] XSTATE  6413439.9us [7a1a] <= 0000
[:slot1:storager] QHEAD  6413483.5us [736e] <= 733c pc=002b1c
[:slot1:storager] QHEAD  6413493.7us [7372] <= 7354 pc=002b4c
[:slot1:storager] TICK  6413498.9us head[736c]=733c [736e]=733c [7370]=7360 [7b12]=0000 [7a36]=0000 [7a38]=733c
[:slot1:storager] TEMPH  6413509.5us xferset     alt=0 741e=0000 743a=748a 74b4=0000 7462=0000 7a30=0000
[:slot1:storager] D3  6413516.7us ENT        [799a]=6e60 +20=0026 b11=0 | [71bc]=0000 +20=0000 b11=0 | 74b4=0000 7454=0000 7462=0000 7a64=0000 71b2=0001 7b0c=0000 743a=748a
[:slot1:storager] UIB20  6413569.7us [6e80] <= 8c27 pc=000e7e
[:slot1:storager] CNT  6413701.1us [79a2] <= 0100 pc=001030
[:slot1:storager] BSET  6413756.5us 6042   hi=00 74b4=0000 7a64=0000 7968=0000 7b10=0000 phase=0006 gate72a6=0000
[:slot1:storager] A30  6413759.3us [7a30] <= 0101 pc=006042
[:slot1:storager] HI7A30  6413759.3us hi=01 lo=01 mask=ff00 pc=006042 74b4=0000
[:slot1:storager] CTX  6413759.3us [7a30] <= 0101 pc=006042 IPL=0
[:slot1:storager] PHASE  6413944.3us [7216] <= 0008 pc=002244
[:slot1:storager] GA  6414008.3us rd    f000=00a0 pc=006548
[:slot1:storager] GA  6414022.5us wr    e804=ff68 pc=00658e
[:slot1:storager] GA  6414026.9us wr    e804=bf68 pc=0065a0
[:slot1:storager] GA  6414028.1us rd    f000=00a0 pc=0065a4
[:slot1:storager] SETTLE  6414035.7us ARM-guard    A1=6e60 UIB+14=06 (nibble 6) [7a36]=0000 [7a38]=733c
[:slot1:storager] GA  6414036.1us wr    e802=42d7 pc=0065d2
[:slot1:storager] WPUMP  6414104.3us phase=0008 gate72a6=0000 72e0=0000 74b4=0000
[:slot1:storager] WPUMP  6414209.7us phase=0008 gate72a6=0000 72e0=0000 74b4=0000
[:slot1:storager] WPUMP  6414315.1us phase=0008 gate72a6=0000 72e0=0000 74b4=0000
[:slot1:storager] WPUMP  6414420.5us phase=0008 gate72a6=0000 72e0=0000 74b4=0000
[:slot1:storager] WPUMP  6414525.9us phase=0008 gate72a6=0000 72e0=0000 74b4=0000
[:slot1:storager] WPUMP  6414631.3us phase=0008 gate72a6=0000 72e0=0000 74b4=0000
[:slot1:storager] WPUMP  6414736.7us phase=0008 gate72a6=0000 72e0=0000 74b4=0000
[:slot1:storager] WPUMP  6414842.1us phase=0008 gate72a6=0000 72e0=0000 74b4=0000
[:slot1:storager] WPUMP  6414947.5us phase=0008 gate72a6=0000 72e0=0000 74b4=0000
[:slot1:storager] WPUMP  6415052.9us phase=0008 gate72a6=0000 72e0=0000 74b4=0000
[:slot1:storager] WPUMP  6415158.3us phase=0008 gate72a6=0000 72e0=0000 74b4=0000
[:slot1:storager] WPUMP  6415263.7us phase=0008 gate72a6=0000 72e0=0000 74b4=0000
[:slot1:storager] WPUMP  6415369.1us phase=0008 gate72a6=0000 72e0=0000 74b4=0000
[:slot1:storager] WPUMP  6415474.5us phase=0008 gate72a6=0000 72e0=0000 74b4=0000
[:slot1:storager] WPUMP  6415579.9us phase=0008 gate72a6=0000 72e0=0000 74b4=0000
[:slot1:storager] WPUMP  6415685.3us phase=0008 gate72a6=0000 72e0=0000 74b4=0000
[:slot1:storager] WPUMP  6415790.7us phase=0008 gate72a6=0000 72e0=0000 74b4=0000
[:slot1:storager] WPUMP  6415896.1us phase=0008 gate72a6=0000 72e0=0000 74b4=0000
[:slot1:storager] WPUMP  6416001.5us phase=0008 gate72a6=0000 72e0=0000 74b4=0000
[:slot1:storager] TICK  6417477.5us head[736c]=733c [736e]=733c [7370]=7360 [7b12]=0000 [7a36]=0000 [7a38]=733c
[:slot1:storager] GA  6417496.9us wr    e800=285d pc=002bc2
[:slot1:storager] PIT  6417498.5us ff8000 <= ffff mask=00ff pc=002bc4
[:slot1:storager] GA  6417501.3us wr    e800=2a5d pc=002bce
[:slot1:storager] TICK  6443594.5us head[736c]=733c [736e]=733c [7370]=7360 [7b12]=0000 [7a36]=0000 [7a38]=733c
[:slot1:storager] GA  6443613.9us wr    e800=285d pc=002bc2
[:slot1:storager] PIT  6443615.5us ff8000 <= ffff mask=00ff pc=002bc4
[:slot1:storager] GA  6443618.3us wr    e800=2a5d pc=002bce
[:slot1:storager] TICK  6469710.5us head[736c]=733c [736e]=733c [7370]=7360 [7b12]=0000 [7a36]=0000 [7a38]=733c
[:slot1:storager] GA  6469729.9us wr    e800=285d pc=002bc2
[:slot1:storager] PIT  6469731.5us ff8000 <= ffff mask=00ff pc=002bc4
[:slot1:storager] GA  6469734.3us wr    e800=2a5d pc=002bce
[:slot1:storager] TICK  6495827.5us head[736c]=733c [736e]=733c [7370]=7360 [7b12]=0000 [7a36]=0000 [7a38]=733c
[:slot1:storager] GA  6495846.9us wr    e800=285d pc=002bc2
[:slot1:storager] PIT  6495848.5us ff8000 <= ffff mask=00ff pc=002bc4
[:slot1:storager] GA  6495851.3us wr    e800=2a5d pc=002bce
[:slot3:serad] 8085 evt rd [004] -> 00 (pc=0a67) @6.50002
[:slot3:serad] 8085 evt rd [005] -> 3f (pc=0a67) @6.50002
[:slot3:serad] 8085 evt rd [004] -> 00 (pc=0a67) @6.50006
[:slot3:serad] 8085 evt rd [005] -> 3f (pc=0a67) @6.50006
[:slot3:serad] 8085 evt rd [004] -> 00 (pc=0a67) @6.50009
[:slot3:serad] 8085 evt rd [005] -> 3f (pc=0a67) @6.50009
[:slot3:serad] 8085 evt rd [004] -> 00 (pc=0a67) @6.50013
[:slot3:serad] 8085 evt rd [005] -> 3f (pc=0a67) @6.50013
[:slot3:serad] 8085 evt rd [004] -> 00 (pc=0a67) @6.50017
[:slot3:serad] 8085 evt rd [005] -> 3f (pc=0a67) @6.50017
[:slot3:serad] 8085 evt rd [004] -> 00 (pc=0a67) @6.50020
[:slot3:serad] 8085 evt rd [005] -> 3f (pc=0a67) @6.50020
[:slot3:serad] 8085 evt rd [004] -> 00 (pc=0a67) @6.50024
[:slot3:serad] 8085 evt rd [005] -> 3f (pc=0a67) @6.50024
[:slot3:serad] 8085 evt rd [004] -> 00 (pc=0a67) @6.50028
[:slot3:serad] 8085 evt rd [005] -> 3f (pc=0a67) @6.50028
[:slot3:serad] 8085 evt rd [004] -> 00 (pc=0a67) @6.50031
[:slot3:serad] 8085 evt rd [005] -> 3f (pc=0a67) @6.50031
[:slot3:serad] 8085 evt rd [004] -> 00 (pc=0a67) @6.50035
[:slot3:serad] 8085 evt rd [005] -> 3f (pc=0a67) @6.50035
[:slot3:serad] 8085 evt rd [004] -> 00 (pc=0a67) @6.50039
[:slot3:serad] 8085 evt rd [005] -> 3f (pc=0a67) @6.50039
[:slot3:serad] 8085 evt rd [004] -> 00 (pc=0a67) @6.50042
[:slot3:serad] 8085 evt rd [005] -> 3f (pc=0a67) @6.50042
[:slot3:serad] 8085 evt rd [004] -> 00 (pc=0a67) @6.50046
[:slot3:serad] 8085 evt rd [005] -> 3f (pc=0a67) @6.50046
[:slot3:serad] 8085 evt rd [004] -> 00 (pc=0a67) @6.50050
[:slot3:serad] 8085 evt rd [005] -> 3f (pc=0a67) @6.50050
[:slot3:serad] 8085 evt rd [004] -> 00 (pc=0a67) @6.50054
[:slot3:serad] 8085 evt rd [005] -> 3f (pc=0a67) @6.50054
[:slot1:storager] TICK  6521944.5us head[736c]=733c [736e]=733c [7370]=7360 [7b12]=0000 [7a36]=0000 [7a38]=733c
[:slot1:storager] GA  6521963.9us wr    e800=285d pc=002bc2
[:slot1:storager] PIT  6521965.5us ff8000 <= ffff mask=00ff pc=002bc4
[:slot1:storager] GA  6521968.3us wr    e800=2a5d pc=002bce
[:slot1:storager] TICK  6548067.5us head[736c]=733c [736e]=733c [7370]=7360 [7b12]=0000 [7a36]=0000 [7a38]=733c
[:slot1:storager] GA  6548086.9us wr    e800=285d pc=002bc2
[:slot1:storager] PIT  6548088.5us ff8000 <= ffff mask=00ff pc=002bc4
[:slot1:storager] GA  6548091.3us wr    e800=2a5d pc=002bce
[:slot1:storager] TICK  6574176.5us head[736c]=733c [736e]=733c [7370]=7360 [7b12]=0000 [7a36]=0000 [7a38]=733c
[:slot1:storager] GA  6574195.9us wr    e800=285d pc=002bc2
[:slot1:storager] PIT  6574197.5us ff8000 <= ffff mask=00ff pc=002bc4
[:slot1:storager] GA  6574200.3us wr    e800=2a5d pc=002bce
[:slot1:storager] TICK  6600311.5us head[736c]=733c [736e]=733c [7370]=7360 [7b12]=0000 [7a36]=0000 [7a38]=733c
[:slot1:storager] GA  6600330.9us wr    e800=285d pc=002bc2
[:slot1:storager] PIT  6600332.5us ff8000 <= ffff mask=00ff pc=002bc4
[:slot1:storager] GA  6600335.3us wr    e800=2a5d pc=002bce
[:slot1:storager] TICK  6626408.5us head[736c]=733c [736e]=733c [7370]=7360 [7b12]=0000 [7a36]=0000 [7a38]=733c
[:slot1:storager] GA  6626427.9us wr    e800=285d pc=002bc2
[:slot1:storager] PIT  6626429.5us ff8000 <= ffff mask=00ff pc=002bc4
[:slot1:storager] GA  6626432.3us wr    e800=2a5d pc=002bce
[:slot1:storager] TICK  6652525.5us head[736c]=733c [736e]=733c [7370]=7360 [7b12]=0000 [7a36]=0000 [7a38]=733c
[:slot1:storager] GA  6652544.9us wr    e800=285d pc=002bc2
[:slot1:storager] PIT  6652546.5us ff8000 <= ffff mask=00ff pc=002bc4
[:slot1:storager] GA  6652549.3us wr    e800=2a5d pc=002bce
[:slot1:storager] TICK  6678642.5us head[736c]=733c [736e]=733c [7370]=7360 [7b12]=0000 [7a36]=0000 [7a38]=733c
[:slot1:storager] GA  6678661.9us wr    e800=285d pc=002bc2
[:slot1:storager] PIT  6678663.5us ff8000 <= ffff mask=00ff pc=002bc4
[:slot1:storager] GA  6678666.3us wr    e800=2a5d pc=002bce
[:slot1:storager] TICK  6704758.5us head[736c]=733c [736e]=733c [7370]=7360 [7b12]=0000 [7a36]=0000 [7a38]=733c
[:slot1:storager] GA  6704777.9us wr    e800=285d pc=002bc2
[:slot1:storager] PIT  6704779.5us ff8000 <= ffff mask=00ff pc=002bc4
[:slot1:storager] GA  6704782.3us wr    e800=2a5d pc=002bce
[:slot1:storager] TICK  6730874.5us head[736c]=733c [736e]=733c [7370]=7360 [7b12]=0000 [7a36]=0000 [7a38]=733c
[:slot1:storager] GA  6730893.9us wr    e800=285d pc=002bc2
[:slot1:storager] PIT  6730895.5us ff8000 <= ffff mask=00ff pc=002bc4
[:slot1:storager] GA  6730898.3us wr    e800=2a5d pc=002bce
[:slot1:storager] TICK  6756991.5us head[736c]=733c [736e]=733c [7370]=7360 [7b12]=0000 [7a36]=0000 [7a38]=733c
[:slot1:storager] GA  6757010.9us wr    e800=285d pc=002bc2
[:slot1:storager] PIT  6757012.5us ff8000 <= ffff mask=00ff pc=002bc4
[:slot1:storager] GA  6757015.3us wr    e800=2a5d pc=002bce
[:slot1:storager] TICK  6783111.5us head[736c]=733c [736e]=733c [7370]=7360 [7b12]=0000 [7a36]=0000 [7a38]=733c
[:slot1:storager] GA  6783130.9us wr    e800=285d pc=002bc2
[:slot1:storager] PIT  6783132.5us ff8000 <= ffff mask=00ff pc=002bc4
[:slot1:storager] GA  6783135.3us wr    e800=2a5d pc=002bce
[:slot1:storager] TICK  6809224.5us head[736c]=733c [736e]=733c [7370]=7360 [7b12]=0000 [7a36]=0000 [7a38]=733c
[:slot1:storager] GA  6809243.9us wr    e800=285d pc=002bc2
[:slot1:storager] PIT  6809245.5us ff8000 <= ffff mask=00ff pc=002bc4
[:slot1:storager] GA  6809248.3us wr    e800=2a5d pc=002bce
[:slot1:storager] TICK  6835355.5us head[736c]=733c [736e]=733c [7370]=7360 [7b12]=0000 [7a36]=0000 [7a38]=733c
[:slot1:storager] GA  6835374.9us wr    e800=285d pc=002bc2
[:slot1:storager] PIT  6835376.5us ff8000 <= ffff mask=00ff pc=002bc4
[:slot1:storager] GA  6835379.3us wr    e800=2a5d pc=002bce
[:slot1:storager] TICK  6861456.5us head[736c]=733c [736e]=733c [7370]=7360 [7b12]=0000 [7a36]=0000 [7a38]=733c
[:slot1:storager] GA  6861475.9us wr    e800=285d pc=002bc2
[:slot1:storager] PIT  6861477.5us ff8000 <= ffff mask=00ff pc=002bc4
[:slot1:storager] GA  6861480.3us wr    e800=2a5d pc=002bce
[:slot1:storager] TICK  6887573.5us head[736c]=733c [736e]=733c [7370]=7360 [7b12]=0000 [7a36]=0000 [7a38]=733c
[:slot1:storager] GA  6887592.9us wr    e800=285d pc=002bc2
[:slot1:storager] PIT  6887594.5us ff8000 <= ffff mask=00ff pc=002bc4
[:slot1:storager] GA  6887597.3us wr    e800=2a5d pc=002bce
[:slot1:storager] TICK  6913689.5us head[736c]=733c [736e]=733c [7370]=7360 [7b12]=0000 [7a36]=0000 [7a38]=733c
[:slot1:storager] GA  6913708.9us wr    e800=285d pc=002bc2
[:slot1:storager] PIT  6913710.5us ff8000 <= ffff mask=00ff pc=002bc4
[:slot1:storager] GA  6913713.3us wr    e800=2a5d pc=002bce
[:slot1:storager] TICK  6939807.5us head[736c]=733c [736e]=733c [7370]=7360 [7b12]=0000 [7a36]=0000 [7a38]=733c
[:slot1:storager] GA  6939826.9us wr    e800=285d pc=002bc2
[:slot1:storager] PIT  6939828.5us ff8000 <= ffff mask=00ff pc=002bc4
[:slot1:storager] GA  6939831.3us wr    e800=2a5d pc=002bce
[:slot1:storager] TICK  6965923.5us head[736c]=733c [736e]=733c [7370]=7360 [7b12]=0000 [7a36]=0000 [7a38]=733c
[:slot1:storager] GA  6965942.9us wr    e800=285d pc=002bc2
[:slot1:storager] PIT  6965944.5us ff8000 <= ffff mask=00ff pc=002bc4
[:slot1:storager] GA  6965947.3us wr    e800=2a5d pc=002bce
[:slot1:storager] TICK  6992038.5us head[736c]=733c [736e]=733c [7370]=7360 [7b12]=0000 [7a36]=0000 [7a38]=733c
[:slot1:storager] GA  6992057.9us wr    e800=285d pc=002bc2
[:slot1:storager] PIT  6992059.5us ff8000 <= ffff mask=00ff pc=002bc4
[:slot1:storager] GA  6992062.3us wr    e800=2a5d pc=002bce
[:slot1:storager] TICK  7018156.5us head[736c]=733c [736e]=733c [7370]=7360 [7b12]=0000 [7a36]=0000 [7a38]=733c
[:slot1:storager] GA  7018175.9us wr    e800=285d pc=002bc2
[:slot1:storager] PIT  7018177.5us ff8000 <= ffff mask=00ff pc=002bc4
[:slot1:storager] GA  7018180.3us wr    e800=2a5d pc=002bce
[:slot1:storager] TICK  7044271.5us head[736c]=733c [736e]=733c [7370]=7360 [7b12]=0000 [7a36]=0000 [7a38]=733c
[:slot1:storager] GA  7044290.9us wr    e800=285d pc=002bc2
[:slot1:storager] PIT  7044292.5us ff8000 <= ffff mask=00ff pc=002bc4
[:slot1:storager] GA  7044295.3us wr    e800=2a5d pc=002bce
[:slot1:storager] TICK  7070400.5us head[736c]=733c [736e]=733c [7370]=7360 [7b12]=0000 [7a36]=0000 [7a38]=733c
[:slot1:storager] GA  7070419.9us wr    e800=285d pc=002bc2
[:slot1:storager] PIT  7070421.5us ff8000 <= ffff mask=00ff pc=002bc4
[:slot1:storager] GA  7070424.3us wr    e800=2a5d pc=002bce
[:slot1:storager] TICK  7096504.5us head[736c]=733c [736e]=733c [7370]=7360 [7b12]=0000 [7a36]=0000 [7a38]=733c
[:slot1:storager] GA  7096523.9us wr    e800=285d pc=002bc2
[:slot1:storager] PIT  7096525.5us ff8000 <= ffff mask=00ff pc=002bc4
[:slot1:storager] GA  7096528.3us wr    e800=2a5d pc=002bce
[:slot1:storager] TICK  7122621.5us head[736c]=733c [736e]=733c [7370]=7360 [7b12]=0000 [7a36]=0000 [7a38]=733c
[:slot1:storager] GA  7122640.9us wr    e800=285d pc=002bc2
[:slot1:storager] PIT  7122642.5us ff8000 <= ffff mask=00ff pc=002bc4
[:slot1:storager] GA  7122645.3us wr    e800=2a5d pc=002bce
[:slot1:storager] TICK  7148736.5us head[736c]=733c [736e]=733c [7370]=7360 [7b12]=0000 [7a36]=0000 [7a38]=733c
[:slot1:storager] GA  7148755.9us wr    e800=285d pc=002bc2
[:slot1:storager] PIT  7148757.5us ff8000 <= ffff mask=00ff pc=002bc4
[:slot1:storager] GA  7148760.3us wr    e800=2a5d pc=002bce
[:slot1:storager] TICK  7174854.5us head[736c]=733c [736e]=733c [7370]=7360 [7b12]=0000 [7a36]=0000 [7a38]=733c
[:slot1:storager] GA  7174873.9us wr    e800=285d pc=002bc2
[:slot1:storager] PIT  7174875.5us ff8000 <= ffff mask=00ff pc=002bc4
[:slot1:storager] GA  7174878.3us wr    e800=2a5d pc=002bce
[:slot1:storager] TICK  7200970.5us head[736c]=733c [736e]=733c [7370]=7360 [7b12]=0000 [7a36]=0000 [7a38]=733c
[:slot1:storager] GA  7200989.9us wr    e800=285d pc=002bc2
[:slot1:storager] PIT  7200991.5us ff8000 <= ffff mask=00ff pc=002bc4
[:slot1:storager] GA  7200994.3us wr    e800=2a5d pc=002bce
[:slot1:storager] TICK  7227087.5us head[736c]=733c [736e]=733c [7370]=7360 [7b12]=0000 [7a36]=0000 [7a38]=733c
[:slot1:storager] GA  7227106.9us wr    e800=285d pc=002bc2
[:slot1:storager] PIT  7227108.5us ff8000 <= ffff mask=00ff pc=002bc4
[:slot1:storager] GA  7227111.3us wr    e800=2a5d pc=002bce
[:slot1:storager] TICK  7253202.5us head[736c]=733c [736e]=733c [7370]=7360 [7b12]=0000 [7a36]=0000 [7a38]=733c
[:slot1:storager] GA  7253221.9us wr    e800=285d pc=002bc2
[:slot1:storager] PIT  7253223.5us ff8000 <= ffff mask=00ff pc=002bc4
[:slot1:storager] GA  7253226.3us wr    e800=2a5d pc=002bce
[:slot1:storager] TICK  7279318.5us head[736c]=733c [736e]=733c [7370]=7360 [7b12]=0000 [7a36]=0000 [7a38]=733c
[:slot1:storager] GA  7279337.9us wr    e800=285d pc=002bc2
[:slot1:storager] PIT  7279339.5us ff8000 <= ffff mask=00ff pc=002bc4
[:slot1:storager] GA  7279342.3us wr    e800=2a5d pc=002bce
[:slot1:storager] TICK  7305444.5us head[736c]=733c [736e]=733c [7370]=7360 [7b12]=0000 [7a36]=0000 [7a38]=733c
[:slot1:storager] GA  7305463.9us wr    e800=285d pc=002bc2
[:slot1:storager] PIT  7305465.5us ff8000 <= ffff mask=00ff pc=002bc4
[:slot1:storager] GA  7305468.3us wr    e800=2a5d pc=002bce
[:slot1:storager] TICK  7331552.5us head[736c]=733c [736e]=733c [7370]=7360 [7b12]=0000 [7a36]=0000 [7a38]=733c
[:slot1:storager] GA  7331571.9us wr    e800=285d pc=002bc2
[:slot1:storager] PIT  7331573.5us ff8000 <= ffff mask=00ff pc=002bc4
[:slot1:storager] GA  7331576.3us wr    e800=2a5d pc=002bce
[:slot1:storager] TICK  7357688.5us head[736c]=733c [736e]=733c [7370]=7360 [7b12]=0000 [7a36]=0000 [7a38]=733c
[:slot1:storager] GA  7357707.9us wr    e800=285d pc=002bc2
[:slot1:storager] PIT  7357709.5us ff8000 <= ffff mask=00ff pc=002bc4
[:slot1:storager] GA  7357712.3us wr    e800=2a5d pc=002bce
[:slot1:storager] TICK  7383785.5us head[736c]=733c [736e]=733c [7370]=7360 [7b12]=0000 [7a36]=0000 [7a38]=733c
[:slot1:storager] GA  7383804.9us wr    e800=285d pc=002bc2
[:slot1:storager] PIT  7383806.5us ff8000 <= ffff mask=00ff pc=002bc4
[:slot1:storager] GA  7383809.3us wr    e800=2a5d pc=002bce
[:slot1:storager] TICK  7409901.5us head[736c]=733c [736e]=733c [7370]=7360 [7b12]=0000 [7a36]=0000 [7a38]=733c
[:slot1:storager] GA  7409920.9us wr    e800=285d pc=002bc2
[:slot1:storager] PIT  7409922.5us ff8000 <= ffff mask=00ff pc=002bc4
[:slot1:storager] GA  7409925.3us wr    e800=2a5d pc=002bce
[:slot1:storager] TICK  7436017.5us head[736c]=733c [736e]=733c [7370]=7360 [7b12]=0000 [7a36]=0000 [7a38]=733c
[:slot1:storager] GA  7436036.9us wr    e800=285d pc=002bc2
[:slot1:storager] PIT  7436038.5us ff8000 <= ffff mask=00ff pc=002bc4
[:slot1:storager] GA  7436041.3us wr    e800=2a5d pc=002bce
[:slot1:storager] TICK  7462134.5us head[736c]=733c [736e]=733c [7370]=7360 [7b12]=0000 [7a36]=0000 [7a38]=733c
[:slot1:storager] GA  7462153.9us wr    e800=285d pc=002bc2
[:slot1:storager] PIT  7462155.5us ff8000 <= ffff mask=00ff pc=002bc4
[:slot1:storager] GA  7462158.3us wr    e800=2a5d pc=002bce
[:slot1:storager] TICK  7488250.5us head[736c]=733c [736e]=733c [7370]=7360 [7b12]=0000 [7a36]=0000 [7a38]=733c
[:slot1:storager] GA  7488269.9us wr    e800=285d pc=002bc2
[:slot1:storager] PIT  7488271.5us ff8000 <= ffff mask=00ff pc=002bc4
[:slot1:storager] GA  7488274.3us wr    e800=2a5d pc=002bce
[:slot1:storager] TICK  7514367.5us head[736c]=733c [736e]=733c [7370]=7360 [7b12]=0000 [7a36]=0000 [7a38]=733c
[:slot1:storager] GA  7514386.9us wr    e800=285d pc=002bc2
[:slot1:storager] PIT  7514388.5us ff8000 <= ffff mask=00ff pc=002bc4
[:slot1:storager] GA  7514391.3us wr    e800=2a5d pc=002bce
[:slot1:storager] TICK  7540489.5us head[736c]=733c [736e]=733c [7370]=7360 [7b12]=0000 [7a36]=0000 [7a38]=733c
[:slot1:storager] GA  7540508.9us wr    e800=285d pc=002bc2
[:slot1:storager] PIT  7540510.5us ff8000 <= ffff mask=00ff pc=002bc4
[:slot1:storager] GA  7540513.3us wr    e800=2a5d pc=002bce
[:slot1:storager] TICK  7566599.5us head[736c]=733c [736e]=733c [7370]=7360 [7b12]=0000 [7a36]=0000 [7a38]=733c
[:slot1:storager] GA  7566618.9us wr    e800=285d pc=002bc2
[:slot1:storager] PIT  7566620.5us ff8000 <= ffff mask=00ff pc=002bc4
[:slot1:storager] GA  7566623.3us wr    e800=2a5d pc=002bce
[:slot1:storager] TICK  7592733.5us head[736c]=733c [736e]=733c [7370]=7360 [7b12]=0000 [7a36]=0000 [7a38]=733c
[:slot1:storager] GA  7592752.9us wr    e800=285d pc=002bc2
[:slot1:storager] PIT  7592754.5us ff8000 <= ffff mask=00ff pc=002bc4
[:slot1:storager] GA  7592757.3us wr    e800=2a5d pc=002bce
[:slot1:storager] TICK  7618833.5us head[736c]=733c [736e]=733c [7370]=7360 [7b12]=0000 [7a36]=0000 [7a38]=733c
[:slot1:storager] GA  7618852.9us wr    e800=285d pc=002bc2
[:slot1:storager] PIT  7618854.5us ff8000 <= ffff mask=00ff pc=002bc4
[:slot1:storager] GA  7618857.3us wr    e800=2a5d pc=002bce
[:slot1:storager] TICK  7644949.5us head[736c]=733c [736e]=733c [7370]=7360 [7b12]=0000 [7a36]=0000 [7a38]=733c
[:slot1:storager] GA  7644968.9us wr    e800=285d pc=002bc2
[:slot1:storager] PIT  7644970.5us ff8000 <= ffff mask=00ff pc=002bc4
[:slot1:storager] GA  7644973.3us wr    e800=2a5d pc=002bce
[:slot1:storager] TICK  7671064.5us head[736c]=733c [736e]=733c [7370]=7360 [7b12]=0000 [7a36]=0000 [7a38]=733c
[:slot1:storager] GA  7671083.9us wr    e800=285d pc=002bc2
[:slot1:storager] PIT  7671085.5us ff8000 <= ffff mask=00ff pc=002bc4
[:slot1:storager] GA  7671088.3us wr    e800=2a5d pc=002bce
[:slot1:storager] TICK  7697181.5us head[736c]=733c [736e]=733c [7370]=7360 [7b12]=0000 [7a36]=0000 [7a38]=733c
[:slot1:storager] GA  7697200.9us wr    e800=285d pc=002bc2
[:slot1:storager] PIT  7697202.5us ff8000 <= ffff mask=00ff pc=002bc4
[:slot1:storager] GA  7697205.3us wr    e800=2a5d pc=002bce
[:slot1:storager] TICK  7723297.5us head[736c]=733c [736e]=733c [7370]=7360 [7b12]=0000 [7a36]=0000 [7a38]=733c
[:slot1:storager] GA  7723316.9us wr    e800=285d pc=002bc2
[:slot1:storager] PIT  7723318.5us ff8000 <= ffff mask=00ff pc=002bc4
[:slot1:storager] GA  7723321.3us wr    e800=2a5d pc=002bce
[:slot1:storager] TICK  7749414.5us head[736c]=733c [736e]=733c [7370]=7360 [7b12]=0000 [7a36]=0000 [7a38]=733c
[:slot1:storager] GA  7749433.9us wr    e800=285d pc=002bc2
[:slot1:storager] PIT  7749435.5us ff8000 <= ffff mask=00ff pc=002bc4
[:slot1:storager] GA  7749438.3us wr    e800=2a5d pc=002bce
[:slot1:storager] TICK  7775533.5us head[736c]=733c [736e]=733c [7370]=7360 [7b12]=0000 [7a36]=0000 [7a38]=733c
[:slot1:storager] GA  7775552.9us wr    e800=285d pc=002bc2
[:slot1:storager] PIT  7775554.5us ff8000 <= ffff mask=00ff pc=002bc4
[:slot1:storager] GA  7775557.3us wr    e800=2a5d pc=002bce
[:slot1:storager] TICK  7801648.5us head[736c]=733c [736e]=733c [7370]=7360 [7b12]=0000 [7a36]=0000 [7a38]=733c
[:slot1:storager] GA  7801667.9us wr    e800=285d pc=002bc2
[:slot1:storager] PIT  7801669.5us ff8000 <= ffff mask=00ff pc=002bc4
[:slot1:storager] GA  7801672.3us wr    e800=2a5d pc=002bce
[:slot1:storager] TICK  7827777.5us head[736c]=733c [736e]=733c [7370]=7360 [7b12]=0000 [7a36]=0000 [7a38]=733c
[:slot1:storager] GA  7827796.9us wr    e800=285d pc=002bc2
[:slot1:storager] PIT  7827798.5us ff8000 <= ffff mask=00ff pc=002bc4
[:slot1:storager] GA  7827801.3us wr    e800=2a5d pc=002bce
[:slot1:storager] TICK  7853880.5us head[736c]=733c [736e]=733c [7370]=7360 [7b12]=0000 [7a36]=0000 [7a38]=733c
[:slot1:storager] GA  7853899.9us wr    e800=285d pc=002bc2
[:slot1:storager] PIT  7853901.5us ff8000 <= ffff mask=00ff pc=002bc4
[:slot1:storager] GA  7853904.3us wr    e800=2a5d pc=002bce
[:slot1:storager] TICK  7879996.5us head[736c]=733c [736e]=733c [7370]=7360 [7b12]=0000 [7a36]=0000 [7a38]=733c
[:slot1:storager] GA  7880015.9us wr    e800=285d pc=002bc2
[:slot1:storager] PIT  7880017.5us ff8000 <= ffff mask=00ff pc=002bc4
[:slot1:storager] GA  7880020.3us wr    e800=2a5d pc=002bce
[:slot1:storager] TICK  7906112.5us head[736c]=733c [736e]=733c [7370]=7360 [7b12]=0000 [7a36]=0000 [7a38]=733c
[:slot1:storager] GA  7906131.9us wr    e800=285d pc=002bc2
[:slot1:storager] PIT  7906133.5us ff8000 <= ffff mask=00ff pc=002bc4
[:slot1:storager] GA  7906136.3us wr    e800=2a5d pc=002bce
[:slot1:storager] TICK  7932230.5us head[736c]=733c [736e]=733c [7370]=7360 [7b12]=0000 [7a36]=0000 [7a38]=733c
[:slot1:storager] GA  7932249.9us wr    e800=285d pc=002bc2
[:slot1:storager] PIT  7932251.5us ff8000 <= ffff mask=00ff pc=002bc4
[:slot1:storager] GA  7932254.3us wr    e800=2a5d pc=002bce
[:slot1:storager] TICK  7958346.5us head[736c]=733c [736e]=733c [7370]=7360 [7b12]=0000 [7a36]=0000 [7a38]=733c
[:slot1:storager] SFLAG  7958361.1us [7a36] <= 0001 pc=002b84
[:slot1:storager] CTX  7958361.1us [7a36] <= 0001 pc=002b84 IPL=1  <-- IN ISR
[:slot1:storager] SFLAG  7958386.3us [7a38] <= 0000 pc=002af6
[:slot1:storager] QHEAD  7958389.9us [736c] <= 0000 pc=002afe
[:slot1:storager] QHEAD  7958392.7us [736c] <= 0000 pc=002b06
[:slot1:storager] QHEAD  7958394.3us [736e] <= 0000 pc=002b0a
[:slot1:storager] QHEAD  7958404.1us [7372] <= 733c pc=002b4c
[:slot1:storager] TICK  7958409.3us head[736c]=0000 [736e]=0000 [7370]=7360 [7b12]=0000 [7a36]=0001 [7a38]=0000
[:slot1:storager] GA  7958420.1us wr    e800=285d pc=002bc2
[:slot1:storager] PIT  7958421.7us ff8000 <= ffff mask=00ff pc=002bc4
[:slot1:storager] GA  7958424.5us wr    e800=2a5d pc=002bce
[:slot1:storager] SEEKF  7958498.3us [798e] <= ffff pc=00683e
[:slot1:storager] CTX  7958498.3us [798e] <= ffff pc=00683e IPL=0
[:slot1:storager] PIT  7958502.7us 008006 <= 9a9a mask=00ff pc=00684c
[:slot1:storager] SEEKF  7958504.3us [798e] <= 0001 pc=006854
[:slot1:storager] CTX  7958504.3us [798e] <= 0001 pc=006854 IPL=0
[:slot1:storager] GA  7958525.1us wr    e804=bf78 pc=006b20
[:slot1:storager] OP42  7958535.3us node[71bc]=71f0 [798e]=0001 node=6e60 n+12=40 (bit1=0 bit7=0) [7a36]=0001 | [7a40]=0000 [7a3e]=0000 n+18=0000
[:slot1:storager] POOL  7958725.5us [74ac] <= 74c4 pc=000a90
[:slot1:storager] CTX  7958725.5us [74ac] <= 74c4 pc=000a90 IPL=7  <-- IN ISR
[:slot1:storager] XSTATE  7959201.5us [74b4] <= 0000
[:slot1:storager] DESC  7959482.3us [7abe] word<=0000 mask=ffff pc=00a432 | [7abe]=00000000 [7958]=00000000 [7abc]=0000
[:slot1:storager] TEMPCNT 7abe <= 0000 mask=ffff pc=00a432
[:slot1:storager] DESC  7959482.7us [7abe] word<=0008 mask=ffff pc=00a432 | [7abe]=00000000 [7958]=00000000 [7abc]=0000
[:slot1:storager] TEMPCNT 7abc <= 0008 mask=ffff pc=007352
[:slot1:storager] DESC  7959594.3us [7abe] word<=0000 mask=ffff pc=00738c | [7abe]=00000008 [7958]=00000000 [7abc]=0008
[:slot1:storager] DESC  7959594.7us [7abe] word<=0000 mask=ffff pc=00738c | [7abe]=00000000 [7958]=00000000 [7abc]=0008
[:slot1:storager] TEMPCNT 7abe <= 0000 mask=ffff pc=00738c
[:slot1:storager] GA  7959730.9us wr    e800=2abd pc=0030dc
[:slot1:storager] GA  7959732.3us C800  c800=0017 pc=0030e0
[:slot1:storager] TEMPC800 cell[00] <= 0017  A2=006e89 D1=00 D0=17 D5=01 [7938]=6e84
[:slot1:storager] TEMP6000 rd  a=6000 mask=00ff data=0000 pc=0030e4
[:slot1:storager] TEMP18 blk=6e84 n=0010 (17 triples, words at 6eb6)
[:slot1:storager] TEMP18 triple[ 0] c800[00] <= 17   idx6000=01
[:slot1:storager] TEMP18 triple[ 1] c800[00] <= 1c   idx6000=01
[:slot1:storager] TEMP18 triple[ 2] c800[00] <= 1d   idx6000=00
[:slot1:storager] TEMP18 triple[ 3] c800[00] <= 1d   idx6000=01
[:slot1:storager] TEMP18 triple[ 4] c800[00] <= 3f   idx6000=00
[:slot1:storager] TEMP18 triple[ 5] c800[00] <= 3f   idx6000=01
[:slot1:storager] TEMP18 triple[ 6] c800[02] <= 01   idx6000=01
[:slot1:storager] TEMP18 triple[ 7] c800[02] <= 1f   idx6000=01
[:slot1:storager] TEMP18 triple[ 8] c800[7e] <= 3f   idx6000=01
[:slot1:storager] TEMP18 triple[ 9] c800[7e] <= 3f   idx6000=01
[:slot1:storager] TEMP18 triple[10] c800[7e] <= 3f   idx6000=01
[:slot1:storager] TEMP18 triple[11] c800[7e] <= 3f   idx6000=01
[:slot1:storager] TEMP18 triple[12] c800[7e] <= 3f   idx6000=01
[:slot1:storager] TEMP18 triple[13] c800[7e] <= 3f   idx6000=01
[:slot1:storager] TEMP18 triple[14] c800[7e] <= 3f   idx6000=01
[:slot1:storager] TEMP18 triple[15] c800[7e] <= 3f   idx6000=01
[:slot1:storager] TEMP18 triple[16] c800[0a] <= 6d   idx6000=08
[:slot1:storager] TEMP18 word[ 0] e000 <= 0a6d
[:slot1:storager] TEMP18 word[ 1] e002 <= 0829
[:slot1:storager] TEMP18 word[ 2] e004 <= 0033
[:slot1:storager] TEMP18 word[ 3] e006 <= 0a6d
[:slot1:storager] TEMP18 word[ 4] e008 <= 0a09
[:slot1:storager] TEMP18 word[ 5] e00a <= 0a09
[:slot1:storager] TEMP18 word[ 6] e00c <= 0a09
[:slot1:storager] TEMP18 word[ 7] e00e <= 0a09
[:slot1:storager] TEMP18 word[ 8] e010 <= 0a09
[:slot1:storager] TEMP18 word[ 9] e012 <= 0809
[:slot1:storager] TEMP18 word[10] e014 <= 0829
[:slot1:storager] TEMP18 word[11] e016 <= 083b
[:slot1:storager] TEMP18 word[12] e018 <= 023f
[:slot1:storager] TEMP18 word[13] e01a <= 023f
[:slot1:storager] TEMP18 word[14] e01c <= 023f
[:slot1:storager] TEMP18 word[15] e01e <= 023f
[:slot1:storager] TEMP18 word[16] e020 <= 0010
[:slot1:storager] TEMP6000 rd  a=6000 mask=ff00 data=0000 pc=0030e4
[:slot1:storager] TEMP6000 rd  a=6000 mask=00ff data=0000 pc=0030e4
[:slot1:storager] TEMP6000 rd  a=6002 mask=ff00 data=0000 pc=0030e4
[:slot1:storager] TEMP6000 rd  a=6002 mask=00ff data=0000 pc=0030e4
[:slot1:storager] TEMP6000 rd  a=6004 mask=ff00 data=0000 pc=0030e4
[:slot1:storager] TEMP6000 rd  a=6004 mask=00ff data=0000 pc=0030e4
[:slot1:storager] TEMP6000 rd  a=6006 mask=ff00 data=0000 pc=0030e4
[:slot1:storager] TEMP6000 rd  a=6006 mask=00ff data=0000 pc=0030e4
[:slot1:storager] TEMP6000 rd  a=6008 mask=ff00 data=0000 pc=0030e4
[:slot1:storager] TEMP6000 rd  a=6008 mask=00ff data=0000 pc=0030e4
[:slot1:storager] TEMP6000 rd  a=600a mask=ff00 data=0000 pc=0030e4
[:slot1:storager] TEMP6000 rd  a=600a mask=00ff data=0000 pc=0030e4
[:slot1:storager] TEMP6000 rd  a=600c mask=ff00 data=0000 pc=0030e4
[:slot1:storager] TEMP6000 rd  a=600c mask=00ff data=0000 pc=0030e4
[:slot1:storager] TEMP6000 rd  a=600e mask=ff00 data=0000 pc=0030e4
[:slot1:storager] TEMP6000 rd  a=600e mask=00ff data=0000 pc=0030e4
[:slot1:storager] TEMP6000 mem 6000: 00 00 00 00 00 00 00 00 00 00 00 00 00 00 00 00 
[:slot1:storager] TEMP6000 rd  a=6010 mask=ff00 data=0000 pc=0030e4
[:slot1:storager] TEMP6000 rd  a=6010 mask=00ff data=0000 pc=0030e4
[:slot1:storager] TEMP6000 rd  a=6012 mask=ff00 data=0000 pc=0030e4
[:slot1:storager] TEMP6000 rd  a=6012 mask=00ff data=0000 pc=0030e4
[:slot1:storager] TEMP6000 rd  a=6014 mask=ff00 data=0000 pc=0030e4
[:slot1:storager] TEMP6000 rd  a=6014 mask=00ff data=0000 pc=0030e4
[:slot1:storager] TEMP6000 rd  a=6016 mask=ff00 data=0000 pc=0030e4
[:slot1:storager] TEMP6000 rd  a=6016 mask=00ff data=0000 pc=0030e4
[:slot1:storager] TEMP6000 rd  a=6018 mask=ff00 data=0000 pc=0030e4
[:slot1:storager] TEMP6000 rd  a=6018 mask=00ff data=0000 pc=0030e4
[:slot1:storager] TEMP6000 rd  a=601a mask=ff00 data=0000 pc=0030e4
[:slot1:storager] TEMP6000 rd  a=601a mask=00ff data=0000 pc=0030e4
[:slot1:storager] TEMP6000 rd  a=601c mask=ff00 data=0000 pc=0030e4
[:slot1:storager] TEMP6000 rd  a=601c mask=00ff data=0000 pc=0030e4
[:slot1:storager] TEMP6000 rd  a=601e mask=ff00 data=0000 pc=0030e4
[:slot1:storager] TEMP6000 rd  a=601e mask=00ff data=0000 pc=0030e4
[:slot1:storager] TEMP6000 mem 6010: 00 00 00 00 00 00 00 00 00 00 00 00 00 00 00 00 
[:slot1:storager] TEMP6000 rd  a=6020 mask=ff00 data=0000 pc=0030e4
[:slot1:storager] TEMP6000 rd  a=6020 mask=00ff data=0000 pc=0030e4
[:slot1:storager] TEMP6000 rd  a=6022 mask=ff00 data=0000 pc=0030e4
[:slot1:storager] TEMP6000 rd  a=6022 mask=00ff data=0000 pc=0030e4
[:slot1:storager] TEMP6000 rd  a=6024 mask=ff00 data=0000 pc=0030e4
[:slot1:storager] TEMP6000 rd  a=6024 mask=00ff data=0000 pc=0030e4
[:slot1:storager] TEMP6000 rd  a=6026 mask=ff00 data=0000 pc=0030e4
[:slot1:storager] TEMP6000 rd  a=6026 mask=00ff data=0000 pc=0030e4
[:slot1:storager] TEMP6000 rd  a=6028 mask=ff00 data=0000 pc=0030e4
[:slot1:storager] TEMP6000 rd  a=6028 mask=00ff data=0000 pc=0030e4
[:slot1:storager] TEMP6000 rd  a=602a mask=ff00 data=0000 pc=0030e4
[:slot1:storager] TEMP6000 rd  a=602a mask=00ff data=0000 pc=0030e4
[:slot1:storager] TEMP6000 rd  a=602c mask=ff00 data=0000 pc=0030e4
[:slot1:storager] TEMP6000 rd  a=602c mask=00ff data=0000 pc=0030e4
[:slot1:storager] TEMP6000 rd  a=602e mask=ff00 data=0000 pc=0030e4
[:slot1:storager] TEMP6000 rd  a=602e mask=00ff data=0000 pc=0030e4
[:slot1:storager] TEMP6000 mem 6020: 00 00 00 00 00 00 00 00 00 00 00 00 00 00 00 00 
[:slot1:storager] TEMP6000 rd  a=6030 mask=ff00 data=0000 pc=0030e4
[:slot1:storager] TEMP6000 rd  a=6030 mask=00ff data=0000 pc=0030e4
[:slot1:storager] TEMP6000 rd  a=6032 mask=ff00 data=0000 pc=0030e4
[:slot1:storager] TEMP6000 rd  a=6032 mask=00ff data=0000 pc=0030e4
[:slot1:storager] TEMP6000 rd  a=6034 mask=ff00 data=0000 pc=0030e4
[:slot1:storager] TEMP6000 rd  a=6034 mask=00ff data=0000 pc=0030e4
[:slot1:storager] TEMP6000 rd  a=6036 mask=ff00 data=0000 pc=0030e4
[:slot1:storager] TEMP6000 rd  a=6036 mask=00ff data=0000 pc=0030e4
[:slot1:storager] TEMP6000 rd  a=6038 mask=ff00 data=0000 pc=0030e4
[:slot1:storager] TEMP6000 rd  a=6038 mask=00ff data=0000 pc=0030e4
[:slot1:storager] TEMP6000 rd  a=603a mask=ff00 data=0000 pc=0030e4
[:slot1:storager] TEMP6000 rd  a=603a mask=00ff data=0000 pc=0030e4
[:slot1:storager] TEMP6000 rd  a=603c mask=ff00 data=0000 pc=0030e4
[:slot1:storager] TEMP6000 rd  a=603c mask=00ff data=0000 pc=0030e4
[:slot1:storager] TEMP6000 rd  a=603e mask=ff00 data=0000 pc=0030e4
[:slot1:storager] TEMP6000 rd  a=603e mask=00ff data=0000 pc=0030e4
[:slot1:storager] TEMP6000 mem 6030: 00 00 00 00 00 00 00 00 00 00 00 00 00 00 00 00 
[:slot1:storager] TEMP6000 rd  a=6040 mask=ff00 data=0000 pc=0030e4
[:slot1:storager] TEMP6000 rd  a=6040 mask=00ff data=0000 pc=0030e4
[:slot1:storager] TEMP6000 rd  a=6042 mask=ff00 data=0000 pc=0030e4
[:slot1:storager] TEMP6000 rd  a=6042 mask=00ff data=0000 pc=0030e4
[:slot1:storager] TEMP6000 rd  a=6044 mask=ff00 data=0000 pc=0030e4
[:slot1:storager] TEMP6000 rd  a=6044 mask=00ff data=0000 pc=0030e4
[:slot1:storager] TEMP6000 rd  a=6046 mask=ff00 data=0000 pc=0030e4
[:slot1:storager] TEMP6000 rd  a=6046 mask=00ff data=0000 pc=0030e4
[:slot1:storager] TEMP6000 rd  a=6048 mask=ff00 data=0000 pc=0030e4
[:slot1:storager] TEMP6000 rd  a=6048 mask=00ff data=0000 pc=0030e4
[:slot1:storager] TEMP6000 rd  a=604a mask=ff00 data=0000 pc=0030e4
[:slot1:storager] TEMP6000 rd  a=604a mask=00ff data=0000 pc=0030e4
[:slot1:storager] TEMP6000 rd  a=604c mask=ff00 data=0000 pc=0030e4
[:slot1:storager] TEMP6000 rd  a=604c mask=00ff data=0000 pc=0030e4
[:slot1:storager] TEMP6000 rd  a=604e mask=ff00 data=0000 pc=0030e4
[:slot1:storager] TEMP6000 rd  a=604e mask=00ff data=0000 pc=0030e4
[:slot1:storager] TEMP6000 mem 6040: 00 00 00 00 00 00 00 00 00 00 00 00 00 00 00 00 
[:slot1:storager] TEMP6000 rd  a=6050 mask=ff00 data=0000 pc=0030e4
[:slot1:storager] TEMP6000 rd  a=6050 mask=00ff data=0000 pc=0030e4
[:slot1:storager] TEMP6000 rd  a=6052 mask=ff00 data=0000 pc=0030e4
[:slot1:storager] TEMP6000 rd  a=6052 mask=00ff data=0000 pc=0030e4
[:slot1:storager] TEMP6000 rd  a=6054 mask=ff00 data=0000 pc=0030e4
[:slot1:storager] TEMP6000 rd  a=6054 mask=00ff data=0000 pc=0030e4
[:slot1:storager] TEMP6000 rd  a=6056 mask=ff00 data=0000 pc=0030e4
[:slot1:storager] TEMP6000 rd  a=6056 mask=00ff data=0000 pc=0030e4
[:slot1:storager] TEMP6000 rd  a=6058 mask=ff00 data=0000 pc=0030e4
[:slot1:storager] TEMP6000 rd  a=6058 mask=00ff data=0000 pc=0030e4
[:slot1:storager] TEMP6000 rd  a=605a mask=ff00 data=0000 pc=0030e4
[:slot1:storager] TEMP6000 rd  a=605a mask=00ff data=0000 pc=0030e4
[:slot1:storager] TEMP6000 rd  a=605c mask=ff00 data=0000 pc=0030e4
[:slot1:storager] TEMP6000 rd  a=605c mask=00ff data=0000 pc=0030e4
[:slot1:storager] TEMP6000 rd  a=605e mask=ff00 data=0000 pc=0030e4
[:slot1:storager] TEMP6000 rd  a=605e mask=00ff data=0000 pc=0030e4
[:slot1:storager] TEMP6000 mem 6050: 00 00 00 00 00 00 00 00 00 00 00 00 00 00 00 00 
[:slot1:storager] TEMP6000 rd  a=6060 mask=ff00 data=0000 pc=0030e4
[:slot1:storager] TEMP6000 rd  a=6060 mask=00ff data=0000 pc=0030e4
[:slot1:storager] TEMP6000 rd  a=6062 mask=ff00 data=0000 pc=0030e4
[:slot1:storager] TEMP6000 rd  a=6062 mask=00ff data=0000 pc=0030e4
[:slot1:storager] TEMP6000 rd  a=6064 mask=ff00 data=0000 pc=0030e4
[:slot1:storager] TEMP6000 rd  a=6064 mask=00ff data=0000 pc=0030e4
[:slot1:storager] TEMP6000 rd  a=6066 mask=ff00 data=0000 pc=0030e4
[:slot1:storager] TEMP6000 rd  a=6066 mask=00ff data=0000 pc=0030e4
[:slot1:storager] TEMP6000 rd  a=6068 mask=ff00 data=0000 pc=0030e4
[:slot1:storager] TEMP6000 rd  a=6068 mask=00ff data=0000 pc=0030e4
[:slot1:storager] TEMP6000 rd  a=606a mask=ff00 data=0000 pc=0030e4
[:slot1:storager] TEMP6000 rd  a=606a mask=00ff data=0000 pc=0030e4
[:slot1:storager] TEMP6000 rd  a=606c mask=ff00 data=0000 pc=0030e4
[:slot1:storager] TEMP6000 rd  a=606c mask=00ff data=0000 pc=0030e4
[:slot1:storager] TEMP6000 rd  a=606e mask=ff00 data=0000 pc=0030e4
[:slot1:storager] TEMP6000 rd  a=606e mask=00ff data=0000 pc=0030e4
[:slot1:storager] TEMP6000 mem 6060: 00 00 00 00 00 00 00 00 00 00 00 00 00 00 00 00 
[:slot1:storager] TEMP6000 rd  a=6070 mask=ff00 data=0000 pc=0030e4
[:slot1:storager] TEMP6000 rd  a=6070 mask=00ff data=0000 pc=0030e4
[:slot1:storager] TEMP6000 rd  a=6072 mask=ff00 data=0000 pc=0030e4
[:slot1:storager] TEMP6000 rd  a=6072 mask=00ff data=0000 pc=0030e4
[:slot1:storager] TEMP6000 rd  a=6074 mask=ff00 data=0000 pc=0030e4
[:slot1:storager] TEMP6000 rd  a=6074 mask=00ff data=0000 pc=0030e4
[:slot1:storager] TEMP6000 rd  a=6076 mask=ff00 data=0000 pc=0030e4
[:slot1:storager] TEMP6000 rd  a=6076 mask=00ff data=0000 pc=0030e4
[:slot1:storager] TEMP6000 rd  a=6078 mask=ff00 data=0000 pc=0030e4
[:slot1:storager] TEMP6000 rd  a=6078 mask=00ff data=0000 pc=0030e4
[:slot1:storager] TEMP6000 rd  a=607a mask=ff00 data=0000 pc=0030e4
[:slot1:storager] TEMP6000 rd  a=607a mask=00ff data=0000 pc=0030e4
[:slot1:storager] TEMP6000 rd  a=607c mask=ff00 data=0000 pc=0030e4
[:slot1:storager] TEMP6000 rd  a=607c mask=00ff data=0000 pc=0030e4
[:slot1:storager] TEMP6000 rd  a=607e mask=ff00 data=0000 pc=0030e4
[:slot1:storager] TEMP6000 rd  a=607e mask=00ff data=0000 pc=0030e4
[:slot1:storager] TEMP6000 mem 6070: 00 00 00 00 00 00 00 00 00 00 00 00 00 00 00 00 
[:slot1:storager] GA  7959734.9us wr    e800=2a5d pc=0030e8
[:slot1:storager] GA  7959739.5us wr    e800=2abd pc=0030dc
[:slot1:storager] GA  7959740.9us C800  c800=001c pc=0030e0
[:slot1:storager] TEMPC800 cell[00] <= 001c  A2=006e8c D1=00 D0=1c D5=01 [7938]=6e84
[:slot1:storager] TEMP6000 rd  a=6000 mask=00ff data=0000 pc=0030e4
[:slot1:storager] GA  7959743.5us wr    e800=2a5d pc=0030e8
[:slot1:storager] GA  7959748.1us wr    e800=2abd pc=0030dc
[:slot1:storager] GA  7959749.5us C800  c800=001d pc=0030e0
[:slot1:storager] TEMPC800 cell[00] <= 001d  A2=006e8f D1=00 D0=1d D5=00 [7938]=6e84
[:slot1:storager] TEMP6000 rd  a=6000 mask=ff00 data=0000 pc=0030e4
[:slot1:storager] GA  7959752.1us wr    e800=2a5d pc=0030e8
[:slot1:storager] GA  7959756.7us wr    e800=2abd pc=0030dc
[:slot1:storager] GA  7959758.1us C800  c800=001d pc=0030e0
[:slot1:storager] TEMPC800 cell[00] <= 001d  A2=006e92 D1=00 D0=1d D5=01 [7938]=6e84
[:slot1:storager] TEMP6000 rd  a=6000 mask=00ff data=0000 pc=0030e4
[:slot1:storager] GA  7959760.7us wr    e800=2a5d pc=0030e8
[:slot1:storager] GA  7959765.3us wr    e800=2abd pc=0030dc
[:slot1:storager] GA  7959766.7us C800  c800=003f pc=0030e0
[:slot1:storager] TEMPC800 cell[00] <= 003f  A2=006e95 D1=00 D0=3f D5=00 [7938]=6e84
[:slot1:storager] TEMP6000 rd  a=6000 mask=ff00 data=0000 pc=0030e4
[:slot1:storager] GA  7959769.3us wr    e800=2a5d pc=0030e8
[:slot1:storager] GA  7959773.9us wr    e800=2abd pc=0030dc
[:slot1:storager] GA  7959775.3us C800  c800=003f pc=0030e0
[:slot1:storager] TEMPC800 cell[00] <= 003f  A2=006e98 D1=00 D0=3f D5=01 [7938]=6e84
[:slot1:storager] TEMP6000 rd  a=6000 mask=00ff data=0000 pc=0030e4
[:slot1:storager] GA  7959777.9us wr    e800=2a5d pc=0030e8
[:slot1:storager] GA  7959782.5us wr    e800=2abd pc=0030dc
[:slot1:storager] GA  7959783.9us C800  c802=0001 pc=0030e0
[:slot1:storager] TEMPC800 cell[01] <= 0001  A2=006e9b D1=02 D0=01 D5=01 [7938]=6e84
[:slot1:storager] TEMP6000 rd  a=6000 mask=00ff data=0000 pc=0030e4
[:slot1:storager] GA  7959786.5us wr    e800=2a5d pc=0030e8
[:slot1:storager] GA  7959791.1us wr    e800=2abd pc=0030dc
[:slot1:storager] GA  7959792.5us C800  c802=001f pc=0030e0
[:slot1:storager] TEMPC800 cell[01] <= 001f  A2=006e9e D1=02 D0=1f D5=01 [7938]=6e84
[:slot1:storager] TEMP6000 rd  a=6000 mask=00ff data=0000 pc=0030e4
[:slot1:storager] GA  7959795.1us wr    e800=2a5d pc=0030e8
[:slot1:storager] GA  7959799.7us wr    e800=2abd pc=0030dc
[:slot1:storager] GA  7959801.1us C800  c87e=003f pc=0030e0
[:slot1:storager] TEMPC800 cell[3f] <= 003f  A2=006ea1 D1=7e D0=3f D5=01 [7938]=6e84
[:slot1:storager] TEMP6000 rd  a=6000 mask=00ff data=0000 pc=0030e4
[:slot1:storager] GA  7959803.7us wr    e800=2a5d pc=0030e8
[:slot1:storager] GA  7959808.3us wr    e800=2abd pc=0030dc
[:slot1:storager] GA  7959809.7us C800  c87e=003f pc=0030e0
[:slot1:storager] TEMPC800 cell[3f] <= 003f  A2=006ea4 D1=7e D0=3f D5=01 [7938]=6e84
[:slot1:storager] TEMP6000 rd  a=6000 mask=00ff data=0000 pc=0030e4
[:slot1:storager] GA  7959812.3us wr    e800=2a5d pc=0030e8
[:slot1:storager] GA  7959816.9us wr    e800=2abd pc=0030dc
[:slot1:storager] GA  7959818.3us C800  c87e=003f pc=0030e0
[:slot1:storager] TEMPC800 cell[3f] <= 003f  A2=006ea7 D1=7e D0=3f D5=01 [7938]=6e84
[:slot1:storager] TEMP6000 rd  a=6000 mask=00ff data=0000 pc=0030e4
[:slot1:storager] GA  7959820.9us wr    e800=2a5d pc=0030e8
[:slot1:storager] GA  7959825.5us wr    e800=2abd pc=0030dc
[:slot1:storager] GA  7959826.9us C800  c87e=003f pc=0030e0
[:slot1:storager] TEMPC800 cell[3f] <= 003f  A2=006eaa D1=7e D0=3f D5=01 [7938]=6e84
[:slot1:storager] TEMP6000 rd  a=6000 mask=00ff data=0000 pc=0030e4
[:slot1:storager] GA  7959829.5us wr    e800=2a5d pc=0030e8
[:slot1:storager] GA  7959834.1us wr    e800=2abd pc=0030dc
[:slot1:storager] GA  7959835.5us C800  c87e=003f pc=0030e0
[:slot1:storager] TEMPC800 cell[3f] <= 003f  A2=006ead D1=7e D0=3f D5=01 [7938]=6e84
[:slot1:storager] TEMP6000 rd  a=6000 mask=00ff data=0000 pc=0030e4
[:slot1:storager] GA  7959838.1us wr    e800=2a5d pc=0030e8
[:slot1:storager] GA  7959842.7us wr    e800=2abd pc=0030dc
[:slot1:storager] GA  7959844.1us C800  c87e=003f pc=0030e0
[:slot1:storager] TEMPC800 cell[3f] <= 003f  A2=006eb0 D1=7e D0=3f D5=01 [7938]=6e84
[:slot1:storager] TEMP6000 rd  a=6000 mask=00ff data=0000 pc=0030e4
[:slot1:storager] GA  7959846.7us wr    e800=2a5d pc=0030e8
[:slot1:storager] GA  7959851.3us wr    e800=2abd pc=0030dc
[:slot1:storager] GA  7959852.7us C800  c87e=003f pc=0030e0
[:slot1:storager] TEMPC800 cell[3f] <= 003f  A2=006eb3 D1=7e D0=3f D5=01 [7938]=6e84
[:slot1:storager] TEMP6000 rd  a=6000 mask=00ff data=0000 pc=0030e4
[:slot1:storager] GA  7959855.3us wr    e800=2a5d pc=0030e8
[:slot1:storager] GA  7959859.9us wr    e800=2abd pc=0030dc
[:slot1:storager] GA  7959861.3us C800  c87e=003f pc=0030e0
[:slot1:storager] TEMPC800 cell[3f] <= 003f  A2=006eb6 D1=7e D0=3f D5=01 [7938]=6e84
[:slot1:storager] TEMP6000 rd  a=6000 mask=00ff data=0000 pc=0030e4
[:slot1:storager] GA  7959863.9us wr    e800=2a5d pc=0030e8
[:slot1:storager] GA  7959877.5us wr    e000=0a6d pc=00310e
[:slot1:storager] GA  7959879.7us wr    e002=0829 pc=00310e
[:slot1:storager] GA  7959881.9us wr    e004=0033 pc=00310e
[:slot1:storager] GA  7959884.1us wr    e006=0a6d pc=00310e
[:slot1:storager] GA  7959886.3us wr    e008=0a09 pc=00310e
[:slot1:storager] GA  7959888.5us wr    e00a=0a09 pc=00310e
[:slot1:storager] GA  7959890.7us wr    e00c=0a09 pc=00310e
[:slot1:storager] GA  7959892.9us wr    e00e=0a09 pc=00310e
[:slot1:storager] GA  7959895.1us wr    e010=0a09 pc=00310e
[:slot1:storager] GA  7959897.3us wr    e012=0809 pc=00310e
[:slot1:storager] GA  7959899.5us wr    e014=0829 pc=00310e
[:slot1:storager] GA  7959901.7us wr    e016=083b pc=00310e
[:slot1:storager] GA  7959903.9us wr    e018=023f pc=00310e
[:slot1:storager] GA  7959906.1us wr    e01a=023f pc=00310e
[:slot1:storager] GA  7959908.3us wr    e01c=023f pc=00310e
[:slot1:storager] GA  7959910.5us wr    e01e=023f pc=00310e
[:slot1:storager] TEMPPROG start: 16 descriptors (port$3F pushes=8) [7abc]=0008: (00,17) (00,1c) (00,1d) (00,1d) (00,3f) (00,3f) (01,01) (01,1f) (3f,3f) (3f,3f) (3f,3f) (3f,3f) (3f,3f) (3f,3f) (3f,3f) (3f,3f) 
[:slot1:storager] UIB +10..1f: 10 97 40 18 06 02 00 02 46 03 50 00 ff ff ff ff  | ctr2count(+13)=18 spinup(+14)=06 step(+19)=03
[:slot1:storager] VECTOR IRQ3: handler[72f8] = 00000000
[:slot1:storager] VECTOR IRQ5: handler[7300] = 000029c0
[:slot1:storager] VECTOR IRQ6: handler[7304] = 0000298c
[:slot1:storager] VECTOR autovectors: L3@006c=000026a2 L5@0074=000026a8 L6@0078=000026ae
[:slot1:storager] CHUNKTBL slot 0: addr=4000  +2=ff00  +4=0000
[:slot1:storager] CHUNKTBL slot 1: addr=4080  +2=ff00  +4=0000
[:slot1:storager] CHUNKTBL slot 2: addr=4100  +2=ff00  +4=0000
[:slot1:storager] CHUNKTBL slot 3: addr=4180  +2=ff00  +4=0000
[:slot1:storager] CHUNKTBL slot 4: addr=4200  +2=ff00  +4=0000
[:slot1:storager] CHUNKTBL slot 5: addr=4280  +2=ff00  +4=0000
[:slot1:storager] CHUNKTBL slot 6: addr=4300  +2=ff00  +4=0000
[:slot1:storager] CHUNKTBL slot 7: addr=4380  +2=ff00  +4=0000
[:slot1:storager] CHUNKTBL slot 8: addr=4400  +2=ff00  +4=0000
[:slot1:storager] CHUNKTBL slot 9: addr=4480  +2=ff00  +4=0000
[:slot1:storager] TRACK n=16 len=128 physical R order: 1 2 3 4 5 6 7 8 9 10 11 12 13 14 15 16 
[:slot1:storager] TEMPH  7959912.3us op18rts     alt=0 741e=0000 743a=748a 74b4=0000 7462=0000 7a30=0100
[:slot1:storager] PHASE  7959950.9us [727e] <= 0000 pc=00a374
[:slot1:storager] CTX  7959950.9us [727e] <= 0000 pc=00a374 IPL=0
[:slot1:storager] GATE72A6  7959994.9us <= ffff pc=00a374 74b4=0000 phase=0008
[:slot1:storager] GA  7960010.5us IRQ6  0000=000c pc=00a382
[:slot1:storager] TEMPH  7960022.7us verify      alt=1 741e=0000 743a=748a 74b4=0000 7462=0000 7a30=0100
[:slot1:storager] CNT  7960037.1us [79a4] <= ffff pc=008a3c
[:slot1:storager] GA  7960039.3us rd    e01e=023f pc=008ab8
[:slot1:storager] GA  7960047.3us wr    e802=40d7 pc=0088ba
[:slot1:storager] GA  7960050.5us wr    e802=40d7 pc=0088c2
[:slot1:storager] GA  7960052.9us rd    e01e=023f pc=0088ca
[:slot1:storager] GA  7960056.1us C800  c83e=0000 pc=0088d4
[:slot1:storager] TEMPC800 cell[1f] <= 0000 pc=0088d4
[:slot1:storager] GA  7960064.5us wr    e802=c2d7 pc=008916
[:slot1:storager] GA  7960065.7us wr    e000=022f pc=00891a
[:slot1:storager] GA  7960067.3us rd    e000=022f pc=008922
[:slot1:storager] GA  7960069.1us rd    e000=022f pc=008922
[:slot1:storager] GA  7960070.9us rd    e000=022f pc=008922
[:slot1:storager] GA  7960072.7us rd    e000=022f pc=008922
[:slot1:storager] GA  7960074.5us rd    e000=022f pc=008922
[:slot1:storager] GA  7960076.3us rd    e000=022f pc=008922
[:slot1:storager] GA  7960078.1us rd    e000=022f pc=008922
[:slot1:storager] GA  7960079.9us rd    e000=022f pc=008922
[:slot1:storager] GA  7960081.7us rd    e000=022f pc=008922
[:slot1:storager] GA  7960083.5us rd    e000=022f pc=008922
[:slot1:storager] GA  7960085.3us rd    e000=022f pc=008922
[:slot1:storager] GA  7960087.1us rd    e000=022f pc=008922
[:slot1:storager] GA  7960088.9us rd    e000=022f pc=008922
[:slot1:storager] GA  7960090.7us rd    e000=022f pc=008922
[:slot1:storager] GA  7960092.5us rd    e000=022f pc=008922
[:slot1:storager] GA  7960094.3us rd    e000=022f pc=008922
[:slot1:storager] GA  7960096.1us rd    e000=022f pc=008922
[:slot1:storager] GA  7960098.7us wr    e000=023f pc=008928
[:slot1:storager] GA  7960099.5us rd    e000=023f pc=00892c
[:slot1:storager] GA  7960102.7us wr    e802=42d7 pc=008932
[:slot1:storager] GA  7960104.3us wr    e000=0a6d pc=008936
[:slot1:storager] TEMPPROG start: 16 descriptors (port$3F pushes=8) [7abc]=0008: (00,17) (00,1c) (00,1d) (00,1d) (00,3f) (00,3f) (01,01) (01,1f) (3f,3f) (3f,3f) (3f,3f) (3f,3f) (3f,3f) (3f,3f) (3f,3f) (3f,3f) 
[:slot1:storager] GA  7960110.7us D800  7dac=3ed6 pc=008990
[:slot1:storager] GA  7960113.1us C800  c800=0000 pc=00899a
[:slot1:storager] TEMPC800 cell[00] <= 0000 pc=00899a
[:slot1:storager] GA  7960119.5us wr    e802=aad7 pc=0089b2
[:slot1:storager] GA  7960123.7us rd    e000=0a6d pc=0089ce
[:slot1:storager] TEMPH  7960129.1us verify      alt=0 741e=0000 743a=748a 74b4=0000 7462=0000 7a30=0100
[:slot1:storager] OP4A  7960179.3us [7968]=0000 [796c]=0000 [7b10]=0000 [741c]=0000 [741e]=0000 [74ac]=74c4 [7956]=0000
[:slot1:storager] AAPATH  7960183.3us [7b10] <= ffff pc=006ed6  [7968]=0000
[:slot1:storager] CTX  7960183.3us [7b10] <= ffff pc=006ed6 IPL=7  <-- IN ISR
[:slot1:storager] AAPATH  7960187.1us [7b10] <= 0000 pc=006f3a  [7968]=0000
[:slot1:storager] CTX  7960187.1us [7b10] <= 0000 pc=006f3a IPL=7  <-- IN ISR
[:slot1:storager] REMAIN  7960197.5us [7956] <= 0008 pc=006f5c
[:slot1:storager] DESC  7960199.9us [7958] word<=0000 mask=ffff pc=006f62 | [7abe]=00000000 [7958]=00000000 [7abc]=0008
[:slot1:storager] DESC  7960200.3us [7958] word<=0000 mask=ffff pc=006f62 | [7abe]=00000000 [7958]=00000000 [7abc]=0008
[:slot1:storager] AABOUND UIB+00..0f: 02 10 80 00 07 07 01 08 02 01 00 01 00 00 00 00 
[:slot1:storager] AABOUND ledger[0..31]: c0 ff ff ff ff ff ff ff ff fe fe fe fe fe fe fe fe fe fe fe fe fe fe fe fe fe c0 c0 c0 c0 c0 c0 
[:slot1:storager] LEDGER  7960332.9us [766e] pos=26  <= aa  <=== 0xAA BOUNDARY | [7954]=0001 node=6e60 n+1=10 [7956]=0008 [7abc]=0008 pc=00706c
[:slot1:storager] CTX  7960341.9us [796c] <= 0000 pc=007094 IPL=0
[:slot1:storager] TEMPH  7960343.1us SECDEC      alt=0 741e=0000 743a=748a 74b4=0000 7462=0000 7a30=0100
[:slot1:storager] REMAIN  7960345.5us [7956] <= 0008 pc=0070a0
[:slot1:storager] A30  7960347.7us [7a30] <= 0001 pc=0070d4
[:slot1:storager] Q2  7960347.7us pc=0070d4 0001 -> 0101 (preserve kick arm)
[:slot1:storager] HI7A30  7960347.7us hi=01 lo=01 mask=ffff pc=0070d4 74b4=0000
[:slot1:storager] CTX  7960347.7us [7a30] <= 0101 pc=0070d4 IPL=0
[:slot1:storager] XSTATE  7960349.3us [7968] <= 0000
[:slot1:storager] PHASE  7960349.3us [7968] <= 0000 pc=0070da
[:slot1:storager] CTX  7960349.3us [7968] <= 0000 pc=0070da IPL=0
[:slot1:storager] TEMPH  7960350.1us gate-791a   alt=0 741e=0000 743a=748a 74b4=0000 7462=0000 7a30=0101
[:slot1:storager] ACCEPT  7960350.5us [7428] <= 0001 pc=0070e0
[:slot1:storager] CTX  7960350.5us [7428] <= 0001 pc=0070e0 IPL=0
[:slot1:storager] PATH  7960355.5us 7106     74b4=0000 7968=0000 7b10=0000 796c=0000 79b8=0000 7a30=0101(hbit0=1) 7a64=0000 791a=0000
[:slot1:storager] OP42  7960384.7us node[71bc]=71f0 [798e]=0001 node=6e60 n+12=40 (bit1=0 bit7=0) [7a36]=0001 | [7a40]=0000 [7a3e]=0000 n+18=0000
[:slot1:storager] GA  7960408.3us wr    e802=aad3 pc=006c4c
[:slot1:storager] QHEAD  7960442.1us [7370] <= 730c pc=002a6a
[:slot1:storager] QHEAD  7960444.5us [736e] <= 7360 pc=002a72
[:slot1:storager] QHEAD  7960447.3us [736c] <= 7360 pc=002a80
[:slot1:storager] GUARD  7960460.1us [7a40] <= 7360 pc=002aa8
[:slot1:storager] CTX  7960460.1us [7a40] <= 7360 pc=002aa8 IPL=0
[:slot1:storager] OP42  7960557.3us node[71bc]=71f0 [798e]=0001 node=6e60 n+12=40 (bit1=0 bit7=0) [7a36]=0001 | [7a40]=7360 [7a3e]=0000 n+18=0000
[:slot1:storager] OP42  7960661.9us node[71bc]=71f0 [798e]=0001 node=6e60 n+12=40 (bit1=0 bit7=0) [7a36]=0001 | [7a40]=7360 [7a3e]=0000 n+18=0000
[:slot1:storager] OP42  7960766.5us node[71bc]=71f0 [798e]=0001 node=6e60 n+12=40 (bit1=0 bit7=0) [7a36]=0001 | [7a40]=7360 [7a3e]=0000 n+18=0000
[:slot1:storager] OP42  7960871.1us node[71bc]=71f0 [798e]=0001 node=6e60 n+12=40 (bit1=0 bit7=0) [7a36]=0001 | [7a40]=7360 [7a3e]=0000 n+18=0000
[:slot1:storager] OP42  7960975.7us node[71bc]=71f0 [798e]=0001 node=6e60 n+12=40 (bit1=0 bit7=0) [7a36]=0001 | [7a40]=7360 [7a3e]=0000 n+18=0000
[:slot1:storager] OP42  7961080.3us node[71bc]=71f0 [798e]=0001 node=6e60 n+12=40 (bit1=0 bit7=0) [7a36]=0001 | [7a40]=7360 [7a3e]=0000 n+18=0000
[:slot1:storager] OP42  7961184.9us node[71bc]=71f0 [798e]=0001 node=6e60 n+12=40 (bit1=0 bit7=0) [7a36]=0001 | [7a40]=7360 [7a3e]=0000 n+18=0000
[:slot1:storager] OP42  7961289.5us node[71bc]=71f0 [798e]=0001 node=6e60 n+12=40 (bit1=0 bit7=0) [7a36]=0001 | [7a40]=7360 [7a3e]=0000 n+18=0000
[:slot1:storager] OP42  7961394.1us node[71bc]=71f0 [798e]=0001 node=6e60 n+12=40 (bit1=0 bit7=0) [7a36]=0001 | [7a40]=7360 [7a3e]=0000 n+18=0000
[:slot1:storager] GA  7962004.3us IRQ5  0000=000c pc=00156a
[:slot1:storager] TEMPH  7962017.9us setup       alt=1 741e=0000 743a=748a 74b4=0000 7462=0000 7a30=0101
[:slot1:storager] GA  7962030.5us wr    e802=a2d3 pc=007bd0
[:slot1:storager] GA  7962032.5us wr    e802=aad3 pc=007bd8
[:slot1:storager] XSTATE  7962081.1us [741c] <= 0001
[:slot1:storager] PHASE  7962081.1us [741c] <= 0001 pc=007d5c
[:slot1:storager] CTX  7962081.1us [741c] <= 0001 pc=007d5c IPL=7  <-- IN ISR
[:slot1:storager] CNT  7962086.9us [79a4] <= fffe pc=007d9c
[:slot1:storager] GA  7962095.3us wr    e802=a8d3 pc=0088ba
[:slot1:storager] GA  7962098.5us wr    e802=20d3 pc=0088c2
[:slot1:storager] GA  7962100.9us rd    e01e=023f pc=0088ca
[:slot1:storager] GA  7962104.1us C800  c83e=0000 pc=0088d4
[:slot1:storager] TEMPC800 cell[1f] <= 0000 pc=0088d4
[:slot1:storager] GA  7962112.5us wr    e802=a2d3 pc=008916
[:slot1:storager] GA  7962113.7us wr    e000=022f pc=00891a
[:slot1:storager] GA  7962115.3us rd    e000=022f pc=008922
[:slot1:storager] GA  7962117.1us rd    e000=022f pc=008922
[:slot1:storager] GA  7962118.9us rd    e000=022f pc=008922
[:slot1:storager] GA  7962120.7us rd    e000=022f pc=008922
[:slot1:storager] GA  7962122.5us rd    e000=022f pc=008922
[:slot1:storager] GA  7962124.3us rd    e000=022f pc=008922
[:slot1:storager] GA  7962126.1us rd    e000=022f pc=008922
[:slot1:storager] GA  7962127.9us rd    e000=022f pc=008922
[:slot1:storager] GA  7962129.7us rd    e000=022f pc=008922
[:slot1:storager] GA  7962131.5us rd    e000=022f pc=008922
[:slot1:storager] GA  7962133.3us rd    e000=022f pc=008922
[:slot1:storager] GA  7962135.1us rd    e000=022f pc=008922
[:slot1:storager] GA  7962136.9us rd    e000=022f pc=008922
[:slot1:storager] GA  7962138.7us rd    e000=022f pc=008922
[:slot1:storager] GA  7962140.5us rd    e000=022f pc=008922
[:slot1:storager] GA  7962142.3us rd    e000=022f pc=008922
[:slot1:storager] GA  7962144.1us rd    e000=022f pc=008922
[:slot1:storager] GA  7962146.7us wr    e000=023f pc=008928
[:slot1:storager] GA  7962147.5us rd    e000=023f pc=00892c
[:slot1:storager] GA  7962150.7us wr    e802=22d3 pc=008932
[:slot1:storager] GA  7962152.3us wr    e000=0a6d pc=008936
[:slot1:storager] TEMPPROG start: 16 descriptors (port$3F pushes=8) [7abc]=0008: (00,17) (00,1c) (00,1d) (00,1d) (00,3f) (00,3f) (01,01) (01,1f) (3f,3f) (3f,3f) (3f,3f) (3f,3f) (3f,3f) (3f,3f) (3f,3f) (3f,3f) 
[:slot1:storager] GA  7962158.7us D800  7dac=3ed6 pc=008990
[:slot1:storager] GA  7962161.1us C800  c800=0000 pc=00899a
[:slot1:storager] TEMPC800 cell[00] <= 0000 pc=00899a
[:slot1:storager] GA  7962167.5us wr    e802=aad3 pc=0089b2
[:slot1:storager] GA  7962171.7us rd    e000=0a6d pc=0089ce
[:slot1:storager] TEMPH  7962177.1us verify      alt=0 741e=0000 743a=748a 74b4=0000 7462=0000 7a30=0101
[:slot1:storager] TEMPSTAGE sec=12 R=0d -> chunk=0000 | accepted[7428]=0001 ptr[741e]=0000 pool[74ac]=74c4 remain[7956]=0008 | 796a=0001 7958=00000000 ledger[7654+01]=ff
[:slot1:storager] GA  7970852.3us IRQ5  0000=000d pc=0022b6
[:slot1:storager] TEMPH  7970866.9us setup       alt=1 741e=0000 743a=748a 74b4=0000 7462=0000 7a30=0101
[:slot1:storager] GA  7970879.5us wr    e802=a2d3 pc=007bd0
[:slot1:storager] GA  7970881.5us wr    e802=aad3 pc=007bd8
[:slot1:storager] XSTATE  7970916.7us [741c] <= 0001
[:slot1:storager] PHASE  7970916.7us [741c] <= 0001 pc=007d5c
[:slot1:storager] CTX  7970916.7us [741c] <= 0001 pc=007d5c IPL=7  <-- IN ISR
[:slot1:storager] CNT  7970922.5us [79a4] <= fffd pc=007d9c
[:slot1:storager] GA  7970930.9us wr    e802=a8d3 pc=0088ba
[:slot1:storager] GA  7970934.1us wr    e802=20d3 pc=0088c2
[:slot1:storager] GA  7970936.5us rd    e01e=023f pc=0088ca
[:slot1:storager] GA  7970939.7us C800  c83e=0000 pc=0088d4
[:slot1:storager] TEMPC800 cell[1f] <= 0000 pc=0088d4
[:slot1:storager] GA  7970948.1us wr    e802=a2d3 pc=008916
[:slot1:storager] GA  7970949.3us wr    e000=022f pc=00891a
[:slot1:storager] GA  7970950.9us rd    e000=022f pc=008922
[:slot1:storager] GA  7970952.7us rd    e000=022f pc=008922
[:slot1:storager] GA  7970954.5us rd    e000=022f pc=008922
[:slot1:storager] GA  7970956.3us rd    e000=022f pc=008922
[:slot1:storager] GA  7970958.1us rd    e000=022f pc=008922
[:slot1:storager] GA  7970959.9us rd    e000=022f pc=008922
[:slot1:storager] GA  7970961.7us rd    e000=022f pc=008922
[:slot1:storager] GA  7970963.5us rd    e000=022f pc=008922
[:slot1:storager] GA  7970965.3us rd    e000=022f pc=008922
[:slot1:storager] GA  7970967.1us rd    e000=022f pc=008922
[:slot1:storager] GA  7970968.9us rd    e000=022f pc=008922
[:slot1:storager] GA  7970970.7us rd    e000=022f pc=008922
[:slot1:storager] GA  7970972.5us rd    e000=022f pc=008922
[:slot1:storager] GA  7970974.3us rd    e000=022f pc=008922
[:slot1:storager] GA  7970976.1us rd    e000=022f pc=008922
[:slot1:storager] GA  7970977.9us rd    e000=022f pc=008922
[:slot1:storager] GA  7970979.7us rd    e000=022f pc=008922
[:slot1:storager] GA  7970982.3us wr    e000=023f pc=008928
[:slot1:storager] GA  7970983.1us rd    e000=023f pc=00892c
[:slot1:storager] GA  7970986.3us wr    e802=22d3 pc=008932
[:slot1:storager] GA  7970987.9us wr    e000=0a6d pc=008936
[:slot1:storager] TEMPPROG start: 16 descriptors (port$3F pushes=8) [7abc]=0008: (00,17) (00,1c) (00,1d) (00,1d) (00,3f) (00,3f) (01,01) (01,1f) (3f,3f) (3f,3f) (3f,3f) (3f,3f) (3f,3f) (3f,3f) (3f,3f) (3f,3f) 
[:slot1:storager] GA  7970994.3us D800  7dac=3ed6 pc=008990
[:slot1:storager] GA  7970996.7us C800  c800=0000 pc=00899a
[:slot1:storager] TEMPC800 cell[00] <= 0000 pc=00899a
[:slot1:storager] GA  7971003.1us wr    e802=aad3 pc=0089b2
[:slot1:storager] GA  7971007.3us rd    e000=0a6d pc=0089ce
[:slot1:storager] TEMPH  7971012.7us verify      alt=0 741e=0000 743a=748a 74b4=0000 7462=0000 7a30=0101
[:slot1:storager] GA  7973487.9us IRQ6  0000=000d pc=0015c8
[:slot1:storager] TEMPH  7973499.7us verify      alt=1 741e=0000 743a=748a 74b4=0000 7462=0000 7a30=0101
[:slot1:storager] CNT  7973514.1us [79a4] <= fffc pc=008a3c
[:slot1:storager] GA  7973516.3us rd    e01e=023f pc=008ab8
[:slot1:storager] GA  7973524.3us wr    e802=a8d3 pc=0088ba
[:slot1:storager] GA  7973527.5us wr    e802=20d3 pc=0088c2
[:slot1:storager] GA  7973529.9us rd    e01e=023f pc=0088ca
[:slot1:storager] GA  7973533.1us C800  c83e=0000 pc=0088d4
[:slot1:storager] TEMPC800 cell[1f] <= 0000 pc=0088d4
[:slot1:storager] GA  7973541.5us wr    e802=a2d3 pc=008916
[:slot1:storager] GA  7973542.7us wr    e000=022f pc=00891a
[:slot1:storager] GA  7973544.3us rd    e000=022f pc=008922
[:slot1:storager] GA  7973546.1us rd    e000=022f pc=008922
[:slot1:storager] GA  7973547.9us rd    e000=022f pc=008922
[:slot1:storager] GA  7973549.7us rd    e000=022f pc=008922
[:slot1:storager] GA  7973551.5us rd    e000=022f pc=008922
[:slot1:storager] GA  7973553.3us rd    e000=022f pc=008922
[:slot1:storager] GA  7973555.1us rd    e000=022f pc=008922
[:slot1:storager] GA  7973556.9us rd    e000=022f pc=008922
[:slot1:storager] GA  7973558.7us rd    e000=022f pc=008922
[:slot1:storager] GA  7973560.5us rd    e000=022f pc=008922
[:slot1:storager] GA  7973562.3us rd    e000=022f pc=008922
[:slot1:storager] GA  7973564.1us rd    e000=022f pc=008922
[:slot1:storager] GA  7973565.9us rd    e000=022f pc=008922
[:slot1:storager] GA  7973567.7us rd    e000=022f pc=008922
[:slot1:storager] GA  7973569.5us rd    e000=022f pc=008922
[:slot1:storager] GA  7973571.3us rd    e000=022f pc=008922
[:slot1:storager] GA  7973573.1us rd    e000=022f pc=008922
[:slot1:storager] GA  7973575.7us wr    e000=023f pc=008928
[:slot1:storager] GA  7973576.5us rd    e000=023f pc=00892c
[:slot1:storager] GA  7973579.7us wr    e802=22d3 pc=008932
[:slot1:storager] GA  7973581.3us wr    e000=0a6d pc=008936
[:slot1:storager] TEMPPROG start: 16 descriptors (port$3F pushes=8) [7abc]=0008: (00,17) (00,1c) (00,1d) (00,1d) (00,3f) (00,3f) (01,01) (01,1f) (3f,3f) (3f,3f) (3f,3f) (3f,3f) (3f,3f) (3f,3f) (3f,3f) (3f,3f) 
[:slot1:storager] GA  7973587.7us D800  7dac=3ed6 pc=008990
[:slot1:storager] GA  7973590.1us C800  c800=0000 pc=00899a
[:slot1:storager] TEMPC800 cell[00] <= 0000 pc=00899a
[:slot1:storager] GA  7973596.5us wr    e802=aad3 pc=0089b2
[:slot1:storager] GA  7973600.7us rd    e000=0a6d pc=0089ce
[:slot1:storager] TEMPH  7973606.1us verify      alt=0 741e=0000 743a=748a 74b4=0000 7462=0000 7a30=0101
[:slot1:storager] GA  7975081.3us IRQ5  0000=000d pc=0015c8
[:slot1:storager] TEMPH  7975094.9us setup       alt=1 741e=0000 743a=748a 74b4=0000 7462=0000 7a30=0101
[:slot1:storager] GA  7975107.5us wr    e802=a2d3 pc=007bd0
[:slot1:storager] GA  7975109.5us wr    e802=aad3 pc=007bd8
[:slot1:storager] XSTATE  7975144.7us [741c] <= 0001
[:slot1:storager] PHASE  7975144.7us [741c] <= 0001 pc=007d5c
[:slot1:storager] CTX  7975144.7us [741c] <= 0001 pc=007d5c IPL=7  <-- IN ISR
[:slot1:storager] CNT  7975150.5us [79a4] <= fffb pc=007d9c
[:slot1:storager] GA  7975158.9us wr    e802=a8d3 pc=0088ba
[:slot1:storager] GA  7975162.1us wr    e802=20d3 pc=0088c2
[:slot1:storager] GA  7975164.5us rd    e01e=023f pc=0088ca
[:slot1:storager] GA  7975167.7us C800  c83e=0000 pc=0088d4
[:slot1:storager] TEMPC800 cell[1f] <= 0000 pc=0088d4
[:slot1:storager] GA  7975176.1us wr    e802=a2d3 pc=008916
[:slot1:storager] GA  7975177.3us wr    e000=022f pc=00891a
[:slot1:storager] GA  7975178.9us rd    e000=022f pc=008922
[:slot1:storager] GA  7975180.7us rd    e000=022f pc=008922
[:slot1:storager] GA  7975182.5us rd    e000=022f pc=008922
[:slot1:storager] GA  7975184.3us rd    e000=022f pc=008922
[:slot1:storager] GA  7975186.1us rd    e000=022f pc=008922
[:slot1:storager] GA  7975187.9us rd    e000=022f pc=008922
[:slot1:storager] GA  7975189.7us rd    e000=022f pc=008922
[:slot1:storager] GA  7975191.5us rd    e000=022f pc=008922
[:slot1:storager] GA  7975193.3us rd    e000=022f pc=008922
[:slot1:storager] GA  7975195.1us rd    e000=022f pc=008922
[:slot1:storager] GA  7975196.9us rd    e000=022f pc=008922
[:slot1:storager] GA  7975198.7us rd    e000=022f pc=008922
[:slot1:storager] GA  7975200.5us rd    e000=022f pc=008922
[:slot1:storager] GA  7975202.3us rd    e000=022f pc=008922
[:slot1:storager] GA  7975204.1us rd    e000=022f pc=008922
[:slot1:storager] GA  7975205.9us rd    e000=022f pc=008922
[:slot1:storager] GA  7975207.7us rd    e000=022f pc=008922
[:slot1:storager] GA  7975210.3us wr    e000=023f pc=008928
[:slot1:storager] GA  7975211.1us rd    e000=023f pc=00892c
[:slot1:storager] GA  7975214.3us wr    e802=22d3 pc=008932
[:slot1:storager] GA  7975215.9us wr    e000=0a6d pc=008936
[:slot1:storager] TEMPPROG start: 16 descriptors (port$3F pushes=8) [7abc]=0008: (00,17) (00,1c) (00,1d) (00,1d) (00,3f) (00,3f) (01,01) (01,1f) (3f,3f) (3f,3f) (3f,3f) (3f,3f) (3f,3f) (3f,3f) (3f,3f) (3f,3f) 
[:slot1:storager] GA  7975222.3us D800  7dac=3ed6 pc=008990
[:slot1:storager] GA  7975224.7us C800  c800=0000 pc=00899a
[:slot1:storager] TEMPC800 cell[00] <= 0000 pc=00899a
[:slot1:storager] GA  7975231.1us wr    e802=aad3 pc=0089b2
[:slot1:storager] GA  7975235.3us rd    e000=0a6d pc=0089ce
[:slot1:storager] TEMPH  7975240.7us verify      alt=0 741e=0000 743a=748a 74b4=0000 7462=0000 7a30=0101
[:slot1:storager] TEMPSTAGE sec=13 R=0e -> chunk=0000 | accepted[7428]=0001 ptr[741e]=0000 pool[74ac]=74c4 remain[7956]=0008 | 796a=0001 7958=00000000 ledger[7654+01]=ff
[:slot1:storager] GA  7983715.9us IRQ5  0000=000e pc=006cde
[:slot1:storager] TEMPH  7983730.9us setup       alt=1 741e=0000 743a=748a 74b4=0000 7462=0000 7a30=0101
[:slot1:storager] GA  7983743.5us wr    e802=a2d3 pc=007bd0
[:slot1:storager] GA  7983745.5us wr    e802=aad3 pc=007bd8
[:slot1:storager] XSTATE  7983780.7us [741c] <= 0001
[:slot1:storager] PHASE  7983780.7us [741c] <= 0001 pc=007d5c
[:slot1:storager] CTX  7983780.7us [741c] <= 0001 pc=007d5c IPL=7  <-- IN ISR
[:slot1:storager] CNT  7983786.5us [79a4] <= fffa pc=007d9c
[:slot1:storager] GA  7983794.9us wr    e802=a8d3 pc=0088ba
[:slot1:storager] GA  7983798.1us wr    e802=20d3 pc=0088c2
[:slot1:storager] GA  7983800.5us rd    e01e=023f pc=0088ca
[:slot1:storager] GA  7983803.7us C800  c83e=0000 pc=0088d4
[:slot1:storager] TEMPC800 cell[1f] <= 0000 pc=0088d4
[:slot1:storager] GA  7983812.1us wr    e802=a2d3 pc=008916
[:slot1:storager] GA  7983813.3us wr    e000=022f pc=00891a
[:slot1:storager] GA  7983814.9us rd    e000=022f pc=008922
[:slot1:storager] GA  7983816.7us rd    e000=022f pc=008922
[:slot1:storager] GA  7983818.5us rd    e000=022f pc=008922
[:slot1:storager] GA  7983820.3us rd    e000=022f pc=008922
[:slot1:storager] GA  7983822.1us rd    e000=022f pc=008922
[:slot1:storager] GA  7983823.9us rd    e000=022f pc=008922
[:slot1:storager] GA  7983825.7us rd    e000=022f pc=008922
[:slot1:storager] GA  7983827.5us rd    e000=022f pc=008922
[:slot1:storager] GA  7983829.3us rd    e000=022f pc=008922
[:slot1:storager] GA  7983831.1us rd    e000=022f pc=008922
[:slot1:storager] GA  7983832.9us rd    e000=022f pc=008922
[:slot1:storager] GA  7983834.7us rd    e000=022f pc=008922
[:slot1:storager] GA  7983836.5us rd    e000=022f pc=008922
[:slot1:storager] GA  7983838.3us rd    e000=022f pc=008922
[:slot1:storager] GA  7983840.1us rd    e000=022f pc=008922
[:slot1:storager] GA  7983841.9us rd    e000=022f pc=008922
[:slot1:storager] GA  7983843.7us rd    e000=022f pc=008922
[:slot1:storager] GA  7983846.3us wr    e000=023f pc=008928
[:slot1:storager] GA  7983847.1us rd    e000=023f pc=00892c
[:slot1:storager] GA  7983850.3us wr    e802=22d3 pc=008932
[:slot1:storager] GA  7983851.9us wr    e000=0a6d pc=008936
[:slot1:storager] TEMPPROG start: 16 descriptors (port$3F pushes=8) [7abc]=0008: (00,17) (00,1c) (00,1d) (00,1d) (00,3f) (00,3f) (01,01) (01,1f) (3f,3f) (3f,3f) (3f,3f) (3f,3f) (3f,3f) (3f,3f) (3f,3f) (3f,3f) 
[:slot1:storager] GA  7983858.3us D800  7dac=3ed6 pc=008990
[:slot1:storager] GA  7983860.7us C800  c800=0000 pc=00899a
[:slot1:storager] TEMPC800 cell[00] <= 0000 pc=00899a
[:slot1:storager] GA  7983867.1us wr    e802=aad3 pc=0089b2
[:slot1:storager] GA  7983871.3us rd    e000=0a6d pc=0089ce
[:slot1:storager] TEMPH  7983876.7us verify      alt=0 741e=0000 743a=748a 74b4=0000 7462=0000 7a30=0101
[:slot1:storager] TICK  7984462.5us head[736c]=7360 [736e]=7360 [7370]=730c [7b12]=0000 [7a36]=0001 [7a38]=0000
[:slot1:storager] GA  7984481.9us wr    e800=285d pc=002bc2
[:slot1:storager] PIT  7984483.5us ff8000 <= ffff mask=00ff pc=002bc4
[:slot1:storager] GA  7984486.3us wr    e800=2a5d pc=002bce
[:slot1:storager] GA  7985751.9us IRQ6  0000=000e pc=0022ba
[:slot1:storager] TEMPH  7985764.7us verify      alt=1 741e=0000 743a=748a 74b4=0000 7462=0000 7a30=0101
[:slot1:storager] CNT  7985779.1us [79a4] <= fff9 pc=008a3c
[:slot1:storager] GA  7985781.3us rd    e01e=023f pc=008ab8
[:slot1:storager] GA  7985789.3us wr    e802=a8d3 pc=0088ba
[:slot1:storager] GA  7985792.5us wr    e802=20d3 pc=0088c2
[:slot1:storager] GA  7985794.9us rd    e01e=023f pc=0088ca
[:slot1:storager] GA  7985798.1us C800  c83e=0000 pc=0088d4
[:slot1:storager] TEMPC800 cell[1f] <= 0000 pc=0088d4
[:slot1:storager] GA  7985806.5us wr    e802=a2d3 pc=008916
[:slot1:storager] GA  7985807.7us wr    e000=022f pc=00891a
[:slot1:storager] GA  7985809.3us rd    e000=022f pc=008922
[:slot1:storager] GA  7985811.1us rd    e000=022f pc=008922
[:slot1:storager] GA  7985812.9us rd    e000=022f pc=008922
[:slot1:storager] GA  7985814.7us rd    e000=022f pc=008922
[:slot1:storager] GA  7985816.5us rd    e000=022f pc=008922
[:slot1:storager] GA  7985818.3us rd    e000=022f pc=008922
[:slot1:storager] GA  7985820.1us rd    e000=022f pc=008922
[:slot1:storager] GA  7985821.9us rd    e000=022f pc=008922
[:slot1:storager] GA  7985823.7us rd    e000=022f pc=008922
[:slot1:storager] GA  7985825.5us rd    e000=022f pc=008922
[:slot1:storager] GA  7985827.3us rd    e000=022f pc=008922
[:slot1:storager] GA  7985829.1us rd    e000=022f pc=008922
[:slot1:storager] GA  7985830.9us rd    e000=022f pc=008922
[:slot1:storager] GA  7985832.7us rd    e000=022f pc=008922
[:slot1:storager] GA  7985834.5us rd    e000=022f pc=008922
[:slot1:storager] GA  7985836.3us rd    e000=022f pc=008922
[:slot1:storager] GA  7985838.1us rd    e000=022f pc=008922
[:slot1:storager] GA  7985840.7us wr    e000=023f pc=008928
[:slot1:storager] GA  7985841.5us rd    e000=023f pc=00892c
[:slot1:storager] GA  7985844.7us wr    e802=22d3 pc=008932
[:slot1:storager] GA  7985846.3us wr    e000=0a6d pc=008936
[:slot1:storager] TEMPPROG start: 16 descriptors (port$3F pushes=8) [7abc]=0008: (00,17) (00,1c) (00,1d) (00,1d) (00,3f) (00,3f) (01,01) (01,1f) (3f,3f) (3f,3f) (3f,3f) (3f,3f) (3f,3f) (3f,3f) (3f,3f) (3f,3f) 
[:slot1:storager] GA  7985852.7us D800  7dac=3ed6 pc=008990
[:slot1:storager] GA  7985855.1us C800  c800=0000 pc=00899a
[:slot1:storager] TEMPC800 cell[00] <= 0000 pc=00899a
[:slot1:storager] GA  7985861.5us wr    e802=aad3 pc=0089b2
[:slot1:storager] GA  7985865.7us rd    e000=0a6d pc=0089ce
[:slot1:storager] TEMPH  7985871.1us verify      alt=0 741e=0000 743a=748a 74b4=0000 7462=0000 7a30=0101
[:slot1:storager] GA  7988346.3us IRQ5  0000=000e pc=0015c8
[:slot1:storager] TEMPH  7988359.9us setup       alt=1 741e=0000 743a=748a 74b4=0000 7462=0000 7a30=0101
[:slot1:storager] GA  7988372.5us wr    e802=a2d3 pc=007bd0
[:slot1:storager] GA  7988374.5us wr    e802=aad3 pc=007bd8
[:slot1:storager] XSTATE  7988409.7us [741c] <= 0001
[:slot1:storager] PHASE  7988409.7us [741c] <= 0001 pc=007d5c
[:slot1:storager] CTX  7988409.7us [741c] <= 0001 pc=007d5c IPL=7  <-- IN ISR
[:slot1:storager] CNT  7988415.5us [79a4] <= fff8 pc=007d9c
[:slot1:storager] GA  7988423.9us wr    e802=a8d3 pc=0088ba
[:slot1:storager] GA  7988427.1us wr    e802=20d3 pc=0088c2
[:slot1:storager] GA  7988429.5us rd    e01e=023f pc=0088ca
[:slot1:storager] GA  7988432.7us C800  c83e=0000 pc=0088d4
[:slot1:storager] TEMPC800 cell[1f] <= 0000 pc=0088d4
[:slot1:storager] GA  7988441.1us wr    e802=a2d3 pc=008916
[:slot1:storager] GA  7988442.3us wr    e000=022f pc=00891a
[:slot1:storager] GA  7988443.9us rd    e000=022f pc=008922
[:slot1:storager] GA  7988445.7us rd    e000=022f pc=008922
[:slot1:storager] GA  7988447.5us rd    e000=022f pc=008922
[:slot1:storager] GA  7988449.3us rd    e000=022f pc=008922
[:slot1:storager] GA  7988451.1us rd    e000=022f pc=008922
[:slot1:storager] GA  7988452.9us rd    e000=022f pc=008922
[:slot1:storager] GA  7988454.7us rd    e000=022f pc=008922
[:slot1:storager] GA  7988456.5us rd    e000=022f pc=008922
[:slot1:storager] GA  7988458.3us rd    e000=022f pc=008922
[:slot1:storager] GA  7988460.1us rd    e000=022f pc=008922
[:slot1:storager] GA  7988461.9us rd    e000=022f pc=008922
[:slot1:storager] GA  7988463.7us rd    e000=022f pc=008922
[:slot1:storager] GA  7988465.5us rd    e000=022f pc=008922
[:slot1:storager] GA  7988467.3us rd    e000=022f pc=008922
[:slot1:storager] GA  7988469.1us rd    e000=022f pc=008922
[:slot1:storager] GA  7988470.9us rd    e000=022f pc=008922
[:slot1:storager] GA  7988472.7us rd    e000=022f pc=008922
[:slot1:storager] GA  7988475.3us wr    e000=023f pc=008928
[:slot1:storager] GA  7988476.1us rd    e000=023f pc=00892c
[:slot1:storager] GA  7988479.3us wr    e802=22d3 pc=008932
[:slot1:storager] GA  7988480.9us wr    e000=0a6d pc=008936
[:slot1:storager] TEMPPROG start: 16 descriptors (port$3F pushes=8) [7abc]=0008: (00,17) (00,1c) (00,1d) (00,1d) (00,3f) (00,3f) (01,01) (01,1f) (3f,3f) (3f,3f) (3f,3f) (3f,3f) (3f,3f) (3f,3f) (3f,3f) (3f,3f) 
[:slot1:storager] GA  7988487.3us D800  7dac=3ed6 pc=008990
[:slot1:storager] GA  7988489.7us C800  c800=0000 pc=00899a
[:slot1:storager] TEMPC800 cell[00] <= 0000 pc=00899a
[:slot1:storager] GA  7988496.1us wr    e802=aad3 pc=0089b2
[:slot1:storager] GA  7988500.3us rd    e000=0a6d pc=0089ce
[:slot1:storager] TEMPH  7988505.7us verify      alt=0 741e=0000 743a=748a 74b4=0000 7462=0000 7a30=0101
[:slot1:storager] TEMPSTAGE sec=14 R=0f -> chunk=0000 | accepted[7428]=0001 ptr[741e]=0000 pool[74ac]=74c4 remain[7956]=0008 | 796a=0001 7958=00000000 ledger[7654+01]=ff
[:slot1:storager] GA  7996780.9us IRQ5  0000=000f pc=0015fc
[:slot1:storager] TEMPH  7996794.9us setup       alt=1 741e=0000 743a=748a 74b4=0000 7462=0000 7a30=0101
[:slot1:storager] GA  7996807.5us wr    e802=a2d3 pc=007bd0
[:slot1:storager] GA  7996809.5us wr    e802=aad3 pc=007bd8
[:slot1:storager] XSTATE  7996844.7us [741c] <= 0001
[:slot1:storager] PHASE  7996844.7us [741c] <= 0001 pc=007d5c
[:slot1:storager] CTX  7996844.7us [741c] <= 0001 pc=007d5c IPL=7  <-- IN ISR
[:slot1:storager] CNT  7996850.5us [79a4] <= fff7 pc=007d9c
[:slot1:storager] GA  7996858.9us wr    e802=a8d3 pc=0088ba
[:slot1:storager] GA  7996862.1us wr    e802=20d3 pc=0088c2
[:slot1:storager] GA  7996864.5us rd    e01e=023f pc=0088ca
[:slot1:storager] GA  7996867.7us C800  c83e=0000 pc=0088d4
[:slot1:storager] TEMPC800 cell[1f] <= 0000 pc=0088d4
[:slot1:storager] GA  7996876.1us wr    e802=a2d3 pc=008916
[:slot1:storager] GA  7996877.3us wr    e000=022f pc=00891a
[:slot1:storager] GA  7996878.9us rd    e000=022f pc=008922
[:slot1:storager] GA  7996880.7us rd    e000=022f pc=008922
[:slot1:storager] GA  7996882.5us rd    e000=022f pc=008922
[:slot1:storager] GA  7996884.3us rd    e000=022f pc=008922
[:slot1:storager] GA  7996886.1us rd    e000=022f pc=008922
[:slot1:storager] GA  7996887.9us rd    e000=022f pc=008922
[:slot1:storager] GA  7996889.7us rd    e000=022f pc=008922
[:slot1:storager] GA  7996891.5us rd    e000=022f pc=008922
[:slot1:storager] GA  7996893.3us rd    e000=022f pc=008922
[:slot1:storager] GA  7996895.1us rd    e000=022f pc=008922
[:slot1:storager] GA  7996896.9us rd    e000=022f pc=008922
[:slot1:storager] GA  7996898.7us rd    e000=022f pc=008922
[:slot1:storager] GA  7996900.5us rd    e000=022f pc=008922
[:slot1:storager] GA  7996902.3us rd    e000=022f pc=008922
[:slot1:storager] GA  7996904.1us rd    e000=022f pc=008922
[:slot1:storager] GA  7996905.9us rd    e000=022f pc=008922
[:slot1:storager] GA  7996907.7us rd    e000=022f pc=008922
[:slot1:storager] GA  7996910.3us wr    e000=023f pc=008928
[:slot1:storager] GA  7996911.1us rd    e000=023f pc=00892c
[:slot1:storager] GA  7996914.3us wr    e802=22d3 pc=008932
[:slot1:storager] GA  7996915.9us wr    e000=0a6d pc=008936
[:slot1:storager] TEMPPROG start: 16 descriptors (port$3F pushes=8) [7abc]=0008: (00,17) (00,1c) (00,1d) (00,1d) (00,3f) (00,3f) (01,01) (01,1f) (3f,3f) (3f,3f) (3f,3f) (3f,3f) (3f,3f) (3f,3f) (3f,3f) (3f,3f) 
[:slot1:storager] GA  7996922.3us D800  7dac=3ed6 pc=008990
[:slot1:storager] GA  7996924.7us C800  c800=0000 pc=00899a
[:slot1:storager] TEMPC800 cell[00] <= 0000 pc=00899a
[:slot1:storager] GA  7996931.1us wr    e802=aad3 pc=0089b2
[:slot1:storager] GA  7996935.3us rd    e000=0a6d pc=0089ce
[:slot1:storager] TEMPH  7996940.7us verify      alt=0 741e=0000 743a=748a 74b4=0000 7462=0000 7a30=0101
[:slot1:storager] GA  7998615.9us IRQ6  0000=000f pc=006ce2
[:slot1:storager] TEMPH  7998628.7us verify      alt=1 741e=0000 743a=748a 74b4=0000 7462=0000 7a30=0101
[:slot1:storager] CNT  7998643.1us [79a4] <= fff6 pc=008a3c
[:slot1:storager] GA  7998645.3us rd    e01e=023f pc=008ab8
[:slot1:storager] GA  7998653.3us wr    e802=a8d3 pc=0088ba
[:slot1:storager] GA  7998656.5us wr    e802=20d3 pc=0088c2
[:slot1:storager] GA  7998658.9us rd    e01e=023f pc=0088ca
[:slot1:storager] GA  7998662.1us C800  c83e=0000 pc=0088d4
[:slot1:storager] TEMPC800 cell[1f] <= 0000 pc=0088d4
[:slot1:storager] GA  7998670.5us wr    e802=a2d3 pc=008916
[:slot1:storager] GA  7998671.7us wr    e000=022f pc=00891a
[:slot1:storager] GA  7998673.3us rd    e000=022f pc=008922
[:slot1:storager] GA  7998675.1us rd    e000=022f pc=008922
[:slot1:storager] GA  7998676.9us rd    e000=022f pc=008922
[:slot1:storager] GA  7998678.7us rd    e000=022f pc=008922
[:slot1:storager] GA  7998680.5us rd    e000=022f pc=008922
[:slot1:storager] GA  7998682.3us rd    e000=022f pc=008922
[:slot1:storager] GA  7998684.1us rd    e000=022f pc=008922
[:slot1:storager] GA  7998685.9us rd    e000=022f pc=008922
[:slot1:storager] GA  7998687.7us rd    e000=022f pc=008922
[:slot1:storager] GA  7998689.5us rd    e000=022f pc=008922
[:slot1:storager] GA  7998691.3us rd    e000=022f pc=008922
[:slot1:storager] GA  7998693.1us rd    e000=022f pc=008922
[:slot1:storager] GA  7998694.9us rd    e000=022f pc=008922
[:slot1:storager] GA  7998696.7us rd    e000=022f pc=008922
[:slot1:storager] GA  7998698.5us rd    e000=022f pc=008922
[:slot1:storager] GA  7998700.3us rd    e000=022f pc=008922
[:slot1:storager] GA  7998702.1us rd    e000=022f pc=008922
[:slot1:storager] GA  7998704.7us wr    e000=023f pc=008928
[:slot1:storager] GA  7998705.5us rd    e000=023f pc=00892c
[:slot1:storager] GA  7998708.7us wr    e802=22d3 pc=008932
[:slot1:storager] GA  7998710.3us wr    e000=0a6d pc=008936
[:slot1:storager] TEMPPROG start: 16 descriptors (port$3F pushes=8) [7abc]=0008: (00,17) (00,1c) (00,1d) (00,1d) (00,3f) (00,3f) (01,01) (01,1f) (3f,3f) (3f,3f) (3f,3f) (3f,3f) (3f,3f) (3f,3f) (3f,3f) (3f,3f) 
[:slot1:storager] GA  7998716.7us D800  7dac=3ed6 pc=008990
[:slot1:storager] GA  7998719.1us C800  c800=0000 pc=00899a
[:slot1:storager] TEMPC800 cell[00] <= 0000 pc=00899a
[:slot1:storager] GA  7998725.5us wr    e802=aad3 pc=0089b2
[:slot1:storager] GA  7998729.7us rd    e000=0a6d pc=0089ce
[:slot1:storager] TEMPH  7998735.1us verify      alt=0 741e=0000 743a=748a 74b4=0000 7462=0000 7a30=0101
[:slot1:storager] GA  8000610.3us IRQ5  0000=000f pc=006bc2
[:slot1:storager] TEMPH  8000623.9us setup       alt=1 741e=0000 743a=748a 74b4=0000 7462=0000 7a30=0101
[:slot1:storager] GA  8000636.5us wr    e802=a2d3 pc=007bd0
[:slot1:storager] GA  8000638.5us wr    e802=aad3 pc=007bd8
[:slot1:storager] XSTATE  8000673.7us [741c] <= 0001
[:slot1:storager] PHASE  8000673.7us [741c] <= 0001 pc=007d5c
[:slot1:storager] CTX  8000673.7us [741c] <= 0001 pc=007d5c IPL=7  <-- IN ISR
[:slot1:storager] CNT  8000679.5us [79a4] <= fff5 pc=007d9c
[:slot1:storager] GA  8000687.9us wr    e802=a8d3 pc=0088ba
[:slot1:storager] GA  8000691.1us wr    e802=20d3 pc=0088c2
[:slot1:storager] GA  8000693.5us rd    e01e=023f pc=0088ca
[:slot1:storager] GA  8000696.7us C800  c83e=0000 pc=0088d4
[:slot1:storager] TEMPC800 cell[1f] <= 0000 pc=0088d4
[:slot1:storager] GA  8000705.1us wr    e802=a2d3 pc=008916
[:slot1:storager] GA  8000706.3us wr    e000=022f pc=00891a
[:slot1:storager] GA  8000707.9us rd    e000=022f pc=008922
[:slot1:storager] GA  8000709.7us rd    e000=022f pc=008922
[:slot1:storager] GA  8000711.5us rd    e000=022f pc=008922
[:slot1:storager] GA  8000713.3us rd    e000=022f pc=008922
[:slot1:storager] GA  8000715.1us rd    e000=022f pc=008922
[:slot1:storager] GA  8000716.9us rd    e000=022f pc=008922
[:slot1:storager] GA  8000718.7us rd    e000=022f pc=008922
[:slot1:storager] GA  8000720.5us rd    e000=022f pc=008922
[:slot1:storager] GA  8000722.3us rd    e000=022f pc=008922
[:slot1:storager] GA  8000724.1us rd    e000=022f pc=008922
[:slot1:storager] GA  8000725.9us rd    e000=022f pc=008922
[:slot1:storager] GA  8000727.7us rd    e000=022f pc=008922
[:slot1:storager] GA  8000729.5us rd    e000=022f pc=008922
[:slot1:storager] GA  8000731.3us rd    e000=022f pc=008922
[:slot1:storager] GA  8000733.1us rd    e000=022f pc=008922
[:slot1:storager] GA  8000734.9us rd    e000=022f pc=008922
[:slot1:storager] GA  8000736.7us rd    e000=022f pc=008922
[:slot1:storager] GA  8000739.3us wr    e000=023f pc=008928
[:slot1:storager] GA  8000740.1us rd    e000=023f pc=00892c
[:slot1:storager] GA  8000743.3us wr    e802=22d3 pc=008932
[:slot1:storager] GA  8000744.9us wr    e000=0a6d pc=008936
[:slot1:storager] TEMPPROG start: 16 descriptors (port$3F pushes=8) [7abc]=0008: (00,17) (00,1c) (00,1d) (00,1d) (00,3f) (00,3f) (01,01) (01,1f) (3f,3f) (3f,3f) (3f,3f) (3f,3f) (3f,3f) (3f,3f) (3f,3f) (3f,3f) 
[:slot1:storager] GA  8000751.3us D800  7dac=3ed6 pc=008990
[:slot1:storager] GA  8000753.7us C800  c800=0000 pc=00899a
[:slot1:storager] TEMPC800 cell[00] <= 0000 pc=00899a
[:slot1:storager] GA  8000760.1us wr    e802=aad3 pc=0089b2
[:slot1:storager] GA  8000764.3us rd    e000=0a6d pc=0089ce
[:slot1:storager] TEMPH  8000769.7us verify      alt=0 741e=0000 743a=748a 74b4=0000 7462=0000 7a30=0101
[:slot1:storager] TEMPSTAGE sec=15 R=10 -> chunk=0000 | accepted[7428]=0001 ptr[741e]=0000 pool[74ac]=74c4 remain[7956]=0008 | 796a=0001 7958=00000000 ledger[7654+01]=ff
[:slot1:storager] GA  8009444.9us IRQ5  0000=0010 pc=001570
[:slot1:storager] TEMPH  8009458.9us setup       alt=1 741e=0000 743a=748a 74b4=0000 7462=0000 7a30=0101
[:slot1:storager] GA  8009471.5us wr    e802=a2d3 pc=007bd0
[:slot1:storager] GA  8009473.5us wr    e802=aad3 pc=007bd8
[:slot1:storager] XSTATE  8009508.7us [741c] <= 0001
[:slot1:storager] PHASE  8009508.7us [741c] <= 0001 pc=007d5c
[:slot1:storager] CTX  8009508.7us [741c] <= 0001 pc=007d5c IPL=7  <-- IN ISR
[:slot1:storager] CNT  8009514.5us [79a4] <= fff4 pc=007d9c
[:slot1:storager] GA  8009522.9us wr    e802=a8d3 pc=0088ba
[:slot1:storager] GA  8009526.1us wr    e802=20d3 pc=0088c2
[:slot1:storager] GA  8009528.5us rd    e01e=023f pc=0088ca
[:slot1:storager] GA  8009531.7us C800  c83e=0000 pc=0088d4
[:slot1:storager] TEMPC800 cell[1f] <= 0000 pc=0088d4
[:slot1:storager] GA  8009540.1us wr    e802=a2d3 pc=008916
[:slot1:storager] GA  8009541.3us wr    e000=022f pc=00891a
[:slot1:storager] GA  8009542.9us rd    e000=022f pc=008922
[:slot1:storager] GA  8009544.7us rd    e000=022f pc=008922
[:slot1:storager] GA  8009546.5us rd    e000=022f pc=008922
[:slot1:storager] GA  8009548.3us rd    e000=022f pc=008922
[:slot1:storager] GA  8009550.1us rd    e000=022f pc=008922
[:slot1:storager] GA  8009551.9us rd    e000=022f pc=008922
[:slot1:storager] GA  8009553.7us rd    e000=022f pc=008922
[:slot1:storager] GA  8009555.5us rd    e000=022f pc=008922
[:slot1:storager] GA  8009557.3us rd    e000=022f pc=008922
[:slot1:storager] GA  8009559.1us rd    e000=022f pc=008922
[:slot1:storager] GA  8009560.9us rd    e000=022f pc=008922
[:slot1:storager] GA  8009562.7us rd    e000=022f pc=008922
[:slot1:storager] GA  8009564.5us rd    e000=022f pc=008922
[:slot1:storager] GA  8009566.3us rd    e000=022f pc=008922
[:slot1:storager] GA  8009568.1us rd    e000=022f pc=008922
[:slot1:storager] GA  8009569.9us rd    e000=022f pc=008922
[:slot1:storager] GA  8009571.7us rd    e000=022f pc=008922
[:slot1:storager] GA  8009574.3us wr    e000=023f pc=008928
[:slot1:storager] GA  8009575.1us rd    e000=023f pc=00892c
[:slot1:storager] GA  8009578.3us wr    e802=22d3 pc=008932
[:slot1:storager] GA  8009579.9us wr    e000=0a6d pc=008936
[:slot1:storager] TEMPPROG start: 16 descriptors (port$3F pushes=8) [7abc]=0008: (00,17) (00,1c) (00,1d) (00,1d) (00,3f) (00,3f) (01,01) (01,1f) (3f,3f) (3f,3f) (3f,3f) (3f,3f) (3f,3f) (3f,3f) (3f,3f) (3f,3f) 
[:slot1:storager] GA  8009586.3us D800  7dac=3ed6 pc=008990
[:slot1:storager] GA  8009588.7us C800  c800=0000 pc=00899a
[:slot1:storager] TEMPC800 cell[00] <= 0000 pc=00899a
[:slot1:storager] GA  8009595.1us wr    e802=aad3 pc=0089b2
[:slot1:storager] GA  8009599.3us rd    e000=0a6d pc=0089ce
[:slot1:storager] TEMPH  8009604.7us verify      alt=0 741e=0000 743a=748a 74b4=0000 7462=0000 7a30=0101
[:slot1:storager] TICK  8010578.5us head[736c]=7360 [736e]=7360 [7370]=730c [7b12]=0000 [7a36]=0001 [7a38]=0000
[:slot1:storager] GA  8010597.9us wr    e800=285d pc=002bc2
[:slot1:storager] PIT  8010599.5us ff8000 <= ffff mask=00ff pc=002bc4
[:slot1:storager] GA  8010602.3us wr    e800=2a5d pc=002bce
[:slot1:storager] GA  8011679.9us IRQ6  0000=0000 pc=0015fc
[:slot1:storager] TEMPH  8011691.7us verify      alt=1 741e=0000 743a=748a 74b4=0000 7462=0000 7a30=0101
[:slot1:storager] CNT  8011706.1us [79a4] <= fff3 pc=008a3c
[:slot1:storager] GA  8011708.3us rd    e01e=023f pc=008ab8
[:slot1:storager] GA  8011716.3us wr    e802=a8d3 pc=0088ba
[:slot1:storager] GA  8011719.5us wr    e802=20d3 pc=0088c2
[:slot1:storager] GA  8011721.9us rd    e01e=023f pc=0088ca
[:slot1:storager] GA  8011725.1us C800  c83e=0000 pc=0088d4
[:slot1:storager] TEMPC800 cell[1f] <= 0000 pc=0088d4
[:slot1:storager] GA  8011733.5us wr    e802=a2d3 pc=008916
[:slot1:storager] GA  8011734.7us wr    e000=022f pc=00891a
[:slot1:storager] GA  8011736.3us rd    e000=022f pc=008922
[:slot1:storager] GA  8011738.1us rd    e000=022f pc=008922
[:slot1:storager] GA  8011739.9us rd    e000=022f pc=008922
[:slot1:storager] GA  8011741.7us rd    e000=022f pc=008922
[:slot1:storager] GA  8011743.5us rd    e000=022f pc=008922
[:slot1:storager] GA  8011745.3us rd    e000=022f pc=008922
[:slot1:storager] GA  8011747.1us rd    e000=022f pc=008922
[:slot1:storager] GA  8011748.9us rd    e000=022f pc=008922
[:slot1:storager] GA  8011750.7us rd    e000=022f pc=008922
[:slot1:storager] GA  8011752.5us rd    e000=022f pc=008922
[:slot1:storager] GA  8011754.3us rd    e000=022f pc=008922
[:slot1:storager] GA  8011756.1us rd    e000=022f pc=008922
[:slot1:storager] GA  8011757.9us rd    e000=022f pc=008922
[:slot1:storager] GA  8011759.7us rd    e000=022f pc=008922
[:slot1:storager] GA  8011761.5us rd    e000=022f pc=008922
[:slot1:storager] GA  8011763.3us rd    e000=022f pc=008922
[:slot1:storager] GA  8011765.1us rd    e000=022f pc=008922
[:slot1:storager] GA  8011767.7us wr    e000=023f pc=008928
[:slot1:storager] GA  8011768.5us rd    e000=023f pc=00892c
[:slot1:storager] GA  8011771.7us wr    e802=22d3 pc=008932
[:slot1:storager] GA  8011773.3us wr    e000=0a6d pc=008936
[:slot1:storager] TEMPPROG start: 16 descriptors (port$3F pushes=8) [7abc]=0008: (00,17) (00,1c) (00,1d) (00,1d) (00,3f) (00,3f) (01,01) (01,1f) (3f,3f) (3f,3f) (3f,3f) (3f,3f) (3f,3f) (3f,3f) (3f,3f) (3f,3f) 
[:slot1:storager] GA  8011779.7us D800  7dac=3ed6 pc=008990
[:slot1:storager] GA  8011782.1us C800  c800=0000 pc=00899a
[:slot1:storager] TEMPC800 cell[00] <= 0000 pc=00899a
[:slot1:storager] GA  8011788.5us wr    e802=aad3 pc=0089b2
[:slot1:storager] GA  8011792.7us rd    e000=0a6d pc=0089ce
[:slot1:storager] TEMPH  8011798.1us verify      alt=0 741e=0000 743a=748a 74b4=0000 7462=0000 7a30=0101
[:slot1:storager] GA  8013473.3us IRQ5  0000=0000 pc=006ce2
[:slot1:storager] TEMPH  8013486.9us setup       alt=1 741e=0000 743a=748a 74b4=0000 7462=0000 7a30=0101
[:slot1:storager] GA  8013499.5us wr    e802=a2d3 pc=007bd0
[:slot1:storager] GA  8013501.5us wr    e802=aad3 pc=007bd8
[:slot1:storager] ACCEPT  8013529.3us [7428] <= 0001 pc=007e0a
[:slot1:storager] CTX  8013529.3us [7428] <= 0001 pc=007e0a IPL=7  <-- IN ISR
[:slot1:storager] CNT  8013531.3us [79a4] <= 0100 pc=007e0e
[:slot1:storager] SCAN  8013541.7us halted at pos=2   (byte ff) [7956]=0008 | ledger: c0 ff ff ff ff ff ff ff ff fe fe fe fe fe fe fe fe fe fe fe fe fe fe fe fe fe aa c0 c0 c0 
[:slot1:storager] REMAIN  8013549.5us [7956] <= 0007 pc=007ebe
[:slot1:storager] POOL  8013576.3us [74ac] <= 74cc pc=003302
[:slot1:storager] CTX  8013576.3us [74ac] <= 74cc pc=003302 IPL=7  <-- IN ISR
[:slot1:storager] CTX  8013612.7us [7424] <= 0000 pc=007efe IPL=7  <-- IN ISR
[:slot1:storager] BUFPTR  8013621.5us [741e] <= 2000 (byte 4000) pc=007f10
[:slot1:storager] CTX  8013621.5us [741e] <= 2000 pc=007f10 IPL=7  <-- IN ISR
[:slot1:storager] XSTATE  8013623.1us [741c] <= 0001
[:slot1:storager] PHASE  8013623.1us [741c] <= 0001 pc=007f14
[:slot1:storager] CTX  8013623.1us [741c] <= 0001 pc=007f14 IPL=7  <-- IN ISR
[:slot1:storager] GA  8013635.5us rd    f000=08a0 pc=007f2c
[:slot1:storager] TEMPSTAGE sec=0 R=01 -> chunk=0000 | accepted[7428]=0001 ptr[741e]=2000 pool[74ac]=74cc remain[7956]=0007 | 796a=0001 7958=00000000 ledger[7654+01]=ff
[:slot1:storager] GA  8022273.3us IRQ5  0000=0001 pc=0022e4
[:slot1:storager] TEMPH  8022285.7us done        alt=0 741e=2000 743a=748a 74b4=0000 7462=0000 7a30=0101
[:slot1:storager] GA  8022290.9us D800  7dac=3ed6 pc=00801c
[:slot1:storager] GA  8022292.9us C800  c800=2000 pc=008022
[:slot1:storager] TEMPC800 cell[00] <= 2000 pc=008022
[:slot1:storager] GA  8022294.1us rd    e000=0a6d pc=008028
[:slot1:storager] GA  8022297.3us wr    e802=a2d3 pc=008034
[:slot1:storager] GA  8022299.3us wr    e802=aad3 pc=00803c
[:slot1:storager] ACCEPT  8022327.3us [7428] <= 0002 pc=00810e
[:slot1:storager] CTX  8022327.3us [7428] <= 0002 pc=00810e IPL=7  <-- IN ISR
[:slot1:storager] AABOUND UIB+00..0f: 02 10 80 00 07 07 01 08 02 01 00 01 00 00 00 00 
[:slot1:storager] AABOUND ledger[0..31]: c0 ff ff ff ff ff ff ff ff fe fe fe fe fe fe fe fe fe fe fe fe fe fe fe fe fe aa c0 c0 c0 c0 c0 
[:slot1:storager] LEDGER  8022332.1us [7656] pos=2   <= aa  <=== 0xAA BOUNDARY | [7954]=0001 node=6e60 n+1=10 [7956]=0007 [7abc]=0008 pc=008120
[:slot1:storager] SLIDEAA  8022332.1us stake[7655]=c0 -> next[7656]<=aa pc=008120 remain=0007
[:slot1:storager] PATH  8022367.1us 81f8     74b4=0000 7968=0000 7b10=0000 796c=0000 79b8=0000 7a30=0101(hbit0=1) 7a64=0000 791a=0000
[:slot1:storager] XSTATE  8022368.7us [74b4] <= 74c4
[:slot1:storager] TEMPH  8022381.1us done-tail   alt=0 741e=2000 743a=748a 74b4=74c4 7462=0000 7a30=0101
[:slot1:storager] TEMPH  8022384.1us KICK-test   alt=0 741e=2000 743a=748a 74b4=74c4 7462=0000 7a30=0101
[:slot1:storager] TEMPH  8022384.9us KICK-test   alt=0 741e=2000 743a=748a 74b4=74c4 7462=0000 7a30=0101
[:slot1:storager] PATH  8022386.9us 8344     74b4=74c4 7968=0000 7b10=0000 796c=0000 79b8=0000 7a30=0101(hbit0=1) 7a64=0000 791a=0000
[:slot1:storager] TEMPH  8022386.9us KICK-TAKEN  alt=0 741e=2000 743a=748a 74b4=74c4 7462=0000 7a30=0101
[:slot1:storager] A30  8022387.3us [7a30] <= 0000 pc=00833c
[:slot1:storager] KICKREAL  8022387.3us old=0001 new=0000 [799a]=6e60 +20=8c27 b11=1 74b4=74c4 7454=0000 71b2=0001 7b0c=0000 uib20=8c27
[:slot1:storager] HI7A30  8022387.3us hi=00 lo=00 mask=ff00 pc=00833c 74b4=74c4
[:slot1:storager] CTX  8022387.3us [7a30] <= 0000 pc=00833c IPL=4  <-- IN ISR
[:slot1:storager] D3  8022389.5us ENT        [799a]=6e60 +20=8c27 b11=1 | [71bc]=71f0 +20=0000 b11=0 | 74b4=74c4 7454=0000 7462=0000 7a64=0000 71b2=0001 7b0c=0000 743a=748a
[:slot1:storager] D3  8022390.3us ENT2       [799a]=6e60 +20=8c27 b11=1 | [71bc]=71f0 +20=0000 b11=0 | 74b4=74c4 7454=0000 7462=0000 7a64=0000 71b2=0001 7b0c=0000 743a=748a
[:slot1:storager] TEMPH  8022396.5us 3DBC-guard  alt=0 741e=2000 743a=748a 74b4=74c4 7462=0000 7a30=0001
[:slot1:storager] TEMPH  8022397.7us 3DBC-guard  alt=0 741e=2000 743a=748a 74b4=74c4 7462=0000 7a30=0001
[:slot1:storager] TEMPH  8022400.1us 3DBC-PASSED alt=0 741e=2000 743a=748a 74b4=74c4 7462=0000 7a30=0001
[:slot1:storager] BSET  8022405.9us 3de2   hi=00 74b4=74c4 7a64=0000 7968=0000 7b10=0000 phase=0008 gate72a6=ffff
[:slot1:storager] D3  8022405.9us EMPTY      [799a]=6e60 +20=8c27 b11=1 | [71bc]=71f0 +20=0000 b11=0 | 74b4=74c4 7454=0000 7462=0000 7a64=0000 71b2=0001 7b0c=0000 743a=748a
[:slot1:storager] TEMPH  8022405.9us PARK-7a30   alt=0 741e=2000 743a=748a 74b4=74c4 7462=0000 7a30=0001
[:slot1:storager] D3  8022406.5us NONEMPTY   [799a]=6e60 +20=8c27 b11=1 | [71bc]=71f0 +20=0000 b11=0 | 74b4=74c4 7454=0000 7462=0000 7a64=0000 71b2=0001 7b0c=0000 743a=748a
[:slot1:storager] XSTATE  8022438.1us [74b4] <= 0000
[:slot1:storager] D3  8022441.9us BTST11     [799a]=6e60 +20=8c27 b11=1 | [71bc]=71f0 +20=0000 b11=0 | 74b4=0000 7454=0000 7462=0000 7a64=0000 71b2=0001 7b0c=0000 743a=748a
[:slot1:storager] D3  8022443.5us FREELIST   [799a]=6e60 +20=8c27 b11=1 | [71bc]=71f0 +20=0000 b11=0 | 74b4=0000 7454=0000 7462=0000 7a64=0000 71b2=0001 7b0c=0000 743a=748a
[:slot1:storager] D3  8022444.3us GO-3f1e    [799a]=6e60 +20=8c27 b11=1 | [71bc]=71f0 +20=0000 b11=0 | 74b4=0000 7454=0000 7462=0000 7a64=0000 71b2=0001 7b0c=0000 743a=748a
[:slot1:storager] TEMPH  8022451.5us CALL-3f36   alt=0 741e=2000 743a=748a 74b4=0000 7462=0000 7a30=0001
[:slot1:storager] TEMPH  8022453.7us sched       alt=0 741e=2000 743a=748a 74b4=0000 7462=0000 7a30=0001
[:slot1:storager] XSTATE  8022462.1us [7454] <= 0001
[:slot1:storager] I7462  8022463.7us [7462] <= 0001 pc=003aca
[:slot1:storager] XSTATE  8022470.3us [7a1a] <= 0101
[:slot1:storager] XSTATE  8022489.7us [743a] <= 7442
[:slot1:storager] I7462  8022491.7us [7462] <= 0000 pc=003b92
[:slot1:storager] TEMPH  8022494.7us xferset     alt=0 741e=2000 743a=7442 74b4=0000 7462=0000 7a30=0001
[:slot1:storager] PIT  8022503.5us ff8006 <= 7a7a mask=ff00 pc=003cde
[:slot1:storager] PIT  8022506.3us ff8002 <= 1111 mask=ff00 pc=003cec
[:slot1:storager] PIT  8022509.3us ff8002 <= 0000 mask=ff00 pc=003cf0
[:slot1:storager] PIT  8022512.1us ff8004 <= 7d7d mask=ff00 pc=003cf8
[:slot1:storager] PIT  8022515.1us ff8004 <= 0000 mask=ff00 pc=003cfc
[:slot1:storager] GA  8022518.3us C000  fc0dd=3f22 pc=003d04
[:slot1:storager] XSTATE  8022521.5us [7454] <= 0001
[:slot1:storager] GA  8022525.5us wr    e800=2a5d pc=003d20
[:slot1:storager] GA  8022534.5us wr    e800=2a1d pc=003d3c
[:slot1:storager] GA  8022536.1us D000  4000=2000 pc=003d3e
[:slot1:storager] GA  8022538.9us wr    e800=3a1d pc=003d46
[:slot1:storager] E800b12  8022538.9us rise e800=3a1d d000=2000 c000=0fc0dd c000v=1 pc=003d46
[:slot1:storager] TEMPDMA data local=4000 host=0fc0dd len=128 st=81 host[............]
[:slot1:storager] GA  8022538.9us DMAgo 4000=0080 pc=003d46
[:slot1:storager] GA  8022577.3us IRQ4  0000=0000 pc=003d46
[:slot1:storager] PATH  8022635.1us 3bfe     74b4=0000 7968=0000 7b10=0000 796c=0000 79b8=0000 7a30=0001(hbit0=0) 7a64=0000 791a=0000
[:slot1:storager] TEMPH  8022644.3us 3DBC-BAILED alt=0 741e=2000 743a=7442 74b4=0000 7462=0000 7a30=0001
[:slot1:storager] PATH  8022652.9us 3f68     74b4=0000 7968=0000 7b10=0000 796c=0000 79b8=0000 7a30=0001(hbit0=0) 7a64=0000 791a=0000
[:slot1:storager] D3  8022654.3us AFTER-KICK [799a]=6e60 +20=8c27 b11=1 | [71bc]=71f0 +20=0000 b11=0 | 74b4=0000 7454=0001 7462=0000 7a64=0000 71b2=0001 7b0c=0000 743a=7442
[:slot1:storager] PATH  8022668.5us 3bfe     74b4=0000 7968=0000 7b10=0000 796c=0000 79b8=0000 7a30=0001(hbit0=0) 7a64=0000 791a=0000
[:slot1:storager] GA  8022679.1us wr    e800=2a1d pc=003c08
[:slot1:storager] XSTATE  8022690.9us [7a1a] <= 0000
[:slot1:storager] PATH  8022699.5us 3f68     74b4=0000 7968=0000 7b10=0000 796c=0000 79b8=0000 7a30=0001(hbit0=0) 7a64=0000 791a=0000
[:slot1:storager] XSTATE  8022704.9us [7454] <= 0000
[:slot1:storager] BSET  8022713.9us 400c   hi=00 74b4=0000 7a64=0000 7968=0000 7b10=0000 phase=0008 gate72a6=ffff
[:slot1:storager] A30  8022716.3us [7a30] <= 0101 pc=00400c
[:slot1:storager] HI7A30  8022716.3us hi=01 lo=01 mask=ff00 pc=00400c 74b4=0000
[:slot1:storager] CTX  8022716.3us [7a30] <= 0101 pc=00400c IPL=7  <-- IN ISR
[:slot1:storager] D3  8022739.3us ALT-4062   [799a]=6e60 +20=8c27 b11=1 | [71bc]=71f0 +20=0000 b11=0 | 74b4=0000 7454=0000 7462=0000 7a64=0000 71b2=0001 7b0c=0000 743a=7442
[:slot1:storager] TICK  8022769.5us head[736c]=7360 [736e]=7360 [7370]=730c [7b12]=0000 [7a36]=0001 [7a38]=0000
[:slot1:storager] TEMPH  8022779.1us xferset     alt=0 741e=2000 743a=7442 74b4=0000 7462=0000 7a30=0101
[:slot1:storager] GA  8024273.3us IRQ6  0000=0001 pc=0015ba
[:slot1:storager] TEMPH  8024285.7us verify      alt=1 741e=2000 743a=7442 74b4=0000 7462=0000 7a30=0101
[:slot1:storager] CNT  8024300.1us [79a4] <= 00ff pc=008a3c
[:slot1:storager] GA  8024302.3us rd    e01e=023f pc=008ab8
[:slot1:storager] GA  8024310.3us wr    e802=a8d3 pc=0088ba
[:slot1:storager] GA  8024313.5us wr    e802=20d3 pc=0088c2
[:slot1:storager] GA  8024315.9us rd    e01e=023f pc=0088ca
[:slot1:storager] GA  8024319.1us C800  c83e=0000 pc=0088d4
[:slot1:storager] TEMPC800 cell[1f] <= 0000 pc=0088d4
[:slot1:storager] GA  8024327.5us wr    e802=a2d3 pc=008916
[:slot1:storager] GA  8024328.7us wr    e000=022f pc=00891a
[:slot1:storager] GA  8024330.3us rd    e000=022f pc=008922
[:slot1:storager] GA  8024332.1us rd    e000=022f pc=008922
[:slot1:storager] GA  8024333.9us rd    e000=022f pc=008922
[:slot1:storager] GA  8024335.7us rd    e000=022f pc=008922
[:slot1:storager] GA  8024337.5us rd    e000=022f pc=008922
[:slot1:storager] GA  8024339.3us rd    e000=022f pc=008922
[:slot1:storager] GA  8024341.1us rd    e000=022f pc=008922
[:slot1:storager] GA  8024342.9us rd    e000=022f pc=008922
[:slot1:storager] GA  8024344.7us rd    e000=022f pc=008922
[:slot1:storager] GA  8024346.5us rd    e000=022f pc=008922
[:slot1:storager] GA  8024348.3us rd    e000=022f pc=008922
[:slot1:storager] GA  8024350.1us rd    e000=022f pc=008922
[:slot1:storager] GA  8024351.9us rd    e000=022f pc=008922
[:slot1:storager] GA  8024353.7us rd    e000=022f pc=008922
[:slot1:storager] GA  8024355.5us rd    e000=022f pc=008922
[:slot1:storager] GA  8024357.3us rd    e000=022f pc=008922
[:slot1:storager] GA  8024359.1us rd    e000=022f pc=008922
[:slot1:storager] GA  8024361.7us wr    e000=023f pc=008928
[:slot1:storager] GA  8024362.5us rd    e000=023f pc=00892c
[:slot1:storager] GA  8024365.7us wr    e802=22d3 pc=008932
[:slot1:storager] GA  8024367.3us wr    e000=0a6d pc=008936
[:slot1:storager] TEMPPROG start: 16 descriptors (port$3F pushes=8) [7abc]=0008: (00,17) (00,1c) (00,1d) (00,1d) (00,3f) (00,3f) (01,01) (01,1f) (3f,3f) (3f,3f) (3f,3f) (3f,3f) (3f,3f) (3f,3f) (3f,3f) (3f,3f) 
[:slot1:storager] GA  8024373.7us D800  7dac=3ed6 pc=008990
[:slot1:storager] GA  8024376.1us C800  c800=2000 pc=00899a
[:slot1:storager] TEMPC800 cell[00] <= 2000 pc=00899a
[:slot1:storager] GA  8024382.5us wr    e802=aad3 pc=0089b2
[:slot1:storager] GA  8024386.7us rd    e000=0a6d pc=0089ce
[:slot1:storager] TEMPH  8024392.1us verify      alt=0 741e=2000 743a=7442 74b4=0000 7462=0000 7a30=0101
[:slot1:storager] GA  8026267.3us IRQ5  0000=0001 pc=00156a
[:slot1:storager] TEMPH  8026280.9us setup       alt=1 741e=2000 743a=7442 74b4=0000 7462=0000 7a30=0101
[:slot1:storager] GA  8026293.5us wr    e802=a2d3 pc=007bd0
[:slot1:storager] GA  8026295.5us wr    e802=aad3 pc=007bd8
[:slot1:storager] XSTATE  8026330.7us [741c] <= 0001
[:slot1:storager] PHASE  8026330.7us [741c] <= 0001 pc=007d5c
[:slot1:storager] CTX  8026330.7us [741c] <= 0001 pc=007d5c IPL=7  <-- IN ISR
[:slot1:storager] CNT  8026336.5us [79a4] <= 00fe pc=007d9c
[:slot1:storager] GA  8026344.9us wr    e802=a8d3 pc=0088ba
[:slot1:storager] GA  8026348.1us wr    e802=20d3 pc=0088c2
[:slot1:storager] GA  8026350.5us rd    e01e=023f pc=0088ca
[:slot1:storager] GA  8026353.7us C800  c83e=0000 pc=0088d4
[:slot1:storager] TEMPC800 cell[1f] <= 0000 pc=0088d4
[:slot1:storager] GA  8026362.1us wr    e802=a2d3 pc=008916
[:slot1:storager] GA  8026363.3us wr    e000=022f pc=00891a
[:slot1:storager] GA  8026364.9us rd    e000=022f pc=008922
[:slot1:storager] GA  8026366.7us rd    e000=022f pc=008922
[:slot1:storager] GA  8026368.5us rd    e000=022f pc=008922
[:slot1:storager] GA  8026370.3us rd    e000=022f pc=008922
[:slot1:storager] GA  8026372.1us rd    e000=022f pc=008922
[:slot1:storager] GA  8026373.9us rd    e000=022f pc=008922
[:slot1:storager] GA  8026375.7us rd    e000=022f pc=008922
[:slot1:storager] GA  8026377.5us rd    e000=022f pc=008922
[:slot1:storager] GA  8026379.3us rd    e000=022f pc=008922
[:slot1:storager] GA  8026381.1us rd    e000=022f pc=008922
[:slot1:storager] GA  8026382.9us rd    e000=022f pc=008922
[:slot1:storager] GA  8026384.7us rd    e000=022f pc=008922
[:slot1:storager] GA  8026386.5us rd    e000=022f pc=008922
[:slot1:storager] GA  8026388.3us rd    e000=022f pc=008922
[:slot1:storager] GA  8026390.1us rd    e000=022f pc=008922
[:slot1:storager] GA  8026391.9us rd    e000=022f pc=008922
[:slot1:storager] GA  8026393.7us rd    e000=022f pc=008922
[:slot1:storager] GA  8026396.3us wr    e000=023f pc=008928
[:slot1:storager] GA  8026397.1us rd    e000=023f pc=00892c
[:slot1:storager] GA  8026400.3us wr    e802=22d3 pc=008932
[:slot1:storager] GA  8026401.9us wr    e000=0a6d pc=008936
[:slot1:storager] TEMPPROG start: 16 descriptors (port$3F pushes=8) [7abc]=0008: (00,17) (00,1c) (00,1d) (00,1d) (00,3f) (00,3f) (01,01) (01,1f) (3f,3f) (3f,3f) (3f,3f) (3f,3f) (3f,3f) (3f,3f) (3f,3f) (3f,3f) 
[:slot1:storager] GA  8026408.3us D800  7dac=3ed6 pc=008990
[:slot1:storager] GA  8026410.7us C800  c800=2000 pc=00899a
[:slot1:storager] TEMPC800 cell[00] <= 2000 pc=00899a
[:slot1:storager] GA  8026417.1us wr    e802=aad3 pc=0089b2
[:slot1:storager] GA  8026421.3us rd    e000=0a6d pc=0089ce
[:slot1:storager] TEMPH  8026426.7us verify      alt=0 741e=2000 743a=7442 74b4=0000 7462=0000 7a30=0101
[:slot1:storager] TEMPSTAGE sec=1 R=02 -> chunk=4000 | accepted[7428]=0002 ptr[741e]=2000 pool[74ac]=74cc remain[7956]=0007 | 796a=0001 7958=00000000 ledger[7654+01]=c0
[:slot1:storager] GA  8035101.9us IRQ5  0000=0002 pc=0022b6
[:slot1:storager] TEMPH  8035115.9us setup       alt=1 741e=2000 743a=7442 74b4=0000 7462=0000 7a30=0101
[:slot1:storager] GA  8035128.5us wr    e802=a2d3 pc=007bd0
[:slot1:storager] GA  8035130.5us wr    e802=aad3 pc=007bd8
[:slot1:storager] XSTATE  8035165.7us [741c] <= 0001
[:slot1:storager] PHASE  8035165.7us [741c] <= 0001 pc=007d5c
[:slot1:storager] CTX  8035165.7us [741c] <= 0001 pc=007d5c IPL=7  <-- IN ISR
[:slot1:storager] CNT  8035171.5us [79a4] <= 00fd pc=007d9c
[:slot1:storager] GA  8035179.9us wr    e802=a8d3 pc=0088ba
[:slot1:storager] GA  8035183.1us wr    e802=20d3 pc=0088c2
[:slot1:storager] GA  8035185.5us rd    e01e=023f pc=0088ca
[:slot1:storager] GA  8035188.7us C800  c83e=0000 pc=0088d4
[:slot1:storager] TEMPC800 cell[1f] <= 0000 pc=0088d4
[:slot1:storager] GA  8035197.1us wr    e802=a2d3 pc=008916
[:slot1:storager] GA  8035198.3us wr    e000=022f pc=00891a
[:slot1:storager] GA  8035199.9us rd    e000=022f pc=008922
[:slot1:storager] GA  8035201.7us rd    e000=022f pc=008922
[:slot1:storager] GA  8035203.5us rd    e000=022f pc=008922
[:slot1:storager] GA  8035205.3us rd    e000=022f pc=008922
[:slot1:storager] GA  8035207.1us rd    e000=022f pc=008922
[:slot1:storager] GA  8035208.9us rd    e000=022f pc=008922
[:slot1:storager] GA  8035210.7us rd    e000=022f pc=008922
[:slot1:storager] GA  8035212.5us rd    e000=022f pc=008922
[:slot1:storager] GA  8035214.3us rd    e000=022f pc=008922
[:slot1:storager] GA  8035216.1us rd    e000=022f pc=008922
[:slot1:storager] GA  8035217.9us rd    e000=022f pc=008922
[:slot1:storager] GA  8035219.7us rd    e000=022f pc=008922
[:slot1:storager] GA  8035221.5us rd    e000=022f pc=008922
[:slot1:storager] GA  8035223.3us rd    e000=022f pc=008922
[:slot1:storager] GA  8035225.1us rd    e000=022f pc=008922
[:slot1:storager] GA  8035226.9us rd    e000=022f pc=008922
[:slot1:storager] GA  8035228.7us rd    e000=022f pc=008922
[:slot1:storager] GA  8035231.3us wr    e000=023f pc=008928
[:slot1:storager] GA  8035232.1us rd    e000=023f pc=00892c
[:slot1:storager] GA  8035235.3us wr    e802=22d3 pc=008932
[:slot1:storager] GA  8035236.9us wr    e000=0a6d pc=008936
[:slot1:storager] TEMPPROG start: 16 descriptors (port$3F pushes=8) [7abc]=0008: (00,17) (00,1c) (00,1d) (00,1d) (00,3f) (00,3f) (01,01) (01,1f) (3f,3f) (3f,3f) (3f,3f) (3f,3f) (3f,3f) (3f,3f) (3f,3f) (3f,3f) 
[:slot1:storager] GA  8035243.3us D800  7dac=3ed6 pc=008990
[:slot1:storager] GA  8035245.7us C800  c800=2000 pc=00899a
[:slot1:storager] TEMPC800 cell[00] <= 2000 pc=00899a
[:slot1:storager] GA  8035252.1us wr    e802=aad3 pc=0089b2
[:slot1:storager] GA  8035256.3us rd    e000=0a6d pc=0089ce
[:slot1:storager] TEMPH  8035261.7us verify      alt=0 741e=2000 743a=7442 74b4=0000 7462=0000 7a30=0101
[:slot1:storager] TICK  8036694.5us head[736c]=7360 [736e]=7360 [7370]=730c [7b12]=0000 [7a36]=0001 [7a38]=0000
[:slot1:storager] GA  8036713.9us wr    e800=281d pc=002bc2
[:slot1:storager] PIT  8036715.5us ff8000 <= ffff mask=00ff pc=002bc4
[:slot1:storager] GA  8036718.3us wr    e800=2a1d pc=002bce
[:slot1:storager] GA  8037136.9us IRQ6  0000=0002 pc=006cde
[:slot1:storager] TEMPH  8037148.7us verify      alt=1 741e=2000 743a=7442 74b4=0000 7462=0000 7a30=0101
[:slot1:storager] CNT  8037163.1us [79a4] <= 00fc pc=008a3c
[:slot1:storager] GA  8037165.3us rd    e01e=023f pc=008ab8
[:slot1:storager] GA  8037173.3us wr    e802=a8d3 pc=0088ba
[:slot1:storager] GA  8037176.5us wr    e802=20d3 pc=0088c2
[:slot1:storager] GA  8037178.9us rd    e01e=023f pc=0088ca
[:slot1:storager] GA  8037182.1us C800  c83e=0000 pc=0088d4
[:slot1:storager] TEMPC800 cell[1f] <= 0000 pc=0088d4
[:slot1:storager] GA  8037190.5us wr    e802=a2d3 pc=008916
[:slot1:storager] GA  8037191.7us wr    e000=022f pc=00891a
[:slot1:storager] GA  8037193.3us rd    e000=022f pc=008922
[:slot1:storager] GA  8037195.1us rd    e000=022f pc=008922
[:slot1:storager] GA  8037196.9us rd    e000=022f pc=008922
[:slot1:storager] GA  8037198.7us rd    e000=022f pc=008922
[:slot1:storager] GA  8037200.5us rd    e000=022f pc=008922
[:slot1:storager] GA  8037202.3us rd    e000=022f pc=008922
[:slot1:storager] GA  8037204.1us rd    e000=022f pc=008922
[:slot1:storager] GA  8037205.9us rd    e000=022f pc=008922
[:slot1:storager] GA  8037207.7us rd    e000=022f pc=008922
[:slot1:storager] GA  8037209.5us rd    e000=022f pc=008922
[:slot1:storager] GA  8037211.3us rd    e000=022f pc=008922
[:slot1:storager] GA  8037213.1us rd    e000=022f pc=008922
[:slot1:storager] GA  8037214.9us rd    e000=022f pc=008922
[:slot1:storager] GA  8037216.7us rd    e000=022f pc=008922
[:slot1:storager] GA  8037218.5us rd    e000=022f pc=008922
[:slot1:storager] GA  8037220.3us rd    e000=022f pc=008922
[:slot1:storager] GA  8037222.1us rd    e000=022f pc=008922
[:slot1:storager] GA  8037224.7us wr    e000=023f pc=008928
[:slot1:storager] GA  8037225.5us rd    e000=023f pc=00892c
[:slot1:storager] GA  8037228.7us wr    e802=22d3 pc=008932
[:slot1:storager] GA  8037230.3us wr    e000=0a6d pc=008936
[:slot1:storager] TEMPPROG start: 16 descriptors (port$3F pushes=8) [7abc]=0008: (00,17) (00,1c) (00,1d) (00,1d) (00,3f) (00,3f) (01,01) (01,1f) (3f,3f) (3f,3f) (3f,3f) (3f,3f) (3f,3f) (3f,3f) (3f,3f) (3f,3f) 
[:slot1:storager] GA  8037236.7us D800  7dac=3ed6 pc=008990
[:slot1:storager] GA  8037239.1us C800  c800=2000 pc=00899a
[:slot1:storager] TEMPC800 cell[00] <= 2000 pc=00899a
[:slot1:storager] GA  8037245.5us wr    e802=aad3 pc=0089b2
[:slot1:storager] GA  8037249.7us rd    e000=0a6d pc=0089ce
[:slot1:storager] TEMPH  8037255.1us verify      alt=0 741e=2000 743a=7442 74b4=0000 7462=0000 7a30=0101
[:slot1:storager] GA  8039130.3us IRQ5  0000=0002 pc=0015ba
[:slot1:storager] TEMPH  8039143.9us setup       alt=1 741e=2000 743a=7442 74b4=0000 7462=0000 7a30=0101
[:slot1:storager] GA  8039156.5us wr    e802=a2d3 pc=007bd0
[:slot1:storager] GA  8039158.5us wr    e802=aad3 pc=007bd8
[:slot1:storager] ACCEPT  8039186.3us [7428] <= 0003 pc=007e0a
[:slot1:storager] CTX  8039186.3us [7428] <= 0003 pc=007e0a IPL=7  <-- IN ISR
[:slot1:storager] CNT  8039188.3us [79a4] <= 0100 pc=007e0e
[:slot1:storager] SCAN  8039198.7us halted at pos=4   (byte ff) [7956]=0007 | ledger: c0 c0 aa ff ff ff ff ff ff fe fe fe fe fe fe fe fe fe fe fe fe fe fe fe fe fe aa c0 c0 c0 
[:slot1:storager] REMAIN  8039206.5us [7956] <= 0006 pc=007ebe
[:slot1:storager] POOL  8039233.3us [74ac] <= 74d4 pc=003302
[:slot1:storager] CTX  8039233.3us [74ac] <= 74d4 pc=003302 IPL=7  <-- IN ISR
[:slot1:storager] CTX  8039269.7us [7424] <= 0001 pc=007efe IPL=7  <-- IN ISR
[:slot1:storager] BUFPTR  8039278.5us [741e] <= 2040 (byte 4080) pc=007f10
[:slot1:storager] CTX  8039278.5us [741e] <= 2040 pc=007f10 IPL=7  <-- IN ISR
[:slot1:storager] XSTATE  8039280.1us [741c] <= 0001
[:slot1:storager] PHASE  8039280.1us [741c] <= 0001 pc=007f14
[:slot1:storager] CTX  8039280.1us [741c] <= 0001 pc=007f14 IPL=7  <-- IN ISR
[:slot1:storager] GA  8039292.5us rd    f000=08a0 pc=007f2c
[:slot1:storager] TEMPSTAGE sec=2 R=03 -> chunk=4000 | accepted[7428]=0003 ptr[741e]=2040 pool[74ac]=74d4 remain[7956]=0006 | 796a=0001 7958=00000000 ledger[7654+01]=c0
[:slot1:storager] GA  8047930.3us IRQ5  0000=0003 pc=002250
[:slot1:storager] TEMPH  8047942.7us done        alt=0 741e=2040 743a=7442 74b4=0000 7462=0000 7a30=0101
[:slot1:storager] GA  8047947.9us D800  7dac=3ed6 pc=00801c
[:slot1:storager] GA  8047949.9us C800  c800=2040 pc=008022
[:slot1:storager] TEMPC800 cell[00] <= 2040 pc=008022
[:slot1:storager] GA  8047951.1us rd    e000=0a6d pc=008028
[:slot1:storager] GA  8047954.3us wr    e802=a2d3 pc=008034
[:slot1:storager] GA  8047956.3us wr    e802=aad3 pc=00803c
[:slot1:storager] ACCEPT  8047984.3us [7428] <= 0004 pc=00810e
[:slot1:storager] CTX  8047984.3us [7428] <= 0004 pc=00810e IPL=7  <-- IN ISR
[:slot1:storager] AABOUND UIB+00..0f: 02 10 80 00 07 07 01 08 02 01 00 01 00 00 00 00 
[:slot1:storager] AABOUND ledger[0..31]: c0 c0 aa ff ff ff ff ff ff fe fe fe fe fe fe fe fe fe fe fe fe fe fe fe fe fe aa c0 c0 c0 c0 c0 
[:slot1:storager] LEDGER  8047989.1us [7658] pos=4   <= aa  <=== 0xAA BOUNDARY | [7954]=0001 node=6e60 n+1=10 [7956]=0006 [7abc]=0008 pc=008120
[:slot1:storager] SLIDEAA  8047989.1us stake[7657]=c0 -> next[7658]<=aa pc=008120 remain=0006
[:slot1:storager] PATH  8048024.1us 81f8     74b4=0000 7968=0000 7b10=0000 796c=0000 79b8=0000 7a30=0101(hbit0=1) 7a64=0000 791a=0000
[:slot1:storager] XSTATE  8048025.7us [74b4] <= 74c4
[:slot1:storager] TEMPH  8048038.1us done-tail   alt=0 741e=2040 743a=7442 74b4=74c4 7462=0000 7a30=0101
[:slot1:storager] TEMPH  8048041.1us KICK-test   alt=0 741e=2040 743a=7442 74b4=74c4 7462=0000 7a30=0101
[:slot1:storager] TEMPH  8048041.9us KICK-test   alt=0 741e=2040 743a=7442 74b4=74c4 7462=0000 7a30=0101
[:slot1:storager] PATH  8048043.9us 8344     74b4=74c4 7968=0000 7b10=0000 796c=0000 79b8=0000 7a30=0101(hbit0=1) 7a64=0000 791a=0000
[:slot1:storager] TEMPH  8048043.9us KICK-TAKEN  alt=0 741e=2040 743a=7442 74b4=74c4 7462=0000 7a30=0101
[:slot1:storager] A30  8048044.3us [7a30] <= 0000 pc=00833c
[:slot1:storager] KICKREAL  8048044.3us old=0101 new=0000 [799a]=6e60 +20=8c27 b11=1 74b4=74c4 7454=0000 71b2=0001 7b0c=0000 uib20=8c27
[:slot1:storager] HI7A30  8048044.3us hi=00 lo=00 mask=ff00 pc=00833c 74b4=74c4
[:slot1:storager] CTX  8048044.3us [7a30] <= 0000 pc=00833c IPL=4  <-- IN ISR
[:slot1:storager] D3  8048046.5us ENT        [799a]=6e60 +20=8c27 b11=1 | [71bc]=71f0 +20=0000 b11=0 | 74b4=74c4 7454=0000 7462=0000 7a64=0000 71b2=0001 7b0c=0000 743a=7442
[:slot1:storager] D3  8048047.3us ENT2       [799a]=6e60 +20=8c27 b11=1 | [71bc]=71f0 +20=0000 b11=0 | 74b4=74c4 7454=0000 7462=0000 7a64=0000 71b2=0001 7b0c=0000 743a=7442
[:slot1:storager] TEMPH  8048053.5us 3DBC-guard  alt=0 741e=2040 743a=7442 74b4=74c4 7462=0000 7a30=0001
[:slot1:storager] TEMPH  8048054.7us 3DBC-guard  alt=0 741e=2040 743a=7442 74b4=74c4 7462=0000 7a30=0001
[:slot1:storager] TEMPH  8048057.1us 3DBC-PASSED alt=0 741e=2040 743a=7442 74b4=74c4 7462=0000 7a30=0001
[:slot1:storager] BSET  8048062.9us 3de2   hi=00 74b4=74c4 7a64=0000 7968=0000 7b10=0000 phase=0008 gate72a6=ffff
[:slot1:storager] D3  8048062.9us EMPTY      [799a]=6e60 +20=8c27 b11=1 | [71bc]=71f0 +20=0000 b11=0 | 74b4=74c4 7454=0000 7462=0000 7a64=0000 71b2=0001 7b0c=0000 743a=7442
[:slot1:storager] TEMPH  8048062.9us PARK-7a30   alt=0 741e=2040 743a=7442 74b4=74c4 7462=0000 7a30=0001
[:slot1:storager] D3  8048063.5us NONEMPTY   [799a]=6e60 +20=8c27 b11=1 | [71bc]=71f0 +20=0000 b11=0 | 74b4=74c4 7454=0000 7462=0000 7a64=0000 71b2=0001 7b0c=0000 743a=7442
[:slot1:storager] XSTATE  8048095.1us [74b4] <= 0000
[:slot1:storager] D3  8048098.9us BTST11     [799a]=6e60 +20=8c27 b11=1 | [71bc]=71f0 +20=0000 b11=0 | 74b4=0000 7454=0000 7462=0000 7a64=0000 71b2=0001 7b0c=0000 743a=7442
[:slot1:storager] D3  8048100.5us FREELIST   [799a]=6e60 +20=8c27 b11=1 | [71bc]=71f0 +20=0000 b11=0 | 74b4=0000 7454=0000 7462=0000 7a64=0000 71b2=0001 7b0c=0000 743a=7442
[:slot1:storager] D3  8048101.3us GO-3f1e    [799a]=6e60 +20=8c27 b11=1 | [71bc]=71f0 +20=0000 b11=0 | 74b4=0000 7454=0000 7462=0000 7a64=0000 71b2=0001 7b0c=0000 743a=7442
[:slot1:storager] TEMPH  8048108.5us CALL-3f36   alt=0 741e=2040 743a=7442 74b4=0000 7462=0000 7a30=0001
[:slot1:storager] TEMPH  8048110.7us sched       alt=0 741e=2040 743a=7442 74b4=0000 7462=0000 7a30=0001
[:slot1:storager] XSTATE  8048119.1us [7454] <= 0001
[:slot1:storager] I7462  8048120.7us [7462] <= 0001 pc=003aca
[:slot1:storager] XSTATE  8048127.3us [7a1a] <= 0101
[:slot1:storager] XSTATE  8048149.5us [743a] <= 7442
[:slot1:storager] I7462  8048151.5us [7462] <= 0000 pc=003b92
[:slot1:storager] TEMPH  8048154.5us xferset     alt=0 741e=2040 743a=7442 74b4=0000 7462=0000 7a30=0001
[:slot1:storager] PIT  8048163.3us ff8006 <= 7a7a mask=ff00 pc=003cde
[:slot1:storager] PIT  8048166.1us ff8002 <= 1111 mask=ff00 pc=003cec
[:slot1:storager] PIT  8048169.1us ff8002 <= 0000 mask=ff00 pc=003cf0
[:slot1:storager] PIT  8048171.9us ff8004 <= 7d7d mask=ff00 pc=003cf8
[:slot1:storager] PIT  8048174.9us ff8004 <= 0000 mask=ff00 pc=003cfc
[:slot1:storager] GA  8048178.1us C000  fc1dd=3e22 pc=003d04
[:slot1:storager] XSTATE  8048181.3us [7454] <= 0001
[:slot1:storager] GA  8048185.3us wr    e800=2a1d pc=003d20
[:slot1:storager] GA  8048194.3us wr    e800=2a1d pc=003d3c
[:slot1:storager] GA  8048195.9us D000  4000=2000 pc=003d3e
[:slot1:storager] GA  8048198.7us wr    e800=3a1d pc=003d46
[:slot1:storager] E800b12  8048198.7us rise e800=3a1d d000=2000 c000=0fc1dd c000v=1 pc=003d46
[:slot1:storager] TEMPDMA data local=4000 host=0fc1dd len=128 st=81 host[............]
[:slot1:storager] GA  8048198.7us DMAgo 4000=0080 pc=003d46
[:slot1:storager] GA  8048237.1us IRQ4  0000=0000 pc=003d46
[:slot1:storager] PATH  8048294.9us 3bfe     74b4=0000 7968=0000 7b10=0000 796c=0000 79b8=0000 7a30=0001(hbit0=0) 7a64=0000 791a=0000
[:slot1:storager] TEMPH  8048304.1us 3DBC-BAILED alt=0 741e=2040 743a=7442 74b4=0000 7462=0000 7a30=0001
[:slot1:storager] PATH  8048312.7us 3f68     74b4=0000 7968=0000 7b10=0000 796c=0000 79b8=0000 7a30=0001(hbit0=0) 7a64=0000 791a=0000
[:slot1:storager] D3  8048314.1us AFTER-KICK [799a]=6e60 +20=8c27 b11=1 | [71bc]=71f0 +20=0000 b11=0 | 74b4=0000 7454=0001 7462=0000 7a64=0000 71b2=0001 7b0c=0000 743a=7442
[:slot1:storager] PATH  8048328.5us 3bfe     74b4=0000 7968=0000 7b10=0000 796c=0000 79b8=0000 7a30=0001(hbit0=0) 7a64=0000 791a=0000
[:slot1:storager] GA  8048339.1us wr    e800=2a1d pc=003c08
[:slot1:storager] XSTATE  8048350.9us [7a1a] <= 0000
[:slot1:storager] PATH  8048359.5us 3f68     74b4=0000 7968=0000 7b10=0000 796c=0000 79b8=0000 7a30=0001(hbit0=0) 7a64=0000 791a=0000
[:slot1:storager] XSTATE  8048364.9us [7454] <= 0000
[:slot1:storager] BSET  8048373.9us 400c   hi=00 74b4=0000 7a64=0000 7968=0000 7b10=0000 phase=0008 gate72a6=ffff
[:slot1:storager] A30  8048376.3us [7a30] <= 0101 pc=00400c
[:slot1:storager] HI7A30  8048376.3us hi=01 lo=01 mask=ff00 pc=00400c 74b4=0000
[:slot1:storager] CTX  8048376.3us [7a30] <= 0101 pc=00400c IPL=7  <-- IN ISR
[:slot1:storager] D3  8048399.3us ALT-4062   [799a]=6e60 +20=8c27 b11=1 | [71bc]=71f0 +20=0000 b11=0 | 74b4=0000 7454=0000 7462=0000 7a64=0000 71b2=0001 7b0c=0000 743a=7442
[:slot1:storager] TICK  8048429.5us head[736c]=7360 [736e]=7360 [7370]=730c [7b12]=0000 [7a36]=0001 [7a38]=0000
[:slot1:storager] TEMPH  8048439.1us xferset     alt=0 741e=2040 743a=7442 74b4=0000 7462=0000 7a30=0101
[:slot1:storager] GA  8049930.3us IRQ6  0000=0003 pc=00230a
[:slot1:storager] TEMPH  8049942.7us verify      alt=1 741e=2040 743a=7442 74b4=0000 7462=0000 7a30=0101
[:slot1:storager] CNT  8049957.1us [79a4] <= 00ff pc=008a3c
[:slot1:storager] GA  8049959.3us rd    e01e=023f pc=008ab8
[:slot1:storager] GA  8049967.3us wr    e802=a8d3 pc=0088ba
[:slot1:storager] GA  8049970.5us wr    e802=20d3 pc=0088c2
[:slot1:storager] GA  8049972.9us rd    e01e=023f pc=0088ca
[:slot1:storager] GA  8049976.1us C800  c83e=0000 pc=0088d4
[:slot1:storager] TEMPC800 cell[1f] <= 0000 pc=0088d4
[:slot1:storager] GA  8049984.5us wr    e802=a2d3 pc=008916
[:slot1:storager] GA  8049985.7us wr    e000=022f pc=00891a
[:slot1:storager] GA  8049987.3us rd    e000=022f pc=008922
[:slot1:storager] GA  8049989.1us rd    e000=022f pc=008922
[:slot1:storager] GA  8049990.9us rd    e000=022f pc=008922
[:slot1:storager] GA  8049992.7us rd    e000=022f pc=008922
[:slot1:storager] GA  8049994.5us rd    e000=022f pc=008922
[:slot1:storager] GA  8049996.3us rd    e000=022f pc=008922
[:slot1:storager] GA  8049998.1us rd    e000=022f pc=008922
[:slot1:storager] GA  8049999.9us rd    e000=022f pc=008922
[:slot1:storager] GA  8050001.7us rd    e000=022f pc=008922
[:slot1:storager] GA  8050003.5us rd    e000=022f pc=008922
[:slot1:storager] GA  8050005.3us rd    e000=022f pc=008922
[:slot1:storager] GA  8050007.1us rd    e000=022f pc=008922
[:slot1:storager] GA  8050008.9us rd    e000=022f pc=008922
[:slot1:storager] GA  8050010.7us rd    e000=022f pc=008922
[:slot1:storager] GA  8050012.5us rd    e000=022f pc=008922
[:slot1:storager] GA  8050014.3us rd    e000=022f pc=008922
[:slot1:storager] GA  8050016.1us rd    e000=022f pc=008922
[:slot1:storager] GA  8050018.7us wr    e000=023f pc=008928
[:slot1:storager] GA  8050019.5us rd    e000=023f pc=00892c
[:slot1:storager] GA  8050022.7us wr    e802=22d3 pc=008932
[:slot1:storager] GA  8050024.3us wr    e000=0a6d pc=008936
[:slot1:storager] TEMPPROG start: 16 descriptors (port$3F pushes=8) [7abc]=0008: (00,17) (00,1c) (00,1d) (00,1d) (00,3f) (00,3f) (01,01) (01,1f) (3f,3f) (3f,3f) (3f,3f) (3f,3f) (3f,3f) (3f,3f) (3f,3f) (3f,3f) 
[:slot1:storager] GA  8050030.7us D800  7dac=3ed6 pc=008990
[:slot1:storager] GA  8050033.1us C800  c800=2040 pc=00899a
[:slot1:storager] TEMPC800 cell[00] <= 2040 pc=00899a
[:slot1:storager] GA  8050039.5us wr    e802=aad3 pc=0089b2
[:slot1:storager] GA  8050043.7us rd    e000=0a6d pc=0089ce
[:slot1:storager] TEMPH  8050049.1us verify      alt=0 741e=2040 743a=7442 74b4=0000 7462=0000 7a30=0101
[:slot1:storager] GA  8051924.3us IRQ5  0000=0003 pc=0022a6
[:slot1:storager] TEMPH  8051937.9us setup       alt=1 741e=2040 743a=7442 74b4=0000 7462=0000 7a30=0101
[:slot1:storager] GA  8051950.5us wr    e802=a2d3 pc=007bd0
[:slot1:storager] GA  8051952.5us wr    e802=aad3 pc=007bd8
[:slot1:storager] XSTATE  8051987.7us [741c] <= 0001
[:slot1:storager] PHASE  8051987.7us [741c] <= 0001 pc=007d5c
[:slot1:storager] CTX  8051987.7us [741c] <= 0001 pc=007d5c IPL=7  <-- IN ISR
[:slot1:storager] CNT  8051993.5us [79a4] <= 00fe pc=007d9c
[:slot1:storager] GA  8052001.9us wr    e802=a8d3 pc=0088ba
[:slot1:storager] GA  8052005.1us wr    e802=20d3 pc=0088c2
[:slot1:storager] GA  8052007.5us rd    e01e=023f pc=0088ca
[:slot1:storager] GA  8052010.7us C800  c83e=0000 pc=0088d4
[:slot1:storager] TEMPC800 cell[1f] <= 0000 pc=0088d4
[:slot1:storager] GA  8052019.1us wr    e802=a2d3 pc=008916
[:slot1:storager] GA  8052020.3us wr    e000=022f pc=00891a
[:slot1:storager] GA  8052021.9us rd    e000=022f pc=008922
[:slot1:storager] GA  8052023.7us rd    e000=022f pc=008922
[:slot1:storager] GA  8052025.5us rd    e000=022f pc=008922
[:slot1:storager] GA  8052027.3us rd    e000=022f pc=008922
[:slot1:storager] GA  8052029.1us rd    e000=022f pc=008922
[:slot1:storager] GA  8052030.9us rd    e000=022f pc=008922
[:slot1:storager] GA  8052032.7us rd    e000=022f pc=008922
[:slot1:storager] GA  8052034.5us rd    e000=022f pc=008922
[:slot1:storager] GA  8052036.3us rd    e000=022f pc=008922
[:slot1:storager] GA  8052038.1us rd    e000=022f pc=008922
[:slot1:storager] GA  8052039.9us rd    e000=022f pc=008922
[:slot1:storager] GA  8052041.7us rd    e000=022f pc=008922
[:slot1:storager] GA  8052043.5us rd    e000=022f pc=008922
[:slot1:storager] GA  8052045.3us rd    e000=022f pc=008922
[:slot1:storager] GA  8052047.1us rd    e000=022f pc=008922
[:slot1:storager] GA  8052048.9us rd    e000=022f pc=008922
[:slot1:storager] GA  8052050.7us rd    e000=022f pc=008922
[:slot1:storager] GA  8052053.3us wr    e000=023f pc=008928
[:slot1:storager] GA  8052054.1us rd    e000=023f pc=00892c
[:slot1:storager] GA  8052057.3us wr    e802=22d3 pc=008932
[:slot1:storager] GA  8052058.9us wr    e000=0a6d pc=008936
[:slot1:storager] TEMPPROG start: 16 descriptors (port$3F pushes=8) [7abc]=0008: (00,17) (00,1c) (00,1d) (00,1d) (00,3f) (00,3f) (01,01) (01,1f) (3f,3f) (3f,3f) (3f,3f) (3f,3f) (3f,3f) (3f,3f) (3f,3f) (3f,3f) 
[:slot1:storager] GA  8052065.3us D800  7dac=3ed6 pc=008990
[:slot1:storager] GA  8052067.7us C800  c800=2040 pc=00899a
[:slot1:storager] TEMPC800 cell[00] <= 2040 pc=00899a
[:slot1:storager] GA  8052074.1us wr    e802=aad3 pc=0089b2
[:slot1:storager] GA  8052078.3us rd    e000=0a6d pc=0089ce
[:slot1:storager] TEMPH  8052083.7us verify      alt=0 741e=2040 743a=7442 74b4=0000 7462=0000 7a30=0101
[:slot1:storager] TEMPSTAGE sec=3 R=04 -> chunk=4080 | accepted[7428]=0004 ptr[741e]=2040 pool[74ac]=74d4 remain[7956]=0006 | 796a=0001 7958=00000000 ledger[7654+01]=c0
[:slot1:storager] GA count-exhaust n=8 var=0 t=8.0608 (no UIB+12 / node+26 deposit)
[:slot1:storager] GA  8061158.9us IRQ5  0000=0004 pc=00231a
[:slot1:storager] TEMPH  8061172.9us setup       alt=1 741e=2040 743a=7442 74b4=0000 7462=0000 7a30=0101
[:slot1:storager] GA  8061185.5us wr    e802=a2d3 pc=007bd0
[:slot1:storager] GA  8061187.5us wr    e802=aad3 pc=007bd8
[:slot1:storager] XSTATE  8061222.7us [741c] <= 0001
[:slot1:storager] PHASE  8061222.7us [741c] <= 0001 pc=007d5c
[:slot1:storager] CTX  8061222.7us [741c] <= 0001 pc=007d5c IPL=7  <-- IN ISR
[:slot1:storager] CNT  8061228.5us [79a4] <= 00fd pc=007d9c
[:slot1:storager] GA  8061236.9us wr    e802=a8d3 pc=0088ba
[:slot1:storager] GA  8061240.1us wr    e802=20d3 pc=0088c2
[:slot1:storager] GA  8061242.5us rd    e01e=023f pc=0088ca
[:slot1:storager] GA  8061245.7us C800  c83e=0000 pc=0088d4
[:slot1:storager] TEMPC800 cell[1f] <= 0000 pc=0088d4
[:slot1:storager] GA  8061254.1us wr    e802=a2d3 pc=008916
[:slot1:storager] GA  8061255.3us wr    e000=022f pc=00891a
[:slot1:storager] TEMPPROG start: 16 descriptors (port$3F pushes=8) [7abc]=0008: (00,17) (00,1c) (00,1d) (00,1d) (00,3f) (00,3f) (01,01) (01,1f) (3f,3f) (3f,3f) (3f,3f) (3f,3f) (3f,3f) (3f,3f) (3f,3f) (3f,3f) 
[:slot1:storager] TEMPC800 cell[00] <= 2040 pc=00899a
[:slot1:storager] TEMPH  8061318.7us verify      alt=0 741e=2040 743a=7442 74b4=0000 7462=0000 7a30=0101
[:slot1:storager] TEMPH  8062806.7us verify      alt=1 741e=2040 743a=7442 74b4=0000 7462=0000 7a30=0101
[:slot1:storager] CNT  8062821.1us [79a4] <= 00fc pc=008a3c
[:slot1:storager] TEMPC800 cell[1f] <= 0000 pc=0088d4
[:slot1:storager] TEMPPROG start: 16 descriptors (port$3F pushes=8) [7abc]=0008: (00,17) (00,1c) (00,1d) (00,1d) (00,3f) (00,3f) (01,01) (01,1f) (3f,3f) (3f,3f) (3f,3f) (3f,3f) (3f,3f) (3f,3f) (3f,3f) (3f,3f) 
[:slot1:storager] TEMPC800 cell[00] <= 2040 pc=00899a
[:slot1:storager] TEMPH  8062913.1us verify      alt=0 741e=2040 743a=7442 74b4=0000 7462=0000 7a30=0101
[:slot1:storager] TICK  8062928.5us head[736c]=7360 [736e]=7360 [7370]=730c [7b12]=0000 [7a36]=0001 [7a38]=0000
[:slot1:storager] PIT  8062949.5us ff8000 <= ffff mask=00ff pc=002bc4
[:slot1:storager] TEMPH  8064801.9us setup       alt=1 741e=2040 743a=7442 74b4=0000 7462=0000 7a30=0101
[:slot1:storager] ACCEPT  8064844.3us [7428] <= 0005 pc=007e0a
[:slot1:storager] CTX  8064844.3us [7428] <= 0005 pc=007e0a IPL=7  <-- IN ISR
[:slot1:storager] CNT  8064846.3us [79a4] <= 0100 pc=007e0e
[:slot1:storager] SCAN  8064856.7us halted at pos=6   (byte ff) [7956]=0006 | ledger: c0 c0 aa c0 aa ff ff ff ff fe fe fe fe fe fe fe fe fe fe fe fe fe fe fe fe fe aa c0 c0 c0 
[:slot1:storager] REMAIN  8064864.5us [7956] <= 0005 pc=007ebe
[:slot1:storager] POOL  8064891.3us [74ac] <= 74dc pc=003302
[:slot1:storager] CTX  8064891.3us [74ac] <= 74dc pc=003302 IPL=7  <-- IN ISR
[:slot1:storager] CTX  8064927.7us [7424] <= 0002 pc=007efe IPL=7  <-- IN ISR
[:slot1:storager] BUFPTR  8064936.5us [741e] <= 2080 (byte 4100) pc=007f10
[:slot1:storager] CTX  8064936.5us [741e] <= 2080 pc=007f10 IPL=7  <-- IN ISR
[:slot1:storager] XSTATE  8064938.1us [741c] <= 0001
[:slot1:storager] PHASE  8064938.1us [741c] <= 0001 pc=007f14
[:slot1:storager] CTX  8064938.1us [741c] <= 0001 pc=007f14 IPL=7  <-- IN ISR
[:slot1:storager] TEMPSTAGE sec=4 R=05 -> chunk=4080 | accepted[7428]=0005 ptr[741e]=2080 pool[74ac]=74dc remain[7956]=0005 | 796a=0001 7958=00000000 ledger[7654+01]=c0
[:slot1:storager] TEMPH  8073800.7us done        alt=0 741e=2080 743a=7442 74b4=0000 7462=0000 7a30=0101
[:slot1:storager] TEMPC800 cell[00] <= 2080 pc=008022
[:slot1:storager] ACCEPT  8073842.3us [7428] <= 0006 pc=00810e
[:slot1:storager] CTX  8073842.3us [7428] <= 0006 pc=00810e IPL=7  <-- IN ISR
[:slot1:storager] AABOUND UIB+00..0f: 02 10 80 00 07 07 01 08 02 01 00 01 00 00 00 00 
[:slot1:storager] AABOUND ledger[0..31]: c0 c0 aa c0 aa ff ff ff ff fe fe fe fe fe fe fe fe fe fe fe fe fe fe fe fe fe aa c0 c0 c0 c0 c0 
[:slot1:storager] LEDGER  8073847.1us [765a] pos=6   <= aa  <=== 0xAA BOUNDARY | [7954]=0001 node=6e60 n+1=10 [7956]=0005 [7abc]=0008 pc=008120
[:slot1:storager] SLIDEAA  8073847.1us stake[7659]=c0 -> next[765a]<=aa pc=008120 remain=0005
[:slot1:storager] PATH  8073882.1us 81f8     74b4=0000 7968=0000 7b10=0000 796c=0000 79b8=0000 7a30=0101(hbit0=1) 7a64=0000 791a=0000
[:slot1:storager] XSTATE  8073883.7us [74b4] <= 74cc
[:slot1:storager] TEMPH  8073896.1us done-tail   alt=0 741e=2080 743a=7442 74b4=74cc 7462=0000 7a30=0101
[:slot1:storager] TEMPH  8073899.1us KICK-test   alt=0 741e=2080 743a=7442 74b4=74cc 7462=0000 7a30=0101
[:slot1:storager] TEMPH  8073899.9us KICK-test   alt=0 741e=2080 743a=7442 74b4=74cc 7462=0000 7a30=0101
[:slot1:storager] PATH  8073901.9us 8344     74b4=74cc 7968=0000 7b10=0000 796c=0000 79b8=0000 7a30=0101(hbit0=1) 7a64=0000 791a=0000
[:slot1:storager] TEMPH  8073901.9us KICK-TAKEN  alt=0 741e=2080 743a=7442 74b4=74cc 7462=0000 7a30=0101
[:slot1:storager] A30  8073902.3us [7a30] <= 0000 pc=00833c
[:slot1:storager] KICKREAL  8073902.3us old=0101 new=0000 [799a]=6e60 +20=8c27 b11=1 74b4=74cc 7454=0000 71b2=0001 7b0c=0000 uib20=8c27
[:slot1:storager] HI7A30  8073902.3us hi=00 lo=00 mask=ff00 pc=00833c 74b4=74cc
[:slot1:storager] CTX  8073902.3us [7a30] <= 0000 pc=00833c IPL=4  <-- IN ISR
[:slot1:storager] D3  8073904.5us ENT        [799a]=6e60 +20=8c27 b11=1 | [71bc]=71f0 +20=0000 b11=0 | 74b4=74cc 7454=0000 7462=0000 7a64=0000 71b2=0001 7b0c=0000 743a=7442
[:slot1:storager] D3  8073905.3us ENT2       [799a]=6e60 +20=8c27 b11=1 | [71bc]=71f0 +20=0000 b11=0 | 74b4=74cc 7454=0000 7462=0000 7a64=0000 71b2=0001 7b0c=0000 743a=7442
[:slot1:storager] TEMPH  8073911.5us 3DBC-guard  alt=0 741e=2080 743a=7442 74b4=74cc 7462=0000 7a30=0001
[:slot1:storager] TEMPH  8073912.7us 3DBC-guard  alt=0 741e=2080 743a=7442 74b4=74cc 7462=0000 7a30=0001
[:slot1:storager] TEMPH  8073915.1us 3DBC-PASSED alt=0 741e=2080 743a=7442 74b4=74cc 7462=0000 7a30=0001
[:slot1:storager] BSET  8073920.9us 3de2   hi=00 74b4=74cc 7a64=0000 7968=0000 7b10=0000 phase=0008 gate72a6=ffff
[:slot1:storager] D3  8073920.9us EMPTY      [799a]=6e60 +20=8c27 b11=1 | [71bc]=71f0 +20=0000 b11=0 | 74b4=74cc 7454=0000 7462=0000 7a64=0000 71b2=0001 7b0c=0000 743a=7442
[:slot1:storager] TEMPH  8073920.9us PARK-7a30   alt=0 741e=2080 743a=7442 74b4=74cc 7462=0000 7a30=0001
[:slot1:storager] D3  8073921.5us NONEMPTY   [799a]=6e60 +20=8c27 b11=1 | [71bc]=71f0 +20=0000 b11=0 | 74b4=74cc 7454=0000 7462=0000 7a64=0000 71b2=0001 7b0c=0000 743a=7442
[:slot1:storager] XSTATE  8073953.1us [74b4] <= 0000
[:slot1:storager] D3  8073956.9us BTST11     [799a]=6e60 +20=8c27 b11=1 | [71bc]=71f0 +20=0000 b11=0 | 74b4=0000 7454=0000 7462=0000 7a64=0000 71b2=0001 7b0c=0000 743a=7442
[:slot1:storager] D3  8073958.5us FREELIST   [799a]=6e60 +20=8c27 b11=1 | [71bc]=71f0 +20=0000 b11=0 | 74b4=0000 7454=0000 7462=0000 7a64=0000 71b2=0001 7b0c=0000 743a=7442
[:slot1:storager] D3  8073959.3us GO-3f1e    [799a]=6e60 +20=8c27 b11=1 | [71bc]=71f0 +20=0000 b11=0 | 74b4=0000 7454=0000 7462=0000 7a64=0000 71b2=0001 7b0c=0000 743a=7442
[:slot1:storager] TEMPH  8073966.5us CALL-3f36   alt=0 741e=2080 743a=7442 74b4=0000 7462=0000 7a30=0001
[:slot1:storager] TEMPH  8073968.7us sched       alt=0 741e=2080 743a=7442 74b4=0000 7462=0000 7a30=0001
[:slot1:storager] XSTATE  8073977.1us [7454] <= 0001
[:slot1:storager] I7462  8073978.7us [7462] <= 0001 pc=003aca
[:slot1:storager] XSTATE  8073985.3us [7a1a] <= 0101
[:slot1:storager] XSTATE  8074007.5us [743a] <= 7442
[:slot1:storager] I7462  8074009.5us [7462] <= 0000 pc=003b92
[:slot1:storager] TEMPH  8074012.5us xferset     alt=0 741e=2080 743a=7442 74b4=0000 7462=0000 7a30=0001
[:slot1:storager] PIT  8074021.3us ff8006 <= 7a7a mask=ff00 pc=003cde
[:slot1:storager] PIT  8074024.1us ff8002 <= 1111 mask=ff00 pc=003cec
[:slot1:storager] PIT  8074027.1us ff8002 <= 0000 mask=ff00 pc=003cf0
[:slot1:storager] PIT  8074029.9us ff8004 <= 7d7d mask=ff00 pc=003cf8
[:slot1:storager] PIT  8074032.9us ff8004 <= 0000 mask=ff00 pc=003cfc
[:slot1:storager] XSTATE  8074039.3us [7454] <= 0001
[:slot1:storager] E800b12  8074056.7us rise e800=3a1d d000=2040 c000=0fc2dd c000v=1 pc=003d46
[:slot1:storager] TEMPDMA data local=4080 host=0fc2dd len=128 st=81 host[............]
[:slot1:storager] PATH  8074152.9us 3bfe     74b4=0000 7968=0000 7b10=0000 796c=0000 79b8=0000 7a30=0001(hbit0=0) 7a64=0000 791a=0000
[:slot1:storager] TEMPH  8074162.1us 3DBC-BAILED alt=0 741e=2080 743a=7442 74b4=0000 7462=0000 7a30=0001
[:slot1:storager] PATH  8074170.7us 3f68     74b4=0000 7968=0000 7b10=0000 796c=0000 79b8=0000 7a30=0001(hbit0=0) 7a64=0000 791a=0000
[:slot1:storager] D3  8074172.1us AFTER-KICK [799a]=6e60 +20=8c27 b11=1 | [71bc]=71f0 +20=0000 b11=0 | 74b4=0000 7454=0001 7462=0000 7a64=0000 71b2=0001 7b0c=0000 743a=7442
[:slot1:storager] PATH  8074186.5us 3bfe     74b4=0000 7968=0000 7b10=0000 796c=0000 79b8=0000 7a30=0001(hbit0=0) 7a64=0000 791a=0000
[:slot1:storager] XSTATE  8074208.9us [7a1a] <= 0000
[:slot1:storager] PATH  8074217.5us 3f68     74b4=0000 7968=0000 7b10=0000 796c=0000 79b8=0000 7a30=0001(hbit0=0) 7a64=0000 791a=0000
[:slot1:storager] XSTATE  8074222.9us [7454] <= 0000
[:slot1:storager] BSET  8074231.9us 400c   hi=00 74b4=0000 7a64=0000 7968=0000 7b10=0000 phase=0008 gate72a6=ffff
[:slot1:storager] A30  8074234.3us [7a30] <= 0101 pc=00400c
[:slot1:storager] HI7A30  8074234.3us hi=01 lo=01 mask=ff00 pc=00400c 74b4=0000
[:slot1:storager] CTX  8074234.3us [7a30] <= 0101 pc=00400c IPL=7  <-- IN ISR
[:slot1:storager] D3  8074257.3us ALT-4062   [799a]=6e60 +20=8c27 b11=1 | [71bc]=71f0 +20=0000 b11=0 | 74b4=0000 7454=0000 7462=0000 7a64=0000 71b2=0001 7b0c=0000 743a=7442
[:slot1:storager] TICK  8074287.5us head[736c]=7360 [736e]=7360 [7370]=730c [7b12]=0000 [7a36]=0001 [7a38]=0000
[:slot1:storager] TEMPH  8074297.1us xferset     alt=0 741e=2080 743a=7442 74b4=0000 7462=0000 7a30=0101
[:slot1:storager] TEMPH  8075600.7us verify      alt=1 741e=2080 743a=7442 74b4=0000 7462=0000 7a30=0101
[:slot1:storager] CNT  8075615.1us [79a4] <= 00ff pc=008a3c
[:slot1:storager] TEMPC800 cell[1f] <= 0000 pc=0088d4
[:slot1:storager] TEMPPROG start: 16 descriptors (port$3F pushes=8) [7abc]=0008: (00,17) (00,1c) (00,1d) (00,1d) (00,3f) (00,3f) (01,01) (01,1f) (3f,3f) (3f,3f) (3f,3f) (3f,3f) (3f,3f) (3f,3f) (3f,3f) (3f,3f) 
[:slot1:storager] TEMPC800 cell[00] <= 2080 pc=00899a
[:slot1:storager] TEMPH  8075707.1us verify      alt=0 741e=2080 743a=7442 74b4=0000 7462=0000 7a30=0101
[:slot1:storager] TEMPH  8077995.9us setup       alt=1 741e=2080 743a=7442 74b4=0000 7462=0000 7a30=0101
[:slot1:storager] XSTATE  8078045.7us [741c] <= 0001
[:slot1:storager] PHASE  8078045.7us [741c] <= 0001 pc=007d5c
[:slot1:storager] CTX  8078045.7us [741c] <= 0001 pc=007d5c IPL=7  <-- IN ISR
[:slot1:storager] CNT  8078051.5us [79a4] <= 00fe pc=007d9c
[:slot1:storager] TEMPC800 cell[1f] <= 0000 pc=0088d4
[:slot1:storager] TEMPPROG start: 16 descriptors (port$3F pushes=8) [7abc]=0008: (00,17) (00,1c) (00,1d) (00,1d) (00,3f) (00,3f) (01,01) (01,1f) (3f,3f) (3f,3f) (3f,3f) (3f,3f) (3f,3f) (3f,3f) (3f,3f) (3f,3f) 
[:slot1:storager] TEMPC800 cell[00] <= 2080 pc=00899a
[:slot1:storager] TEMPH  8078141.7us verify      alt=0 741e=2080 743a=7442 74b4=0000 7462=0000 7a30=0101
[:slot1:storager] TEMPSTAGE sec=5 R=06 -> chunk=4100 | accepted[7428]=0006 ptr[741e]=2080 pool[74ac]=74dc remain[7956]=0005 | 796a=0001 7958=00000000 ledger[7654+01]=c0
[:slot1:storager] TEMPH  8086430.9us setup       alt=1 741e=2080 743a=7442 74b4=0000 7462=0000 7a30=0101
[:slot1:storager] XSTATE  8086480.7us [741c] <= 0001
[:slot1:storager] PHASE  8086480.7us [741c] <= 0001 pc=007d5c
[:slot1:storager] CTX  8086480.7us [741c] <= 0001 pc=007d5c IPL=7  <-- IN ISR
[:slot1:storager] CNT  8086486.5us [79a4] <= 00fd pc=007d9c
[:slot1:storager] TEMPC800 cell[1f] <= 0000 pc=0088d4
[:slot1:storager] TEMPPROG start: 16 descriptors (port$3F pushes=8) [7abc]=0008: (00,17) (00,1c) (00,1d) (00,1d) (00,3f) (00,3f) (01,01) (01,1f) (3f,3f) (3f,3f) (3f,3f) (3f,3f) (3f,3f) (3f,3f) (3f,3f) (3f,3f) 
[:slot1:storager] TEMPC800 cell[00] <= 2080 pc=00899a
[:slot1:storager] TEMPH  8086576.7us verify      alt=0 741e=2080 743a=7442 74b4=0000 7462=0000 7a30=0101
[:slot1:storager] TEMPH  8088464.7us verify      alt=1 741e=2080 743a=7442 74b4=0000 7462=0000 7a30=0101
[:slot1:storager] CNT  8088479.1us [79a4] <= 00fc pc=008a3c
[:slot1:storager] TEMPC800 cell[1f] <= 0000 pc=0088d4
[:slot1:storager] TEMPPROG start: 16 descriptors (port$3F pushes=8) [7abc]=0008: (00,17) (00,1c) (00,1d) (00,1d) (00,3f) (00,3f) (01,01) (01,1f) (3f,3f) (3f,3f) (3f,3f) (3f,3f) (3f,3f) (3f,3f) (3f,3f) (3f,3f) 
[:slot1:storager] TEMPC800 cell[00] <= 2080 pc=00899a
[:slot1:storager] TEMPH  8088571.1us verify      alt=0 741e=2080 743a=7442 74b4=0000 7462=0000 7a30=0101
[:slot1:storager] TICK  8088945.5us head[736c]=7360 [736e]=7360 [7370]=730c [7b12]=0000 [7a36]=0001 [7a38]=0000
[:slot1:storager] PIT  8088966.5us ff8000 <= ffff mask=00ff pc=002bc4
[:slot1:storager] TEMPH  8090460.9us setup       alt=1 741e=2080 743a=7442 74b4=0000 7462=0000 7a30=0101
[:slot1:storager] ACCEPT  8090503.3us [7428] <= 0007 pc=007e0a
[:slot1:storager] CTX  8090503.3us [7428] <= 0007 pc=007e0a IPL=7  <-- IN ISR
[:slot1:storager] CNT  8090505.3us [79a4] <= 0100 pc=007e0e
[:slot1:storager] SCAN  8090515.7us halted at pos=8   (byte ff) [7956]=0005 | ledger: c0 c0 aa c0 aa c0 aa ff ff fe fe fe fe fe fe fe fe fe fe fe fe fe fe fe fe fe aa c0 c0 c0 
[:slot1:storager] REMAIN  8090523.5us [7956] <= 0004 pc=007ebe
[:slot1:storager] POOL  8090550.3us [74ac] <= 74e4 pc=003302
[:slot1:storager] CTX  8090550.3us [74ac] <= 74e4 pc=003302 IPL=7  <-- IN ISR
[:slot1:storager] CTX  8090586.7us [7424] <= 0003 pc=007efe IPL=7  <-- IN ISR
[:slot1:storager] BUFPTR  8090595.5us [741e] <= 20c0 (byte 4180) pc=007f10
[:slot1:storager] CTX  8090595.5us [741e] <= 20c0 pc=007f10 IPL=7  <-- IN ISR
[:slot1:storager] XSTATE  8090597.1us [741c] <= 0001
[:slot1:storager] PHASE  8090597.1us [741c] <= 0001 pc=007f14
[:slot1:storager] CTX  8090597.1us [741c] <= 0001 pc=007f14 IPL=7  <-- IN ISR
[:slot1:storager] TEMPSTAGE sec=6 R=07 -> chunk=4100 | accepted[7428]=0007 ptr[741e]=20c0 pool[74ac]=74e4 remain[7956]=0004 | 796a=0001 7958=00000000 ledger[7654+01]=c0
[:slot1:storager] TEMPH  8099258.7us done        alt=0 741e=20c0 743a=7442 74b4=0000 7462=0000 7a30=0101
[:slot1:storager] TEMPC800 cell[00] <= 20c0 pc=008022
[:slot1:storager] ACCEPT  8099300.3us [7428] <= 0008 pc=00810e
[:slot1:storager] CTX  8099300.3us [7428] <= 0008 pc=00810e IPL=7  <-- IN ISR
[:slot1:storager] AABOUND UIB+00..0f: 02 10 80 00 07 07 01 08 02 01 00 01 00 00 00 00 
[:slot1:storager] AABOUND ledger[0..31]: c0 c0 aa c0 aa c0 aa ff ff fe fe fe fe fe fe fe fe fe fe fe fe fe fe fe fe fe aa c0 c0 c0 c0 c0 
[:slot1:storager] LEDGER  8099305.1us [765c] pos=8   <= aa  <=== 0xAA BOUNDARY | [7954]=0001 node=6e60 n+1=10 [7956]=0004 [7abc]=0008 pc=008120
[:slot1:storager] SLIDEAA  8099305.1us stake[765b]=c0 -> next[765c]<=aa pc=008120 remain=0004
[:slot1:storager] PATH  8099340.1us 81f8     74b4=0000 7968=0000 7b10=0000 796c=0000 79b8=0000 7a30=0101(hbit0=1) 7a64=0000 791a=0000
[:slot1:storager] XSTATE  8099341.7us [74b4] <= 74d4
[:slot1:storager] TEMPH  8099354.1us done-tail   alt=0 741e=20c0 743a=7442 74b4=74d4 7462=0000 7a30=0101
[:slot1:storager] TEMPH  8099357.1us KICK-test   alt=0 741e=20c0 743a=7442 74b4=74d4 7462=0000 7a30=0101
[:slot1:storager] TEMPH  8099357.9us KICK-test   alt=0 741e=20c0 743a=7442 74b4=74d4 7462=0000 7a30=0101
[:slot1:storager] PATH  8099359.9us 8344     74b4=74d4 7968=0000 7b10=0000 796c=0000 79b8=0000 7a30=0101(hbit0=1) 7a64=0000 791a=0000
[:slot1:storager] TEMPH  8099359.9us KICK-TAKEN  alt=0 741e=20c0 743a=7442 74b4=74d4 7462=0000 7a30=0101
[:slot1:storager] A30  8099360.3us [7a30] <= 0000 pc=00833c
[:slot1:storager] KICKREAL  8099360.3us old=0101 new=0000 [799a]=6e60 +20=8c27 b11=1 74b4=74d4 7454=0000 71b2=0001 7b0c=0000 uib20=8c27
[:slot1:storager] HI7A30  8099360.3us hi=00 lo=00 mask=ff00 pc=00833c 74b4=74d4
[:slot1:storager] CTX  8099360.3us [7a30] <= 0000 pc=00833c IPL=4  <-- IN ISR
[:slot1:storager] D3  8099362.5us ENT        [799a]=6e60 +20=8c27 b11=1 | [71bc]=71f0 +20=0000 b11=0 | 74b4=74d4 7454=0000 7462=0000 7a64=0000 71b2=0001 7b0c=0000 743a=7442
[:slot1:storager] D3  8099363.3us ENT2       [799a]=6e60 +20=8c27 b11=1 | [71bc]=71f0 +20=0000 b11=0 | 74b4=74d4 7454=0000 7462=0000 7a64=0000 71b2=0001 7b0c=0000 743a=7442
[:slot1:storager] TEMPH  8099369.5us 3DBC-guard  alt=0 741e=20c0 743a=7442 74b4=74d4 7462=0000 7a30=0001
[:slot1:storager] TEMPH  8099370.7us 3DBC-guard  alt=0 741e=20c0 743a=7442 74b4=74d4 7462=0000 7a30=0001
[:slot1:storager] TEMPH  8099373.1us 3DBC-PASSED alt=0 741e=20c0 743a=7442 74b4=74d4 7462=0000 7a30=0001
[:slot1:storager] BSET  8099378.9us 3de2   hi=00 74b4=74d4 7a64=0000 7968=0000 7b10=0000 phase=0008 gate72a6=ffff
[:slot1:storager] D3  8099378.9us EMPTY      [799a]=6e60 +20=8c27 b11=1 | [71bc]=71f0 +20=0000 b11=0 | 74b4=74d4 7454=0000 7462=0000 7a64=0000 71b2=0001 7b0c=0000 743a=7442
[:slot1:storager] TEMPH  8099378.9us PARK-7a30   alt=0 741e=20c0 743a=7442 74b4=74d4 7462=0000 7a30=0001
[:slot1:storager] D3  8099379.5us NONEMPTY   [799a]=6e60 +20=8c27 b11=1 | [71bc]=71f0 +20=0000 b11=0 | 74b4=74d4 7454=0000 7462=0000 7a64=0000 71b2=0001 7b0c=0000 743a=7442
[:slot1:storager] XSTATE  8099411.1us [74b4] <= 0000
[:slot1:storager] D3  8099414.9us BTST11     [799a]=6e60 +20=8c27 b11=1 | [71bc]=71f0 +20=0000 b11=0 | 74b4=0000 7454=0000 7462=0000 7a64=0000 71b2=0001 7b0c=0000 743a=7442
[:slot1:storager] D3  8099416.5us FREELIST   [799a]=6e60 +20=8c27 b11=1 | [71bc]=71f0 +20=0000 b11=0 | 74b4=0000 7454=0000 7462=0000 7a64=0000 71b2=0001 7b0c=0000 743a=7442
[:slot1:storager] D3  8099417.3us GO-3f1e    [799a]=6e60 +20=8c27 b11=1 | [71bc]=71f0 +20=0000 b11=0 | 74b4=0000 7454=0000 7462=0000 7a64=0000 71b2=0001 7b0c=0000 743a=7442
[:slot1:storager] TEMPH  8099424.5us CALL-3f36   alt=0 741e=20c0 743a=7442 74b4=0000 7462=0000 7a30=0001
[:slot1:storager] TEMPH  8099426.7us sched       alt=0 741e=20c0 743a=7442 74b4=0000 7462=0000 7a30=0001
[:slot1:storager] XSTATE  8099435.1us [7454] <= 0001
[:slot1:storager] I7462  8099436.7us [7462] <= 0001 pc=003aca
[:slot1:storager] XSTATE  8099443.3us [7a1a] <= 0101
[:slot1:storager] XSTATE  8099465.5us [743a] <= 7442
[:slot1:storager] I7462  8099467.5us [7462] <= 0000 pc=003b92
[:slot1:storager] TEMPH  8099470.5us xferset     alt=0 741e=20c0 743a=7442 74b4=0000 7462=0000 7a30=0001
[:slot1:storager] PIT  8099479.3us ff8006 <= 7a7a mask=ff00 pc=003cde
[:slot1:storager] PIT  8099482.1us ff8002 <= 1111 mask=ff00 pc=003cec
[:slot1:storager] PIT  8099485.1us ff8002 <= 0000 mask=ff00 pc=003cf0
[:slot1:storager] PIT  8099487.9us ff8004 <= 7d7d mask=ff00 pc=003cf8
[:slot1:storager] PIT  8099490.9us ff8004 <= 0000 mask=ff00 pc=003cfc
[:slot1:storager] XSTATE  8099497.3us [7454] <= 0001
[:slot1:storager] E800b12  8099514.7us rise e800=3a1d d000=2080 c000=0fc3dd c000v=1 pc=003d46
[:slot1:storager] TEMPDMA data local=4100 host=0fc3dd len=128 st=81 host[VOL1SINIX0  ]
[:slot1:storager] PATH  8099610.9us 3bfe     74b4=0000 7968=0000 7b10=0000 796c=0000 79b8=0000 7a30=0001(hbit0=0) 7a64=0000 791a=0000
[:slot1:storager] TEMPH  8099620.1us 3DBC-BAILED alt=0 741e=20c0 743a=7442 74b4=0000 7462=0000 7a30=0001
[:slot1:storager] PATH  8099628.7us 3f68     74b4=0000 7968=0000 7b10=0000 796c=0000 79b8=0000 7a30=0001(hbit0=0) 7a64=0000 791a=0000
[:slot1:storager] D3  8099630.1us AFTER-KICK [799a]=6e60 +20=8c27 b11=1 | [71bc]=71f0 +20=0000 b11=0 | 74b4=0000 7454=0001 7462=0000 7a64=0000 71b2=0001 7b0c=0000 743a=7442
[:slot1:storager] PATH  8099644.5us 3bfe     74b4=0000 7968=0000 7b10=0000 796c=0000 79b8=0000 7a30=0001(hbit0=0) 7a64=0000 791a=0000
[:slot1:storager] XSTATE  8099666.9us [7a1a] <= 0000
[:slot1:storager] PATH  8099675.5us 3f68     74b4=0000 7968=0000 7b10=0000 796c=0000 79b8=0000 7a30=0001(hbit0=0) 7a64=0000 791a=0000
[:slot1:storager] XSTATE  8099680.9us [7454] <= 0000
[:slot1:storager] BSET  8099689.9us 400c   hi=00 74b4=0000 7a64=0000 7968=0000 7b10=0000 phase=0008 gate72a6=ffff
[:slot1:storager] A30  8099692.3us [7a30] <= 0101 pc=00400c
[:slot1:storager] HI7A30  8099692.3us hi=01 lo=01 mask=ff00 pc=00400c 74b4=0000
[:slot1:storager] CTX  8099692.3us [7a30] <= 0101 pc=00400c IPL=7  <-- IN ISR
[:slot1:storager] D3  8099715.3us ALT-4062   [799a]=6e60 +20=8c27 b11=1 | [71bc]=71f0 +20=0000 b11=0 | 74b4=0000 7454=0000 7462=0000 7a64=0000 71b2=0001 7b0c=0000 743a=7442
[:slot1:storager] TICK  8099745.5us head[736c]=7360 [736e]=7360 [7370]=730c [7b12]=0000 [7a36]=0001 [7a38]=0000
[:slot1:storager] TEMPH  8099755.1us xferset     alt=0 741e=20c0 743a=7442 74b4=0000 7462=0000 7a30=0101
[:slot1:storager] TEMPH  8101458.7us verify      alt=1 741e=20c0 743a=7442 74b4=0000 7462=0000 7a30=0101
[:slot1:storager] CNT  8101473.1us [79a4] <= 00ff pc=008a3c
[:slot1:storager] TEMPC800 cell[1f] <= 0000 pc=0088d4
[:slot1:storager] TEMPPROG start: 16 descriptors (port$3F pushes=8) [7abc]=0008: (00,17) (00,1c) (00,1d) (00,1d) (00,3f) (00,3f) (01,01) (01,1f) (3f,3f) (3f,3f) (3f,3f) (3f,3f) (3f,3f) (3f,3f) (3f,3f) (3f,3f) 
[:slot1:storager] TEMPC800 cell[00] <= 20c0 pc=00899a
[:slot1:storager] TEMPH  8101565.1us verify      alt=0 741e=20c0 743a=7442 74b4=0000 7462=0000 7a30=0101
[:slot1:storager] TEMPH  8103254.9us setup       alt=1 741e=20c0 743a=7442 74b4=0000 7462=0000 7a30=0101
[:slot1:storager] XSTATE  8103304.7us [741c] <= 0001
[:slot1:storager] PHASE  8103304.7us [741c] <= 0001 pc=007d5c
[:slot1:storager] CTX  8103304.7us [741c] <= 0001 pc=007d5c IPL=7  <-- IN ISR
[:slot1:storager] CNT  8103310.5us [79a4] <= 00fe pc=007d9c
[:slot1:storager] TEMPC800 cell[1f] <= 0000 pc=0088d4
[:slot1:storager] TEMPPROG start: 16 descriptors (port$3F pushes=8) [7abc]=0008: (00,17) (00,1c) (00,1d) (00,1d) (00,3f) (00,3f) (01,01) (01,1f) (3f,3f) (3f,3f) (3f,3f) (3f,3f) (3f,3f) (3f,3f) (3f,3f) (3f,3f) 
[:slot1:storager] TEMPC800 cell[00] <= 20c0 pc=00899a
[:slot1:storager] TEMPH  8103400.7us verify      alt=0 741e=20c0 743a=7442 74b4=0000 7462=0000 7a30=0101
[:slot1:storager] TEMPSTAGE sec=7 R=08 -> chunk=4180 | accepted[7428]=0008 ptr[741e]=20c0 pool[74ac]=74e4 remain[7956]=0004 | 796a=0001 7958=00000000 ledger[7654+01]=c0
[:slot1:storager] TEMPH  8112088.9us setup       alt=1 741e=20c0 743a=7442 74b4=0000 7462=0000 7a30=0101
[:slot1:storager] XSTATE  8112138.7us [741c] <= 0001
[:slot1:storager] PHASE  8112138.7us [741c] <= 0001 pc=007d5c
[:slot1:storager] CTX  8112138.7us [741c] <= 0001 pc=007d5c IPL=7  <-- IN ISR
[:slot1:storager] CNT  8112144.5us [79a4] <= 00fd pc=007d9c
[:slot1:storager] TEMPC800 cell[1f] <= 0000 pc=0088d4
[:slot1:storager] TEMPPROG start: 16 descriptors (port$3F pushes=8) [7abc]=0008: (00,17) (00,1c) (00,1d) (00,1d) (00,3f) (00,3f) (01,01) (01,1f) (3f,3f) (3f,3f) (3f,3f) (3f,3f) (3f,3f) (3f,3f) (3f,3f) (3f,3f) 
[:slot1:storager] TEMPC800 cell[00] <= 20c0 pc=00899a
[:slot1:storager] TEMPH  8112234.7us verify      alt=0 741e=20c0 743a=7442 74b4=0000 7462=0000 7a30=0101
[:slot1:storager] TEMPH  8114122.7us verify      alt=1 741e=20c0 743a=7442 74b4=0000 7462=0000 7a30=0101
[:slot1:storager] CNT  8114137.1us [79a4] <= 00fc pc=008a3c
[:slot1:storager] TEMPC800 cell[1f] <= 0000 pc=0088d4
[:slot1:storager] TEMPPROG start: 16 descriptors (port$3F pushes=8) [7abc]=0008: (00,17) (00,1c) (00,1d) (00,1d) (00,3f) (00,3f) (01,01) (01,1f) (3f,3f) (3f,3f) (3f,3f) (3f,3f) (3f,3f) (3f,3f) (3f,3f) (3f,3f) 
[:slot1:storager] TEMPC800 cell[00] <= 20c0 pc=00899a
[:slot1:storager] TEMPH  8114229.1us verify      alt=0 741e=20c0 743a=7442 74b4=0000 7462=0000 7a30=0101
[:slot1:storager] TICK  8115044.5us head[736c]=7360 [736e]=7360 [7370]=730c [7b12]=0000 [7a36]=0001 [7a38]=0000
[:slot1:storager] PIT  8115065.5us ff8000 <= ffff mask=00ff pc=002bc4
[:slot1:storager] TEMPH  8116317.9us setup       alt=1 741e=20c0 743a=7442 74b4=0000 7462=0000 7a30=0101
[:slot1:storager] XSTATE  8116367.7us [741c] <= 0001
[:slot1:storager] PHASE  8116367.7us [741c] <= 0001 pc=007d5c
[:slot1:storager] CTX  8116367.7us [741c] <= 0001 pc=007d5c IPL=7  <-- IN ISR
[:slot1:storager] CNT  8116373.5us [79a4] <= 00fb pc=007d9c
[:slot1:storager] TEMPC800 cell[1f] <= 0000 pc=0088d4
[:slot1:storager] TEMPPROG start: 16 descriptors (port$3F pushes=8) [7abc]=0008: (00,17) (00,1c) (00,1d) (00,1d) (00,3f) (00,3f) (01,01) (01,1f) (3f,3f) (3f,3f) (3f,3f) (3f,3f) (3f,3f) (3f,3f) (3f,3f) (3f,3f) 
[:slot1:storager] TEMPC800 cell[00] <= 20c0 pc=00899a
[:slot1:storager] TEMPH  8116463.7us verify      alt=0 741e=20c0 743a=7442 74b4=0000 7462=0000 7a30=0101
[:slot1:storager] TEMPSTAGE sec=8 R=09 -> chunk=4180 | accepted[7428]=0008 ptr[741e]=20c0 pool[74ac]=74e4 remain[7956]=0004 | 796a=0001 7958=00000000 ledger[7654+01]=c0
[:slot1:storager] TEMPH  8124951.9us setup       alt=1 741e=20c0 743a=7442 74b4=0000 7462=0000 7a30=0101
[:slot1:storager] XSTATE  8125001.7us [741c] <= 0001
[:slot1:storager] PHASE  8125001.7us [741c] <= 0001 pc=007d5c
[:slot1:storager] CTX  8125001.7us [741c] <= 0001 pc=007d5c IPL=7  <-- IN ISR
[:slot1:storager] CNT  8125007.5us [79a4] <= 00fa pc=007d9c
[:slot1:storager] TEMPC800 cell[1f] <= 0000 pc=0088d4
[:slot1:storager] TEMPPROG start: 16 descriptors (port$3F pushes=8) [7abc]=0008: (00,17) (00,1c) (00,1d) (00,1d) (00,3f) (00,3f) (01,01) (01,1f) (3f,3f) (3f,3f) (3f,3f) (3f,3f) (3f,3f) (3f,3f) (3f,3f) (3f,3f) 
[:slot1:storager] TEMPC800 cell[00] <= 20c0 pc=00899a
[:slot1:storager] TEMPH  8125097.7us verify      alt=0 741e=20c0 743a=7442 74b4=0000 7462=0000 7a30=0101
[:slot1:storager] TEMPH  8126985.7us verify      alt=1 741e=20c0 743a=7442 74b4=0000 7462=0000 7a30=0101
[:slot1:storager] CNT  8127000.1us [79a4] <= 00f9 pc=008a3c
[:slot1:storager] TEMPC800 cell[1f] <= 0000 pc=0088d4
[:slot1:storager] TEMPPROG start: 16 descriptors (port$3F pushes=8) [7abc]=0008: (00,17) (00,1c) (00,1d) (00,1d) (00,3f) (00,3f) (01,01) (01,1f) (3f,3f) (3f,3f) (3f,3f) (3f,3f) (3f,3f) (3f,3f) (3f,3f) (3f,3f) 
[:slot1:storager] TEMPC800 cell[00] <= 20c0 pc=00899a
[:slot1:storager] TEMPH  8127092.1us verify      alt=0 741e=20c0 743a=7442 74b4=0000 7462=0000 7a30=0101
[:slot1:storager] TEMPH  8128980.9us setup       alt=1 741e=20c0 743a=7442 74b4=0000 7462=0000 7a30=0101
[:slot1:storager] XSTATE  8129030.7us [741c] <= 0001
[:slot1:storager] PHASE  8129030.7us [741c] <= 0001 pc=007d5c
[:slot1:storager] CTX  8129030.7us [741c] <= 0001 pc=007d5c IPL=7  <-- IN ISR
[:slot1:storager] CNT  8129036.5us [79a4] <= 00f8 pc=007d9c
[:slot1:storager] TEMPC800 cell[1f] <= 0000 pc=0088d4
[:slot1:storager] TEMPPROG start: 16 descriptors (port$3F pushes=8) [7abc]=0008: (00,17) (00,1c) (00,1d) (00,1d) (00,3f) (00,3f) (01,01) (01,1f) (3f,3f) (3f,3f) (3f,3f) (3f,3f) (3f,3f) (3f,3f) (3f,3f) (3f,3f) 
[:slot1:storager] TEMPC800 cell[00] <= 20c0 pc=00899a
[:slot1:storager] TEMPH  8129126.7us verify      alt=0 741e=20c0 743a=7442 74b4=0000 7462=0000 7a30=0101
[:slot1:storager] TEMPSTAGE sec=9 R=0a -> chunk=4180 | accepted[7428]=0008 ptr[741e]=20c0 pool[74ac]=74e4 remain[7956]=0004 | 796a=0001 7958=00000000 ledger[7654+01]=c0
[:slot1:storager] TEMPH  8137814.9us setup       alt=1 741e=20c0 743a=7442 74b4=0000 7462=0000 7a30=0101
[:slot1:storager] XSTATE  8137864.7us [741c] <= 0001
[:slot1:storager] PHASE  8137864.7us [741c] <= 0001 pc=007d5c
[:slot1:storager] CTX  8137864.7us [741c] <= 0001 pc=007d5c IPL=7  <-- IN ISR
[:slot1:storager] CNT  8137870.5us [79a4] <= 00f7 pc=007d9c
[:slot1:storager] TEMPC800 cell[1f] <= 0000 pc=0088d4
[:slot1:storager] TEMPPROG start: 16 descriptors (port$3F pushes=8) [7abc]=0008: (00,17) (00,1c) (00,1d) (00,1d) (00,3f) (00,3f) (01,01) (01,1f) (3f,3f) (3f,3f) (3f,3f) (3f,3f) (3f,3f) (3f,3f) (3f,3f) (3f,3f) 
[:slot1:storager] TEMPC800 cell[00] <= 20c0 pc=00899a
[:slot1:storager] TEMPH  8137960.7us verify      alt=0 741e=20c0 743a=7442 74b4=0000 7462=0000 7a30=0101
[:slot1:storager] TEMPH  8139848.7us verify      alt=1 741e=20c0 743a=7442 74b4=0000 7462=0000 7a30=0101
[:slot1:storager] CNT  8139863.1us [79a4] <= 00f6 pc=008a3c
[:slot1:storager] TEMPC800 cell[1f] <= 0000 pc=0088d4
[:slot1:storager] TEMPPROG start: 16 descriptors (port$3F pushes=8) [7abc]=0008: (00,17) (00,1c) (00,1d) (00,1d) (00,3f) (00,3f) (01,01) (01,1f) (3f,3f) (3f,3f) (3f,3f) (3f,3f) (3f,3f) (3f,3f) (3f,3f) (3f,3f) 
[:slot1:storager] TEMPC800 cell[00] <= 20c0 pc=00899a
[:slot1:storager] TEMPH  8139955.1us verify      alt=0 741e=20c0 743a=7442 74b4=0000 7462=0000 7a30=0101
[:slot1:storager] TICK  8141160.5us head[736c]=7360 [736e]=7360 [7370]=730c [7b12]=0000 [7a36]=0001 [7a38]=0000
[:slot1:storager] PIT  8141181.5us ff8000 <= ffff mask=00ff pc=002bc4
[:slot1:storager] TEMPH  8141844.9us setup       alt=1 741e=20c0 743a=7442 74b4=0000 7462=0000 7a30=0101
[:slot1:storager] XSTATE  8141894.7us [741c] <= 0001
[:slot1:storager] PHASE  8141894.7us [741c] <= 0001 pc=007d5c
[:slot1:storager] CTX  8141894.7us [741c] <= 0001 pc=007d5c IPL=7  <-- IN ISR
[:slot1:storager] CNT  8141900.5us [79a4] <= 00f5 pc=007d9c
[:slot1:storager] TEMPC800 cell[1f] <= 0000 pc=0088d4
[:slot1:storager] TEMPPROG start: 16 descriptors (port$3F pushes=8) [7abc]=0008: (00,17) (00,1c) (00,1d) (00,1d) (00,3f) (00,3f) (01,01) (01,1f) (3f,3f) (3f,3f) (3f,3f) (3f,3f) (3f,3f) (3f,3f) (3f,3f) (3f,3f) 
[:slot1:storager] TEMPC800 cell[00] <= 20c0 pc=00899a
[:slot1:storager] TEMPH  8141990.7us verify      alt=0 741e=20c0 743a=7442 74b4=0000 7462=0000 7a30=0101
[:slot1:storager] TEMPSTAGE sec=10 R=0b -> chunk=4180 | accepted[7428]=0008 ptr[741e]=20c0 pool[74ac]=74e4 remain[7956]=0004 | 796a=0001 7958=00000000 ledger[7654+01]=c0
[:slot1:storager] TEMPH  8150679.9us setup       alt=1 741e=20c0 743a=7442 74b4=0000 7462=0000 7a30=0101
[:slot1:storager] XSTATE  8150729.7us [741c] <= 0001
[:slot1:storager] PHASE  8150729.7us [741c] <= 0001 pc=007d5c
[:slot1:storager] CTX  8150729.7us [741c] <= 0001 pc=007d5c IPL=7  <-- IN ISR
[:slot1:storager] CNT  8150735.5us [79a4] <= 00f4 pc=007d9c
[:slot1:storager] TEMPC800 cell[1f] <= 0000 pc=0088d4
[:slot1:storager] TEMPPROG start: 16 descriptors (port$3F pushes=8) [7abc]=0008: (00,17) (00,1c) (00,1d) (00,1d) (00,3f) (00,3f) (01,01) (01,1f) (3f,3f) (3f,3f) (3f,3f) (3f,3f) (3f,3f) (3f,3f) (3f,3f) (3f,3f) 
[:slot1:storager] TEMPC800 cell[00] <= 20c0 pc=00899a
[:slot1:storager] TEMPH  8150825.7us verify      alt=0 741e=20c0 743a=7442 74b4=0000 7462=0000 7a30=0101
[:slot1:storager] TEMPH  8152712.7us verify      alt=1 741e=20c0 743a=7442 74b4=0000 7462=0000 7a30=0101
[:slot1:storager] CNT  8152727.1us [79a4] <= 00f3 pc=008a3c
[:slot1:storager] TEMPC800 cell[1f] <= 0000 pc=0088d4
[:slot1:storager] TEMPPROG start: 16 descriptors (port$3F pushes=8) [7abc]=0008: (00,17) (00,1c) (00,1d) (00,1d) (00,3f) (00,3f) (01,01) (01,1f) (3f,3f) (3f,3f) (3f,3f) (3f,3f) (3f,3f) (3f,3f) (3f,3f) (3f,3f) 
[:slot1:storager] TEMPC800 cell[00] <= 20c0 pc=00899a
[:slot1:storager] TEMPH  8152819.1us verify      alt=0 741e=20c0 743a=7442 74b4=0000 7462=0000 7a30=0101
[:slot1:storager] TEMPH  8154707.9us setup       alt=1 741e=20c0 743a=7442 74b4=0000 7462=0000 7a30=0101
[:slot1:storager] XSTATE  8154757.7us [741c] <= 0001
[:slot1:storager] PHASE  8154757.7us [741c] <= 0001 pc=007d5c
[:slot1:storager] CTX  8154757.7us [741c] <= 0001 pc=007d5c IPL=7  <-- IN ISR
[:slot1:storager] CNT  8154763.5us [79a4] <= 00f2 pc=007d9c
[:slot1:storager] TEMPC800 cell[1f] <= 0000 pc=0088d4
[:slot1:storager] TEMPPROG start: 16 descriptors (port$3F pushes=8) [7abc]=0008: (00,17) (00,1c) (00,1d) (00,1d) (00,3f) (00,3f) (01,01) (01,1f) (3f,3f) (3f,3f) (3f,3f) (3f,3f) (3f,3f) (3f,3f) (3f,3f) (3f,3f) 
[:slot1:storager] TEMPC800 cell[00] <= 20c0 pc=00899a
[:slot1:storager] TEMPH  8154853.7us verify      alt=0 741e=20c0 743a=7442 74b4=0000 7462=0000 7a30=0101
[:slot1:storager] TEMPSTAGE sec=11 R=0c -> chunk=4180 | accepted[7428]=0008 ptr[741e]=20c0 pool[74ac]=74e4 remain[7956]=0004 | 796a=0001 7958=00000000 ledger[7654+01]=c0
[:slot1:storager] TEMPH  8163743.9us setup       alt=1 741e=20c0 743a=7442 74b4=0000 7462=0000 7a30=0101
[:slot1:storager] XSTATE  8163793.7us [741c] <= 0001
[:slot1:storager] PHASE  8163793.7us [741c] <= 0001 pc=007d5c
[:slot1:storager] CTX  8163793.7us [741c] <= 0001 pc=007d5c IPL=7  <-- IN ISR
[:slot1:storager] CNT  8163799.5us [79a4] <= 00f1 pc=007d9c
[:slot1:storager] TEMPC800 cell[1f] <= 0000 pc=0088d4
[:slot1:storager] TEMPPROG start: 16 descriptors (port$3F pushes=8) [7abc]=0008: (00,17) (00,1c) (00,1d) (00,1d) (00,3f) (00,3f) (01,01) (01,1f) (3f,3f) (3f,3f) (3f,3f) (3f,3f) (3f,3f) (3f,3f) (3f,3f) (3f,3f) 
[:slot1:storager] TEMPC800 cell[00] <= 20c0 pc=00899a
[:slot1:storager] TEMPH  8163889.7us verify      alt=0 741e=20c0 743a=7442 74b4=0000 7462=0000 7a30=0101
[:slot1:storager] TEMPH  8165577.7us verify      alt=1 741e=20c0 743a=7442 74b4=0000 7462=0000 7a30=0101
[:slot1:storager] CNT  8165592.1us [79a4] <= 00f0 pc=008a3c
[:slot1:storager] TEMPC800 cell[1f] <= 0000 pc=0088d4
[:slot1:storager] TEMPPROG start: 16 descriptors (port$3F pushes=8) [7abc]=0008: (00,17) (00,1c) (00,1d) (00,1d) (00,3f) (00,3f) (01,01) (01,1f) (3f,3f) (3f,3f) (3f,3f) (3f,3f) (3f,3f) (3f,3f) (3f,3f) (3f,3f) 
[:slot1:storager] TEMPC800 cell[00] <= 20c0 pc=00899a
[:slot1:storager] TEMPH  8165684.1us verify      alt=0 741e=20c0 743a=7442 74b4=0000 7462=0000 7a30=0101
[:slot1:storager] TICK  8167276.5us head[736c]=7360 [736e]=7360 [7370]=730c [7b12]=0000 [7a36]=0001 [7a38]=0000
[:slot1:storager] PIT  8167297.5us ff8000 <= ffff mask=00ff pc=002bc4
[:slot1:storager] TEMPH  8167573.9us setup       alt=1 741e=20c0 743a=7442 74b4=0000 7462=0000 7a30=0101
[:slot1:storager] XSTATE  8167623.7us [741c] <= 0001
[:slot1:storager] PHASE  8167623.7us [741c] <= 0001 pc=007d5c
[:slot1:storager] CTX  8167623.7us [741c] <= 0001 pc=007d5c IPL=7  <-- IN ISR
[:slot1:storager] CNT  8167629.5us [79a4] <= 00ef pc=007d9c
[:slot1:storager] TEMPC800 cell[1f] <= 0000 pc=0088d4
[:slot1:storager] TEMPPROG start: 16 descriptors (port$3F pushes=8) [7abc]=0008: (00,17) (00,1c) (00,1d) (00,1d) (00,3f) (00,3f) (01,01) (01,1f) (3f,3f) (3f,3f) (3f,3f) (3f,3f) (3f,3f) (3f,3f) (3f,3f) (3f,3f) 
[:slot1:storager] TEMPC800 cell[00] <= 20c0 pc=00899a
[:slot1:storager] TEMPH  8167719.7us verify      alt=0 741e=20c0 743a=7442 74b4=0000 7462=0000 7a30=0101
[:slot1:storager] TEMPSTAGE sec=12 R=0d -> chunk=4180 | accepted[7428]=0008 ptr[741e]=20c0 pool[74ac]=74e4 remain[7956]=0004 | 796a=0001 7958=00000000 ledger[7654+01]=c0
[:slot1:storager] TEMPH  8176408.9us setup       alt=1 741e=20c0 743a=7442 74b4=0000 7462=0000 7a30=0101
[:slot1:storager] XSTATE  8176458.7us [741c] <= 0001
[:slot1:storager] PHASE  8176458.7us [741c] <= 0001 pc=007d5c
[:slot1:storager] CTX  8176458.7us [741c] <= 0001 pc=007d5c IPL=7  <-- IN ISR
[:slot1:storager] CNT  8176464.5us [79a4] <= 00ee pc=007d9c
[:slot1:storager] TEMPC800 cell[1f] <= 0000 pc=0088d4
[:slot1:storager] TEMPPROG start: 16 descriptors (port$3F pushes=8) [7abc]=0008: (00,17) (00,1c) (00,1d) (00,1d) (00,3f) (00,3f) (01,01) (01,1f) (3f,3f) (3f,3f) (3f,3f) (3f,3f) (3f,3f) (3f,3f) (3f,3f) (3f,3f) 
[:slot1:storager] TEMPC800 cell[00] <= 20c0 pc=00899a
[:slot1:storager] TEMPH  8176554.7us verify      alt=0 741e=20c0 743a=7442 74b4=0000 7462=0000 7a30=0101
[:slot1:storager] TEMPH  8178642.7us verify      alt=1 741e=20c0 743a=7442 74b4=0000 7462=0000 7a30=0101
[:slot1:storager] CNT  8178657.1us [79a4] <= 00ed pc=008a3c
[:slot1:storager] TEMPC800 cell[1f] <= 0000 pc=0088d4
[:slot1:storager] TEMPPROG start: 16 descriptors (port$3F pushes=8) [7abc]=0008: (00,17) (00,1c) (00,1d) (00,1d) (00,3f) (00,3f) (01,01) (01,1f) (3f,3f) (3f,3f) (3f,3f) (3f,3f) (3f,3f) (3f,3f) (3f,3f) (3f,3f) 
[:slot1:storager] TEMPC800 cell[00] <= 20c0 pc=00899a
[:slot1:storager] TEMPH  8178749.1us verify      alt=0 741e=20c0 743a=7442 74b4=0000 7462=0000 7a30=0101
[:slot1:storager] TEMPH  8180437.9us setup       alt=1 741e=20c0 743a=7442 74b4=0000 7462=0000 7a30=0101
[:slot1:storager] XSTATE  8180487.7us [741c] <= 0001
[:slot1:storager] PHASE  8180487.7us [741c] <= 0001 pc=007d5c
[:slot1:storager] CTX  8180487.7us [741c] <= 0001 pc=007d5c IPL=7  <-- IN ISR
[:slot1:storager] CNT  8180493.5us [79a4] <= 00ec pc=007d9c
[:slot1:storager] TEMPC800 cell[1f] <= 0000 pc=0088d4
[:slot1:storager] TEMPPROG start: 16 descriptors (port$3F pushes=8) [7abc]=0008: (00,17) (00,1c) (00,1d) (00,1d) (00,3f) (00,3f) (01,01) (01,1f) (3f,3f) (3f,3f) (3f,3f) (3f,3f) (3f,3f) (3f,3f) (3f,3f) (3f,3f) 
[:slot1:storager] TEMPC800 cell[00] <= 20c0 pc=00899a
[:slot1:storager] TEMPH  8180583.7us verify      alt=0 741e=20c0 743a=7442 74b4=0000 7462=0000 7a30=0101
[:slot1:storager] TEMPSTAGE sec=13 R=0e -> chunk=4180 | accepted[7428]=0008 ptr[741e]=20c0 pool[74ac]=74e4 remain[7956]=0004 | 796a=0001 7958=00000000 ledger[7654+01]=c0
[:slot1:storager] TEMPH  8189272.9us setup       alt=1 741e=20c0 743a=7442 74b4=0000 7462=0000 7a30=0101
[:slot1:storager] XSTATE  8189322.7us [741c] <= 0001
[:slot1:storager] PHASE  8189322.7us [741c] <= 0001 pc=007d5c
[:slot1:storager] CTX  8189322.7us [741c] <= 0001 pc=007d5c IPL=7  <-- IN ISR
[:slot1:storager] CNT  8189328.5us [79a4] <= 00eb pc=007d9c
[:slot1:storager] TEMPC800 cell[1f] <= 0000 pc=0088d4
[:slot1:storager] TEMPPROG start: 16 descriptors (port$3F pushes=8) [7abc]=0008: (00,17) (00,1c) (00,1d) (00,1d) (00,3f) (00,3f) (01,01) (01,1f) (3f,3f) (3f,3f) (3f,3f) (3f,3f) (3f,3f) (3f,3f) (3f,3f) (3f,3f) 
[:slot1:storager] TEMPC800 cell[00] <= 20c0 pc=00899a
[:slot1:storager] TEMPH  8189418.7us verify      alt=0 741e=20c0 743a=7442 74b4=0000 7462=0000 7a30=0101
[:slot1:storager] TEMPH  8191306.7us verify      alt=1 741e=20c0 743a=7442 74b4=0000 7462=0000 7a30=0101
[:slot1:storager] CNT  8191321.1us [79a4] <= 00ea pc=008a3c
[:slot1:storager] TEMPC800 cell[1f] <= 0000 pc=0088d4
[:slot1:storager] TEMPPROG start: 16 descriptors (port$3F pushes=8) [7abc]=0008: (00,17) (00,1c) (00,1d) (00,1d) (00,3f) (00,3f) (01,01) (01,1f) (3f,3f) (3f,3f) (3f,3f) (3f,3f) (3f,3f) (3f,3f) (3f,3f) (3f,3f) 
[:slot1:storager] TEMPC800 cell[00] <= 20c0 pc=00899a
[:slot1:storager] TEMPH  8191413.1us verify      alt=0 741e=20c0 743a=7442 74b4=0000 7462=0000 7a30=0101
[:slot1:storager] TEMPH  8193301.9us setup       alt=1 741e=20c0 743a=7442 74b4=0000 7462=0000 7a30=0101
[:slot1:storager] XSTATE  8193351.7us [741c] <= 0001
[:slot1:storager] PHASE  8193351.7us [741c] <= 0001 pc=007d5c
[:slot1:storager] CTX  8193351.7us [741c] <= 0001 pc=007d5c IPL=7  <-- IN ISR
[:slot1:storager] CNT  8193357.5us [79a4] <= 00e9 pc=007d9c
[:slot1:storager] TEMPC800 cell[1f] <= 0000 pc=0088d4
[:slot1:storager] TEMPPROG start: 16 descriptors (port$3F pushes=8) [7abc]=0008: (00,17) (00,1c) (00,1d) (00,1d) (00,3f) (00,3f) (01,01) (01,1f) (3f,3f) (3f,3f) (3f,3f) (3f,3f) (3f,3f) (3f,3f) (3f,3f) (3f,3f) 
[:slot1:storager] TEMPC800 cell[00] <= 20c0 pc=00899a
[:slot1:storager] TEMPH  8193447.7us verify      alt=0 741e=20c0 743a=7442 74b4=0000 7462=0000 7a30=0101
[:slot1:storager] TICK  8193463.5us head[736c]=7360 [736e]=7360 [7370]=730c [7b12]=0000 [7a36]=0001 [7a38]=0000
[:slot1:storager] PIT  8193484.5us ff8000 <= ffff mask=00ff pc=002bc4
[:slot1:storager] TEMPSTAGE sec=14 R=0f -> chunk=4180 | accepted[7428]=0008 ptr[741e]=20c0 pool[74ac]=74e4 remain[7956]=0004 | 796a=0001 7958=00000000 ledger[7654+01]=c0
[:slot1:storager] TEMPH  8202135.9us setup       alt=1 741e=20c0 743a=7442 74b4=0000 7462=0000 7a30=0101
[:slot1:storager] XSTATE  8202185.7us [741c] <= 0001
[:slot1:storager] PHASE  8202185.7us [741c] <= 0001 pc=007d5c
[:slot1:storager] CTX  8202185.7us [741c] <= 0001 pc=007d5c IPL=7  <-- IN ISR
[:slot1:storager] CNT  8202191.5us [79a4] <= 00e8 pc=007d9c
[:slot1:storager] TEMPC800 cell[1f] <= 0000 pc=0088d4
[:slot1:storager] TEMPPROG start: 16 descriptors (port$3F pushes=8) [7abc]=0008: (00,17) (00,1c) (00,1d) (00,1d) (00,3f) (00,3f) (01,01) (01,1f) (3f,3f) (3f,3f) (3f,3f) (3f,3f) (3f,3f) (3f,3f) (3f,3f) (3f,3f) 
[:slot1:storager] TEMPC800 cell[00] <= 20c0 pc=00899a
[:slot1:storager] TEMPH  8202281.7us verify      alt=0 741e=20c0 743a=7442 74b4=0000 7462=0000 7a30=0101
[:slot1:storager] TEMPH  8204169.7us verify      alt=1 741e=20c0 743a=7442 74b4=0000 7462=0000 7a30=0101
[:slot1:storager] CNT  8204184.1us [79a4] <= 00e7 pc=008a3c
[:slot1:storager] TEMPC800 cell[1f] <= 0000 pc=0088d4
[:slot1:storager] TEMPPROG start: 16 descriptors (port$3F pushes=8) [7abc]=0008: (00,17) (00,1c) (00,1d) (00,1d) (00,3f) (00,3f) (01,01) (01,1f) (3f,3f) (3f,3f) (3f,3f) (3f,3f) (3f,3f) (3f,3f) (3f,3f) (3f,3f) 
[:slot1:storager] TEMPC800 cell[00] <= 20c0 pc=00899a
[:slot1:storager] TEMPH  8204276.1us verify      alt=0 741e=20c0 743a=7442 74b4=0000 7462=0000 7a30=0101
[:slot1:storager] TEMPH  8206163.9us setup       alt=1 741e=20c0 743a=7442 74b4=0000 7462=0000 7a30=0101
[:slot1:storager] XSTATE  8206213.7us [741c] <= 0001
[:slot1:storager] PHASE  8206213.7us [741c] <= 0001 pc=007d5c
[:slot1:storager] CTX  8206213.7us [741c] <= 0001 pc=007d5c IPL=7  <-- IN ISR
[:slot1:storager] CNT  8206219.5us [79a4] <= 00e6 pc=007d9c
[:slot1:storager] TEMPC800 cell[1f] <= 0000 pc=0088d4
[:slot1:storager] TEMPPROG start: 16 descriptors (port$3F pushes=8) [7abc]=0008: (00,17) (00,1c) (00,1d) (00,1d) (00,3f) (00,3f) (01,01) (01,1f) (3f,3f) (3f,3f) (3f,3f) (3f,3f) (3f,3f) (3f,3f) (3f,3f) (3f,3f) 
[:slot1:storager] TEMPC800 cell[00] <= 20c0 pc=00899a
[:slot1:storager] TEMPH  8206309.7us verify      alt=0 741e=20c0 743a=7442 74b4=0000 7462=0000 7a30=0101
[:slot1:storager] TEMPSTAGE sec=15 R=10 -> chunk=4180 | accepted[7428]=0008 ptr[741e]=20c0 pool[74ac]=74e4 remain[7956]=0004 | 796a=0001 7958=00000000 ledger[7654+01]=c0
[:slot1:storager] TEMPH  8214997.9us setup       alt=1 741e=20c0 743a=7442 74b4=0000 7462=0000 7a30=0101
[:slot1:storager] XSTATE  8215047.7us [741c] <= 0001
[:slot1:storager] PHASE  8215047.7us [741c] <= 0001 pc=007d5c
[:slot1:storager] CTX  8215047.7us [741c] <= 0001 pc=007d5c IPL=7  <-- IN ISR
[:slot1:storager] CNT  8215053.5us [79a4] <= 00e5 pc=007d9c
[:slot1:storager] TEMPC800 cell[1f] <= 0000 pc=0088d4
[:slot1:storager] TEMPPROG start: 16 descriptors (port$3F pushes=8) [7abc]=0008: (00,17) (00,1c) (00,1d) (00,1d) (00,3f) (00,3f) (01,01) (01,1f) (3f,3f) (3f,3f) (3f,3f) (3f,3f) (3f,3f) (3f,3f) (3f,3f) (3f,3f) 
[:slot1:storager] TEMPC800 cell[00] <= 20c0 pc=00899a
[:slot1:storager] TEMPH  8215143.7us verify      alt=0 741e=20c0 743a=7442 74b4=0000 7462=0000 7a30=0101
[:slot1:storager] TEMPH  8217030.7us verify      alt=1 741e=20c0 743a=7442 74b4=0000 7462=0000 7a30=0101
[:slot1:storager] CNT  8217045.1us [79a4] <= 00e4 pc=008a3c
[:slot1:storager] TEMPC800 cell[1f] <= 0000 pc=0088d4
[:slot1:storager] TEMPPROG start: 16 descriptors (port$3F pushes=8) [7abc]=0008: (00,17) (00,1c) (00,1d) (00,1d) (00,3f) (00,3f) (01,01) (01,1f) (3f,3f) (3f,3f) (3f,3f) (3f,3f) (3f,3f) (3f,3f) (3f,3f) (3f,3f) 
[:slot1:storager] TEMPC800 cell[00] <= 20c0 pc=00899a
[:slot1:storager] TEMPH  8217137.1us verify      alt=0 741e=20c0 743a=7442 74b4=0000 7462=0000 7a30=0101
[:slot1:storager] TEMPH  8219226.9us setup       alt=1 741e=20c0 743a=7442 74b4=0000 7462=0000 7a30=0101
[:slot1:storager] XSTATE  8219276.7us [741c] <= 0001
[:slot1:storager] PHASE  8219276.7us [741c] <= 0001 pc=007d5c
[:slot1:storager] CTX  8219276.7us [741c] <= 0001 pc=007d5c IPL=7  <-- IN ISR
[:slot1:storager] CNT  8219282.5us [79a4] <= 00e3 pc=007d9c
[:slot1:storager] TEMPC800 cell[1f] <= 0000 pc=0088d4
[:slot1:storager] TEMPPROG start: 16 descriptors (port$3F pushes=8) [7abc]=0008: (00,17) (00,1c) (00,1d) (00,1d) (00,3f) (00,3f) (01,01) (01,1f) (3f,3f) (3f,3f) (3f,3f) (3f,3f) (3f,3f) (3f,3f) (3f,3f) (3f,3f) 
[:slot1:storager] TEMPC800 cell[00] <= 20c0 pc=00899a
[:slot1:storager] TEMPH  8219372.7us verify      alt=0 741e=20c0 743a=7442 74b4=0000 7462=0000 7a30=0101
[:slot1:storager] TICK  8219516.5us head[736c]=7360 [736e]=7360 [7370]=730c [7b12]=0000 [7a36]=0001 [7a38]=0000
[:slot1:storager] PIT  8219537.5us ff8000 <= ffff mask=00ff pc=002bc4
[:slot1:storager] TEMPSTAGE sec=0 R=01 -> chunk=4180 | accepted[7428]=0008 ptr[741e]=20c0 pool[74ac]=74e4 remain[7956]=0004 | 796a=0001 7958=00000000 ledger[7654+01]=c0
[:slot1:storager] TEMPH  8227860.9us setup       alt=1 741e=20c0 743a=7442 74b4=0000 7462=0000 7a30=0101
[:slot1:storager] XSTATE  8227910.7us [741c] <= 0001
[:slot1:storager] PHASE  8227910.7us [741c] <= 0001 pc=007d5c
[:slot1:storager] CTX  8227910.7us [741c] <= 0001 pc=007d5c IPL=7  <-- IN ISR
[:slot1:storager] CNT  8227916.5us [79a4] <= 00e2 pc=007d9c
[:slot1:storager] TEMPC800 cell[1f] <= 0000 pc=0088d4
[:slot1:storager] TEMPPROG start: 16 descriptors (port$3F pushes=8) [7abc]=0008: (00,17) (00,1c) (00,1d) (00,1d) (00,3f) (00,3f) (01,01) (01,1f) (3f,3f) (3f,3f) (3f,3f) (3f,3f) (3f,3f) (3f,3f) (3f,3f) (3f,3f) 
[:slot1:storager] TEMPC800 cell[00] <= 20c0 pc=00899a
[:slot1:storager] TEMPH  8228006.7us verify      alt=0 741e=20c0 743a=7442 74b4=0000 7462=0000 7a30=0101
[:slot1:storager] TEMPH  8229894.7us verify      alt=1 741e=20c0 743a=7442 74b4=0000 7462=0000 7a30=0101
[:slot1:storager] CNT  8229909.1us [79a4] <= 00e1 pc=008a3c
[:slot1:storager] TEMPC800 cell[1f] <= 0000 pc=0088d4
[:slot1:storager] TEMPPROG start: 16 descriptors (port$3F pushes=8) [7abc]=0008: (00,17) (00,1c) (00,1d) (00,1d) (00,3f) (00,3f) (01,01) (01,1f) (3f,3f) (3f,3f) (3f,3f) (3f,3f) (3f,3f) (3f,3f) (3f,3f) (3f,3f) 
[:slot1:storager] TEMPC800 cell[00] <= 20c0 pc=00899a
[:slot1:storager] TEMPH  8230001.1us verify      alt=0 741e=20c0 743a=7442 74b4=0000 7462=0000 7a30=0101
[:slot1:storager] TEMPH  8231889.9us setup       alt=1 741e=20c0 743a=7442 74b4=0000 7462=0000 7a30=0101
[:slot1:storager] XSTATE  8231939.7us [741c] <= 0001
[:slot1:storager] PHASE  8231939.7us [741c] <= 0001 pc=007d5c
[:slot1:storager] CTX  8231939.7us [741c] <= 0001 pc=007d5c IPL=7  <-- IN ISR
[:slot1:storager] CNT  8231945.5us [79a4] <= 00e0 pc=007d9c
[:slot1:storager] TEMPC800 cell[1f] <= 0000 pc=0088d4
[:slot1:storager] TEMPPROG start: 16 descriptors (port$3F pushes=8) [7abc]=0008: (00,17) (00,1c) (00,1d) (00,1d) (00,3f) (00,3f) (01,01) (01,1f) (3f,3f) (3f,3f) (3f,3f) (3f,3f) (3f,3f) (3f,3f) (3f,3f) (3f,3f) 
[:slot1:storager] TEMPC800 cell[00] <= 20c0 pc=00899a
[:slot1:storager] TEMPH  8232035.7us verify      alt=0 741e=20c0 743a=7442 74b4=0000 7462=0000 7a30=0101
[:slot1:storager] TEMPSTAGE sec=1 R=02 -> chunk=4180 | accepted[7428]=0008 ptr[741e]=20c0 pool[74ac]=74e4 remain[7956]=0004 | 796a=0001 7958=00000000 ledger[7654+01]=c0
[:slot1:storager] TEMPH  8240923.9us setup       alt=1 741e=20c0 743a=7442 74b4=0000 7462=0000 7a30=0101
[:slot1:storager] XSTATE  8240973.7us [741c] <= 0001
[:slot1:storager] PHASE  8240973.7us [741c] <= 0001 pc=007d5c
[:slot1:storager] CTX  8240973.7us [741c] <= 0001 pc=007d5c IPL=7  <-- IN ISR
[:slot1:storager] CNT  8240979.5us [79a4] <= 00df pc=007d9c
[:slot1:storager] TEMPC800 cell[1f] <= 0000 pc=0088d4
[:slot1:storager] TEMPPROG start: 16 descriptors (port$3F pushes=8) [7abc]=0008: (00,17) (00,1c) (00,1d) (00,1d) (00,3f) (00,3f) (01,01) (01,1f) (3f,3f) (3f,3f) (3f,3f) (3f,3f) (3f,3f) (3f,3f) (3f,3f) (3f,3f) 
[:slot1:storager] TEMPC800 cell[00] <= 20c0 pc=00899a
[:slot1:storager] TEMPH  8241069.7us verify      alt=0 741e=20c0 743a=7442 74b4=0000 7462=0000 7a30=0101
[:slot1:storager] TEMPH  8242757.7us verify      alt=1 741e=20c0 743a=7442 74b4=0000 7462=0000 7a30=0101
[:slot1:storager] CNT  8242772.1us [79a4] <= 00de pc=008a3c
[:slot1:storager] TEMPC800 cell[1f] <= 0000 pc=0088d4
[:slot1:storager] TEMPPROG start: 16 descriptors (port$3F pushes=8) [7abc]=0008: (00,17) (00,1c) (00,1d) (00,1d) (00,3f) (00,3f) (01,01) (01,1f) (3f,3f) (3f,3f) (3f,3f) (3f,3f) (3f,3f) (3f,3f) (3f,3f) (3f,3f) 
[:slot1:storager] TEMPC800 cell[00] <= 20c0 pc=00899a
[:slot1:storager] TEMPH  8242864.1us verify      alt=0 741e=20c0 743a=7442 74b4=0000 7462=0000 7a30=0101
[:slot1:storager] TEMPH  8244753.9us setup       alt=1 741e=20c0 743a=7442 74b4=0000 7462=0000 7a30=0101
[:slot1:storager] XSTATE  8244803.7us [741c] <= 0001
[:slot1:storager] PHASE  8244803.7us [741c] <= 0001 pc=007d5c
[:slot1:storager] CTX  8244803.7us [741c] <= 0001 pc=007d5c IPL=7  <-- IN ISR
[:slot1:storager] CNT  8244809.5us [79a4] <= 00dd pc=007d9c
[:slot1:storager] TEMPC800 cell[1f] <= 0000 pc=0088d4
[:slot1:storager] TEMPPROG start: 16 descriptors (port$3F pushes=8) [7abc]=0008: (00,17) (00,1c) (00,1d) (00,1d) (00,3f) (00,3f) (01,01) (01,1f) (3f,3f) (3f,3f) (3f,3f) (3f,3f) (3f,3f) (3f,3f) (3f,3f) (3f,3f) 
[:slot1:storager] TEMPC800 cell[00] <= 20c0 pc=00899a
[:slot1:storager] TEMPH  8244899.7us verify      alt=0 741e=20c0 743a=7442 74b4=0000 7462=0000 7a30=0101
[:slot1:storager] TICK  8245626.5us head[736c]=7360 [736e]=7360 [7370]=730c [7b12]=0000 [7a36]=0001 [7a38]=0000
[:slot1:storager] PIT  8245647.5us ff8000 <= ffff mask=00ff pc=002bc4
[:slot1:storager] TEMPSTAGE sec=2 R=03 -> chunk=4180 | accepted[7428]=0008 ptr[741e]=20c0 pool[74ac]=74e4 remain[7956]=0004 | 796a=0001 7958=00000000 ledger[7654+01]=c0
[:slot1:storager] TEMPH  8253588.9us setup       alt=1 741e=20c0 743a=7442 74b4=0000 7462=0000 7a30=0101
[:slot1:storager] XSTATE  8253638.7us [741c] <= 0001
[:slot1:storager] PHASE  8253638.7us [741c] <= 0001 pc=007d5c
[:slot1:storager] CTX  8253638.7us [741c] <= 0001 pc=007d5c IPL=7  <-- IN ISR
[:slot1:storager] CNT  8253644.5us [79a4] <= 00dc pc=007d9c
[:slot1:storager] TEMPC800 cell[1f] <= 0000 pc=0088d4
[:slot1:storager] TEMPPROG start: 16 descriptors (port$3F pushes=8) [7abc]=0008: (00,17) (00,1c) (00,1d) (00,1d) (00,3f) (00,3f) (01,01) (01,1f) (3f,3f) (3f,3f) (3f,3f) (3f,3f) (3f,3f) (3f,3f) (3f,3f) (3f,3f) 
[:slot1:storager] TEMPC800 cell[00] <= 20c0 pc=00899a
[:slot1:storager] TEMPH  8253734.7us verify      alt=0 741e=20c0 743a=7442 74b4=0000 7462=0000 7a30=0101
[:slot1:storager] TEMPH  8255822.7us verify      alt=1 741e=20c0 743a=7442 74b4=0000 7462=0000 7a30=0101
[:slot1:storager] CNT  8255837.1us [79a4] <= 00db pc=008a3c
[:slot1:storager] TEMPC800 cell[1f] <= 0000 pc=0088d4
[:slot1:storager] TEMPPROG start: 16 descriptors (port$3F pushes=8) [7abc]=0008: (00,17) (00,1c) (00,1d) (00,1d) (00,3f) (00,3f) (01,01) (01,1f) (3f,3f) (3f,3f) (3f,3f) (3f,3f) (3f,3f) (3f,3f) (3f,3f) (3f,3f) 
[:slot1:storager] TEMPC800 cell[00] <= 20c0 pc=00899a
[:slot1:storager] TEMPH  8255929.1us verify      alt=0 741e=20c0 743a=7442 74b4=0000 7462=0000 7a30=0101
[:slot1:storager] TEMPH  8257617.9us setup       alt=1 741e=20c0 743a=7442 74b4=0000 7462=0000 7a30=0101
[:slot1:storager] XSTATE  8257667.7us [741c] <= 0001
[:slot1:storager] PHASE  8257667.7us [741c] <= 0001 pc=007d5c
[:slot1:storager] CTX  8257667.7us [741c] <= 0001 pc=007d5c IPL=7  <-- IN ISR
[:slot1:storager] CNT  8257673.5us [79a4] <= 00da pc=007d9c
[:slot1:storager] TEMPC800 cell[1f] <= 0000 pc=0088d4
[:slot1:storager] TEMPPROG start: 16 descriptors (port$3F pushes=8) [7abc]=0008: (00,17) (00,1c) (00,1d) (00,1d) (00,3f) (00,3f) (01,01) (01,1f) (3f,3f) (3f,3f) (3f,3f) (3f,3f) (3f,3f) (3f,3f) (3f,3f) (3f,3f) 
[:slot1:storager] TEMPC800 cell[00] <= 20c0 pc=00899a
[:slot1:storager] TEMPH  8257763.7us verify      alt=0 741e=20c0 743a=7442 74b4=0000 7462=0000 7a30=0101
[:slot3:serad] 8085 IP io0D -> be (pc=0a0b) @8.25801
[:slot3:serad] 8085 IP io0D -> be (pc=0a63) @8.25803
[:slot3:serad] 8085 IP io0D -> be (pc=0a0b) @8.25805
[:slot3:serad] 8085 IP io0D -> be (pc=0a63) @8.25806
[:slot3:serad] 8085 IP io0D -> be (pc=0a0b) @8.25808
[:slot3:serad] 8085 IP io0D -> be (pc=0a63) @8.25810
[:slot3:serad] 8085 IP io0D -> be (pc=0a0b) @8.25812
[:slot3:serad] 8085 IP io0D -> be (pc=0a63) @8.25814
[:slot3:serad] 8085 IP io0D -> be (pc=0a0b) @8.25816
[:slot3:serad] 8085 IP io0D -> be (pc=0a63) @8.25817
[:slot3:serad] 8085 IP io0D -> be (pc=0a0b) @8.25819
[:slot3:serad] 8085 IP io0D -> be (pc=0a63) @8.25821
[:slot3:serad] 8085 IP io0D -> be (pc=0a0b) @8.25823
[:slot3:serad] 8085 IP io0D -> be (pc=0a63) @8.25825
[:slot3:serad] 8085 IP io0D -> be (pc=0a0b) @8.25827
[:slot3:serad] 8085 IP io0D -> be (pc=0a63) @8.25828
[:slot3:serad] 8085 IP io0D -> be (pc=0a0b) @8.25830
[:slot3:serad] 8085 IP io0D -> be (pc=0a63) @8.25832
[:slot3:serad] 8085 IP io0D -> be (pc=0a0b) @8.25834
[:slot3:serad] 8085 IP io0D -> be (pc=0a63) @8.25836
[:slot1:storager] TEMPSTAGE sec=3 R=04 -> chunk=4180 | accepted[7428]=0008 ptr[741e]=20c0 pool[74ac]=74e4 remain[7956]=0004 | 796a=0001 7958=00000000 ledger[7654+01]=c0
[:slot1:storager] TEMPH  8266452.9us setup       alt=1 741e=20c0 743a=7442 74b4=0000 7462=0000 7a30=0101
[:slot1:storager] XSTATE  8266502.7us [741c] <= 0001
[:slot1:storager] PHASE  8266502.7us [741c] <= 0001 pc=007d5c
[:slot1:storager] CTX  8266502.7us [741c] <= 0001 pc=007d5c IPL=7  <-- IN ISR
[:slot1:storager] CNT  8266508.5us [79a4] <= 00d9 pc=007d9c
[:slot1:storager] TEMPC800 cell[1f] <= 0000 pc=0088d4
[:slot1:storager] TEMPPROG start: 16 descriptors (port$3F pushes=8) [7abc]=0008: (00,17) (00,1c) (00,1d) (00,1d) (00,3f) (00,3f) (01,01) (01,1f) (3f,3f) (3f,3f) (3f,3f) (3f,3f) (3f,3f) (3f,3f) (3f,3f) (3f,3f) 
[:slot1:storager] TEMPC800 cell[00] <= 20c0 pc=00899a
[:slot1:storager] TEMPH  8266598.7us verify      alt=0 741e=20c0 743a=7442 74b4=0000 7462=0000 7a30=0101
[:slot1:storager] TEMPH  8268486.7us verify      alt=1 741e=20c0 743a=7442 74b4=0000 7462=0000 7a30=0101
[:slot1:storager] CNT  8268501.1us [79a4] <= 00d8 pc=008a3c
[:slot1:storager] TEMPC800 cell[1f] <= 0000 pc=0088d4
[:slot1:storager] TEMPPROG start: 16 descriptors (port$3F pushes=8) [7abc]=0008: (00,17) (00,1c) (00,1d) (00,1d) (00,3f) (00,3f) (01,01) (01,1f) (3f,3f) (3f,3f) (3f,3f) (3f,3f) (3f,3f) (3f,3f) (3f,3f) (3f,3f) 
[:slot1:storager] TEMPC800 cell[00] <= 20c0 pc=00899a
[:slot1:storager] TEMPH  8268593.1us verify      alt=0 741e=20c0 743a=7442 74b4=0000 7462=0000 7a30=0101
[:slot1:storager] TEMPH  8270481.9us setup       alt=1 741e=20c0 743a=7442 74b4=0000 7462=0000 7a30=0101
[:slot1:storager] XSTATE  8270531.7us [741c] <= 0001
[:slot1:storager] PHASE  8270531.7us [741c] <= 0001 pc=007d5c
[:slot1:storager] CTX  8270531.7us [741c] <= 0001 pc=007d5c IPL=7  <-- IN ISR
[:slot1:storager] CNT  8270537.5us [79a4] <= 00d7 pc=007d9c
[:slot1:storager] TEMPC800 cell[1f] <= 0000 pc=0088d4
[:slot1:storager] TEMPPROG start: 16 descriptors (port$3F pushes=8) [7abc]=0008: (00,17) (00,1c) (00,1d) (00,1d) (00,3f) (00,3f) (01,01) (01,1f) (3f,3f) (3f,3f) (3f,3f) (3f,3f) (3f,3f) (3f,3f) (3f,3f) (3f,3f) 
[:slot1:storager] TEMPC800 cell[00] <= 20c0 pc=00899a
[:slot1:storager] TEMPH  8270627.7us verify      alt=0 741e=20c0 743a=7442 74b4=0000 7462=0000 7a30=0101
[:slot1:storager] TICK  8271742.5us head[736c]=7360 [736e]=7360 [7370]=730c [7b12]=0000 [7a36]=0001 [7a38]=0000
[:slot1:storager] PIT  8271763.5us ff8000 <= ffff mask=00ff pc=002bc4
[:slot1:storager] TEMPSTAGE sec=4 R=05 -> chunk=4180 | accepted[7428]=0008 ptr[741e]=20c0 pool[74ac]=74e4 remain[7956]=0004 | 796a=0001 7958=00000000 ledger[7654+01]=c0
[:slot1:storager] TEMPH  8279316.9us setup       alt=1 741e=20c0 743a=7442 74b4=0000 7462=0000 7a30=0101
[:slot1:storager] XSTATE  8279366.7us [741c] <= 0001
[:slot1:storager] PHASE  8279366.7us [741c] <= 0001 pc=007d5c
[:slot1:storager] CTX  8279366.7us [741c] <= 0001 pc=007d5c IPL=7  <-- IN ISR
[:slot1:storager] CNT  8279372.5us [79a4] <= 00d6 pc=007d9c
[:slot1:storager] TEMPC800 cell[1f] <= 0000 pc=0088d4
[:slot1:storager] TEMPPROG start: 16 descriptors (port$3F pushes=8) [7abc]=0008: (00,17) (00,1c) (00,1d) (00,1d) (00,3f) (00,3f) (01,01) (01,1f) (3f,3f) (3f,3f) (3f,3f) (3f,3f) (3f,3f) (3f,3f) (3f,3f) (3f,3f) 
[:slot1:storager] TEMPC800 cell[00] <= 20c0 pc=00899a
[:slot1:storager] TEMPH  8279462.7us verify      alt=0 741e=20c0 743a=7442 74b4=0000 7462=0000 7a30=0101
[:slot1:storager] TEMPH  8281349.7us verify      alt=1 741e=20c0 743a=7442 74b4=0000 7462=0000 7a30=0101
[:slot1:storager] CNT  8281364.1us [79a4] <= 00d5 pc=008a3c
[:slot1:storager] TEMPC800 cell[1f] <= 0000 pc=0088d4
[:slot1:storager] TEMPPROG start: 16 descriptors (port$3F pushes=8) [7abc]=0008: (00,17) (00,1c) (00,1d) (00,1d) (00,3f) (00,3f) (01,01) (01,1f) (3f,3f) (3f,3f) (3f,3f) (3f,3f) (3f,3f) (3f,3f) (3f,3f) (3f,3f) 
[:slot1:storager] TEMPC800 cell[00] <= 20c0 pc=00899a
[:slot1:storager] TEMPH  8281456.1us verify      alt=0 741e=20c0 743a=7442 74b4=0000 7462=0000 7a30=0101
[:slot1:storager] TEMPH  8283343.9us setup       alt=1 741e=20c0 743a=7442 74b4=0000 7462=0000 7a30=0101
[:slot1:storager] XSTATE  8283393.7us [741c] <= 0001
[:slot1:storager] PHASE  8283393.7us [741c] <= 0001 pc=007d5c
[:slot1:storager] CTX  8283393.7us [741c] <= 0001 pc=007d5c IPL=7  <-- IN ISR
[:slot1:storager] CNT  8283399.5us [79a4] <= 00d4 pc=007d9c
[:slot1:storager] TEMPC800 cell[1f] <= 0000 pc=0088d4
[:slot1:storager] TEMPPROG start: 16 descriptors (port$3F pushes=8) [7abc]=0008: (00,17) (00,1c) (00,1d) (00,1d) (00,3f) (00,3f) (01,01) (01,1f) (3f,3f) (3f,3f) (3f,3f) (3f,3f) (3f,3f) (3f,3f) (3f,3f) (3f,3f) 
[:slot1:storager] TEMPC800 cell[00] <= 20c0 pc=00899a
[:slot1:storager] TEMPH  8283489.7us verify      alt=0 741e=20c0 743a=7442 74b4=0000 7462=0000 7a30=0101
[:slot1:storager] TEMPSTAGE sec=5 R=06 -> chunk=4180 | accepted[7428]=0008 ptr[741e]=20c0 pool[74ac]=74e4 remain[7956]=0004 | 796a=0001 7958=00000000 ledger[7654+01]=c0
[:slot1:storager] TEMPH  8292177.9us setup       alt=1 741e=20c0 743a=7442 74b4=0000 7462=0000 7a30=0101
[:slot1:storager] XSTATE  8292227.7us [741c] <= 0001
[:slot1:storager] PHASE  8292227.7us [741c] <= 0001 pc=007d5c
[:slot1:storager] CTX  8292227.7us [741c] <= 0001 pc=007d5c IPL=7  <-- IN ISR
[:slot1:storager] CNT  8292233.5us [79a4] <= 00d3 pc=007d9c
[:slot1:storager] TEMPC800 cell[1f] <= 0000 pc=0088d4
[:slot1:storager] TEMPPROG start: 16 descriptors (port$3F pushes=8) [7abc]=0008: (00,17) (00,1c) (00,1d) (00,1d) (00,3f) (00,3f) (01,01) (01,1f) (3f,3f) (3f,3f) (3f,3f) (3f,3f) (3f,3f) (3f,3f) (3f,3f) (3f,3f) 
[:slot1:storager] TEMPC800 cell[00] <= 20c0 pc=00899a
[:slot1:storager] TEMPH  8292323.7us verify      alt=0 741e=20c0 743a=7442 74b4=0000 7462=0000 7a30=0101
[:slot1:storager] TEMPH  8294210.7us verify      alt=1 741e=20c0 743a=7442 74b4=0000 7462=0000 7a30=0101
[:slot1:storager] CNT  8294225.1us [79a4] <= 00d2 pc=008a3c
[:slot1:storager] TEMPC800 cell[1f] <= 0000 pc=0088d4
[:slot1:storager] TEMPPROG start: 16 descriptors (port$3F pushes=8) [7abc]=0008: (00,17) (00,1c) (00,1d) (00,1d) (00,3f) (00,3f) (01,01) (01,1f) (3f,3f) (3f,3f) (3f,3f) (3f,3f) (3f,3f) (3f,3f) (3f,3f) (3f,3f) 
[:slot1:storager] TEMPC800 cell[00] <= 20c0 pc=00899a
[:slot1:storager] TEMPH  8294317.1us verify      alt=0 741e=20c0 743a=7442 74b4=0000 7462=0000 7a30=0101
[:slot1:storager] TEMPH  8296406.9us setup       alt=1 741e=20c0 743a=7442 74b4=0000 7462=0000 7a30=0101
[:slot1:storager] XSTATE  8296456.7us [741c] <= 0001
[:slot1:storager] PHASE  8296456.7us [741c] <= 0001 pc=007d5c
[:slot1:storager] CTX  8296456.7us [741c] <= 0001 pc=007d5c IPL=7  <-- IN ISR
[:slot1:storager] CNT  8296462.5us [79a4] <= 00d1 pc=007d9c
[:slot1:storager] TEMPC800 cell[1f] <= 0000 pc=0088d4
[:slot1:storager] TEMPPROG start: 16 descriptors (port$3F pushes=8) [7abc]=0008: (00,17) (00,1c) (00,1d) (00,1d) (00,3f) (00,3f) (01,01) (01,1f) (3f,3f) (3f,3f) (3f,3f) (3f,3f) (3f,3f) (3f,3f) (3f,3f) (3f,3f) 
[:slot1:storager] TEMPC800 cell[00] <= 20c0 pc=00899a
[:slot1:storager] TEMPH  8296552.7us verify      alt=0 741e=20c0 743a=7442 74b4=0000 7462=0000 7a30=0101
[:slot1:storager] TICK  8297858.5us head[736c]=7360 [736e]=7360 [7370]=730c [7b12]=0000 [7a36]=0001 [7a38]=0000
[:slot1:storager] PIT  8297879.5us ff8000 <= ffff mask=00ff pc=002bc4
[:slot1:storager] TEMPSTAGE sec=6 R=07 -> chunk=4180 | accepted[7428]=0008 ptr[741e]=20c0 pool[74ac]=74e4 remain[7956]=0004 | 796a=0001 7958=00000000 ledger[7654+01]=c0
[:slot1:storager] TEMPH  8305041.9us setup       alt=1 741e=20c0 743a=7442 74b4=0000 7462=0000 7a30=0101
[:slot1:storager] XSTATE  8305091.7us [741c] <= 0001
[:slot1:storager] PHASE  8305091.7us [741c] <= 0001 pc=007d5c
[:slot1:storager] CTX  8305091.7us [741c] <= 0001 pc=007d5c IPL=7  <-- IN ISR
[:slot1:storager] CNT  8305097.5us [79a4] <= 00d0 pc=007d9c
[:slot1:storager] TEMPC800 cell[1f] <= 0000 pc=0088d4
[:slot1:storager] TEMPPROG start: 16 descriptors (port$3F pushes=8) [7abc]=0008: (00,17) (00,1c) (00,1d) (00,1d) (00,3f) (00,3f) (01,01) (01,1f) (3f,3f) (3f,3f) (3f,3f) (3f,3f) (3f,3f) (3f,3f) (3f,3f) (3f,3f) 
[:slot1:storager] TEMPC800 cell[00] <= 20c0 pc=00899a
[:slot1:storager] TEMPH  8305187.7us verify      alt=0 741e=20c0 743a=7442 74b4=0000 7462=0000 7a30=0101
[:slot1:storager] TEMPH  8307075.7us verify      alt=1 741e=20c0 743a=7442 74b4=0000 7462=0000 7a30=0101
[:slot1:storager] CNT  8307090.1us [79a4] <= 00cf pc=008a3c
[:slot1:storager] TEMPC800 cell[1f] <= 0000 pc=0088d4
[:slot1:storager] TEMPPROG start: 16 descriptors (port$3F pushes=8) [7abc]=0008: (00,17) (00,1c) (00,1d) (00,1d) (00,3f) (00,3f) (01,01) (01,1f) (3f,3f) (3f,3f) (3f,3f) (3f,3f) (3f,3f) (3f,3f) (3f,3f) (3f,3f) 
[:slot1:storager] TEMPC800 cell[00] <= 20c0 pc=00899a
[:slot1:storager] TEMPH  8307182.1us verify      alt=0 741e=20c0 743a=7442 74b4=0000 7462=0000 7a30=0101
[:slot1:storager] TEMPH  8309070.9us setup       alt=1 741e=20c0 743a=7442 74b4=0000 7462=0000 7a30=0101
[:slot1:storager] XSTATE  8309120.7us [741c] <= 0001
[:slot1:storager] PHASE  8309120.7us [741c] <= 0001 pc=007d5c
[:slot1:storager] CTX  8309120.7us [741c] <= 0001 pc=007d5c IPL=7  <-- IN ISR
[:slot1:storager] CNT  8309126.5us [79a4] <= 00ce pc=007d9c
[:slot1:storager] TEMPC800 cell[1f] <= 0000 pc=0088d4
[:slot1:storager] TEMPPROG start: 16 descriptors (port$3F pushes=8) [7abc]=0008: (00,17) (00,1c) (00,1d) (00,1d) (00,3f) (00,3f) (01,01) (01,1f) (3f,3f) (3f,3f) (3f,3f) (3f,3f) (3f,3f) (3f,3f) (3f,3f) (3f,3f) 
[:slot1:storager] TEMPC800 cell[00] <= 20c0 pc=00899a
[:slot1:storager] TEMPH  8309216.7us verify      alt=0 741e=20c0 743a=7442 74b4=0000 7462=0000 7a30=0101
[:slot1:storager] TEMPSTAGE sec=7 R=08 -> chunk=4180 | accepted[7428]=0008 ptr[741e]=20c0 pool[74ac]=74e4 remain[7956]=0004 | 796a=0001 7958=00000000 ledger[7654+01]=c0
[:slot1:storager] TEMPH  8318127.9us setup       alt=1 741e=20c0 743a=7442 74b4=0000 7462=0000 7a30=0101
[:slot1:storager] XSTATE  8318177.7us [741c] <= 0001
[:slot1:storager] PHASE  8318177.7us [741c] <= 0001 pc=007d5c
[:slot1:storager] CTX  8318177.7us [741c] <= 0001 pc=007d5c IPL=7  <-- IN ISR
[:slot1:storager] CNT  8318183.5us [79a4] <= 00cd pc=007d9c
[:slot1:storager] TEMPC800 cell[1f] <= 0000 pc=0088d4
[:slot1:storager] TEMPPROG start: 16 descriptors (port$3F pushes=8) [7abc]=0008: (00,17) (00,1c) (00,1d) (00,1d) (00,3f) (00,3f) (01,01) (01,1f) (3f,3f) (3f,3f) (3f,3f) (3f,3f) (3f,3f) (3f,3f) (3f,3f) (3f,3f) 
[:slot1:storager] TEMPC800 cell[00] <= 20c0 pc=00899a
[:slot1:storager] TEMPH  8318273.7us verify      alt=0 741e=20c0 743a=7442 74b4=0000 7462=0000 7a30=0101
[:slot1:storager] TEMPH  8320361.7us verify      alt=1 741e=20c0 743a=7442 74b4=0000 7462=0000 7a30=0101
[:slot1:storager] CNT  8320376.1us [79a4] <= 00cc pc=008a3c
[:slot1:storager] TEMPC800 cell[1f] <= 0000 pc=0088d4
[:slot1:storager] TEMPPROG start: 16 descriptors (port$3F pushes=8) [7abc]=0008: (00,17) (00,1c) (00,1d) (00,1d) (00,3f) (00,3f) (01,01) (01,1f) (3f,3f) (3f,3f) (3f,3f) (3f,3f) (3f,3f) (3f,3f) (3f,3f) (3f,3f) 
[:slot1:storager] TEMPC800 cell[00] <= 20c0 pc=00899a
[:slot1:storager] TEMPH  8320468.1us verify      alt=0 741e=20c0 743a=7442 74b4=0000 7462=0000 7a30=0101
[:slot1:storager] TEMPH  8321956.9us setup       alt=1 741e=20c0 743a=7442 74b4=0000 7462=0000 7a30=0101
[:slot1:storager] XSTATE  8322006.7us [741c] <= 0001
[:slot1:storager] PHASE  8322006.7us [741c] <= 0001 pc=007d5c
[:slot1:storager] CTX  8322006.7us [741c] <= 0001 pc=007d5c IPL=7  <-- IN ISR
[:slot1:storager] CNT  8322012.5us [79a4] <= 00cb pc=007d9c
[:slot1:storager] TEMPC800 cell[1f] <= 0000 pc=0088d4
[:slot1:storager] TEMPPROG start: 16 descriptors (port$3F pushes=8) [7abc]=0008: (00,17) (00,1c) (00,1d) (00,1d) (00,3f) (00,3f) (01,01) (01,1f) (3f,3f) (3f,3f) (3f,3f) (3f,3f) (3f,3f) (3f,3f) (3f,3f) (3f,3f) 
[:slot1:storager] TEMPC800 cell[00] <= 20c0 pc=00899a
[:slot1:storager] TEMPH  8322102.7us verify      alt=0 741e=20c0 743a=7442 74b4=0000 7462=0000 7a30=0101
[:slot1:storager] TICK  8323975.5us head[736c]=7360 [736e]=7360 [7370]=730c [7b12]=0000 [7a36]=0001 [7a38]=0000
[:slot1:storager] PIT  8323996.5us ff8000 <= ffff mask=00ff pc=002bc4
[:slot1:storager] TEMPSTAGE sec=8 R=09 -> chunk=4180 | accepted[7428]=0008 ptr[741e]=20c0 pool[74ac]=74e4 remain[7956]=0004 | 796a=0001 7958=00000000 ledger[7654+01]=c0
[:slot1:storager] TEMPH  8330790.9us setup       alt=1 741e=20c0 743a=7442 74b4=0000 7462=0000 7a30=0101
[:slot1:storager] XSTATE  8330840.7us [741c] <= 0001
[:slot1:storager] PHASE  8330840.7us [741c] <= 0001 pc=007d5c
[:slot1:storager] CTX  8330840.7us [741c] <= 0001 pc=007d5c IPL=7  <-- IN ISR
[:slot1:storager] CNT  8330846.5us [79a4] <= 00ca pc=007d9c
[:slot1:storager] TEMPC800 cell[1f] <= 0000 pc=0088d4
[:slot1:storager] TEMPPROG start: 16 descriptors (port$3F pushes=8) [7abc]=0008: (00,17) (00,1c) (00,1d) (00,1d) (00,3f) (00,3f) (01,01) (01,1f) (3f,3f) (3f,3f) (3f,3f) (3f,3f) (3f,3f) (3f,3f) (3f,3f) (3f,3f) 
[:slot1:storager] TEMPC800 cell[00] <= 20c0 pc=00899a
[:slot1:storager] TEMPH  8330936.7us verify      alt=0 741e=20c0 743a=7442 74b4=0000 7462=0000 7a30=0101
[:slot1:storager] TEMPH  8332823.7us verify      alt=1 741e=20c0 743a=7442 74b4=0000 7462=0000 7a30=0101
[:slot1:storager] CNT  8332838.1us [79a4] <= 00c9 pc=008a3c
[:slot1:storager] TEMPC800 cell[1f] <= 0000 pc=0088d4
[:slot1:storager] TEMPPROG start: 16 descriptors (port$3F pushes=8) [7abc]=0008: (00,17) (00,1c) (00,1d) (00,1d) (00,3f) (00,3f) (01,01) (01,1f) (3f,3f) (3f,3f) (3f,3f) (3f,3f) (3f,3f) (3f,3f) (3f,3f) (3f,3f) 
[:slot1:storager] TEMPC800 cell[00] <= 20c0 pc=00899a
[:slot1:storager] TEMPH  8332930.1us verify      alt=0 741e=20c0 743a=7442 74b4=0000 7462=0000 7a30=0101
[:slot1:storager] TEMPH  8335218.9us setup       alt=1 741e=20c0 743a=7442 74b4=0000 7462=0000 7a30=0101
[:slot1:storager] XSTATE  8335268.7us [741c] <= 0001
[:slot1:storager] PHASE  8335268.7us [741c] <= 0001 pc=007d5c
[:slot1:storager] CTX  8335268.7us [741c] <= 0001 pc=007d5c IPL=7  <-- IN ISR
[:slot1:storager] CNT  8335274.5us [79a4] <= 00c8 pc=007d9c
[:slot1:storager] TEMPC800 cell[1f] <= 0000 pc=0088d4
[:slot1:storager] TEMPPROG start: 16 descriptors (port$3F pushes=8) [7abc]=0008: (00,17) (00,1c) (00,1d) (00,1d) (00,3f) (00,3f) (01,01) (01,1f) (3f,3f) (3f,3f) (3f,3f) (3f,3f) (3f,3f) (3f,3f) (3f,3f) (3f,3f) 
[:slot1:storager] TEMPC800 cell[00] <= 20c0 pc=00899a
[:slot1:storager] TEMPH  8335364.7us verify      alt=0 741e=20c0 743a=7442 74b4=0000 7462=0000 7a30=0101
[:slot1:storager] TEMPSTAGE sec=9 R=0a -> chunk=4180 | accepted[7428]=0008 ptr[741e]=20c0 pool[74ac]=74e4 remain[7956]=0004 | 796a=0001 7958=00000000 ledger[7654+01]=c0
[:slot1:storager] TEMPH  8343653.9us setup       alt=1 741e=20c0 743a=7442 74b4=0000 7462=0000 7a30=0101
[:slot1:storager] XSTATE  8343703.7us [741c] <= 0001
[:slot1:storager] PHASE  8343703.7us [741c] <= 0001 pc=007d5c
[:slot1:storager] CTX  8343703.7us [741c] <= 0001 pc=007d5c IPL=7  <-- IN ISR
[:slot1:storager] CNT  8343709.5us [79a4] <= 00c7 pc=007d9c
[:slot1:storager] TEMPC800 cell[1f] <= 0000 pc=0088d4
[:slot1:storager] TEMPPROG start: 16 descriptors (port$3F pushes=8) [7abc]=0008: (00,17) (00,1c) (00,1d) (00,1d) (00,3f) (00,3f) (01,01) (01,1f) (3f,3f) (3f,3f) (3f,3f) (3f,3f) (3f,3f) (3f,3f) (3f,3f) (3f,3f) 
[:slot1:storager] TEMPC800 cell[00] <= 20c0 pc=00899a
[:slot1:storager] TEMPH  8343799.7us verify      alt=0 741e=20c0 743a=7442 74b4=0000 7462=0000 7a30=0101
[:slot1:storager] TEMPH  8345687.7us verify      alt=1 741e=20c0 743a=7442 74b4=0000 7462=0000 7a30=0101
[:slot1:storager] CNT  8345702.1us [79a4] <= 00c6 pc=008a3c
[:slot1:storager] TEMPC800 cell[1f] <= 0000 pc=0088d4
[:slot1:storager] TEMPPROG start: 16 descriptors (port$3F pushes=8) [7abc]=0008: (00,17) (00,1c) (00,1d) (00,1d) (00,3f) (00,3f) (01,01) (01,1f) (3f,3f) (3f,3f) (3f,3f) (3f,3f) (3f,3f) (3f,3f) (3f,3f) (3f,3f) 
[:slot1:storager] TEMPC800 cell[00] <= 20c0 pc=00899a
[:slot1:storager] TEMPH  8345794.1us verify      alt=0 741e=20c0 743a=7442 74b4=0000 7462=0000 7a30=0101
[:slot1:storager] TEMPH  8347682.9us setup       alt=1 741e=20c0 743a=7442 74b4=0000 7462=0000 7a30=0101
[:slot1:storager] XSTATE  8347732.7us [741c] <= 0001
[:slot1:storager] PHASE  8347732.7us [741c] <= 0001 pc=007d5c
[:slot1:storager] CTX  8347732.7us [741c] <= 0001 pc=007d5c IPL=7  <-- IN ISR
[:slot1:storager] CNT  8347738.5us [79a4] <= 00c5 pc=007d9c
[:slot1:storager] TEMPC800 cell[1f] <= 0000 pc=0088d4
[:slot1:storager] TEMPPROG start: 16 descriptors (port$3F pushes=8) [7abc]=0008: (00,17) (00,1c) (00,1d) (00,1d) (00,3f) (00,3f) (01,01) (01,1f) (3f,3f) (3f,3f) (3f,3f) (3f,3f) (3f,3f) (3f,3f) (3f,3f) (3f,3f) 
[:slot1:storager] TEMPC800 cell[00] <= 20c0 pc=00899a
[:slot1:storager] TEMPH  8347828.7us verify      alt=0 741e=20c0 743a=7442 74b4=0000 7462=0000 7a30=0101
[:slot1:storager] TICK  8350101.5us head[736c]=7360 [736e]=7360 [7370]=730c [7b12]=0000 [7a36]=0001 [7a38]=0000
[:slot1:storager] PIT  8350122.5us ff8000 <= ffff mask=00ff pc=002bc4
[:slot1:storager] TEMPSTAGE sec=10 R=0b -> chunk=4180 | accepted[7428]=0008 ptr[741e]=20c0 pool[74ac]=74e4 remain[7956]=0004 | 796a=0001 7958=00000000 ledger[7654+01]=c0
[:slot1:storager] TEMPH  8356917.9us setup       alt=1 741e=20c0 743a=7442 74b4=0000 7462=0000 7a30=0101
[:slot1:storager] XSTATE  8356967.7us [741c] <= 0001
[:slot1:storager] PHASE  8356967.7us [741c] <= 0001 pc=007d5c
[:slot1:storager] CTX  8356967.7us [741c] <= 0001 pc=007d5c IPL=7  <-- IN ISR
[:slot1:storager] CNT  8356973.5us [79a4] <= 00c4 pc=007d9c
[:slot1:storager] TEMPC800 cell[1f] <= 0000 pc=0088d4
[:slot1:storager] TEMPPROG start: 16 descriptors (port$3F pushes=8) [7abc]=0008: (00,17) (00,1c) (00,1d) (00,1d) (00,3f) (00,3f) (01,01) (01,1f) (3f,3f) (3f,3f) (3f,3f) (3f,3f) (3f,3f) (3f,3f) (3f,3f) (3f,3f) 
[:slot1:storager] TEMPC800 cell[00] <= 20c0 pc=00899a
[:slot1:storager] TEMPH  8357063.7us verify      alt=0 741e=20c0 743a=7442 74b4=0000 7462=0000 7a30=0101
[:slot1:storager] TEMPH  8358551.7us verify      alt=1 741e=20c0 743a=7442 74b4=0000 7462=0000 7a30=0101
[:slot1:storager] CNT  8358566.1us [79a4] <= 00c3 pc=008a3c
[:slot1:storager] TEMPC800 cell[1f] <= 0000 pc=0088d4
[:slot1:storager] TEMPPROG start: 16 descriptors (port$3F pushes=8) [7abc]=0008: (00,17) (00,1c) (00,1d) (00,1d) (00,3f) (00,3f) (01,01) (01,1f) (3f,3f) (3f,3f) (3f,3f) (3f,3f) (3f,3f) (3f,3f) (3f,3f) (3f,3f) 
[:slot1:storager] TEMPC800 cell[00] <= 20c0 pc=00899a
[:slot1:storager] TEMPH  8358658.1us verify      alt=0 741e=20c0 743a=7442 74b4=0000 7462=0000 7a30=0101
[:slot1:storager] TEMPH  8360546.9us setup       alt=1 741e=20c0 743a=7442 74b4=0000 7462=0000 7a30=0101
[:slot1:storager] XSTATE  8360596.7us [741c] <= 0001
[:slot1:storager] PHASE  8360596.7us [741c] <= 0001 pc=007d5c
[:slot1:storager] CTX  8360596.7us [741c] <= 0001 pc=007d5c IPL=7  <-- IN ISR
[:slot1:storager] CNT  8360602.5us [79a4] <= 00c2 pc=007d9c
[:slot1:storager] TEMPC800 cell[1f] <= 0000 pc=0088d4
[:slot1:storager] TEMPPROG start: 16 descriptors (port$3F pushes=8) [7abc]=0008: (00,17) (00,1c) (00,1d) (00,1d) (00,3f) (00,3f) (01,01) (01,1f) (3f,3f) (3f,3f) (3f,3f) (3f,3f) (3f,3f) (3f,3f) (3f,3f) (3f,3f) 
[:slot1:storager] TEMPC800 cell[00] <= 20c0 pc=00899a
[:slot1:storager] TEMPH  8360692.7us verify      alt=0 741e=20c0 743a=7442 74b4=0000 7462=0000 7a30=0101
[:slot1:storager] TEMPSTAGE sec=11 R=0c -> chunk=4180 | accepted[7428]=0008 ptr[741e]=20c0 pool[74ac]=74e4 remain[7956]=0004 | 796a=0001 7958=00000000 ledger[7654+01]=c0
[:slot1:storager] TEMPH  8369382.9us setup       alt=1 741e=20c0 743a=7442 74b4=0000 7462=0000 7a30=0101
[:slot1:storager] XSTATE  8369432.7us [741c] <= 0001
[:slot1:storager] PHASE  8369432.7us [741c] <= 0001 pc=007d5c
[:slot1:storager] CTX  8369432.7us [741c] <= 0001 pc=007d5c IPL=7  <-- IN ISR
[:slot1:storager] CNT  8369438.5us [79a4] <= 00c1 pc=007d9c
[:slot1:storager] TEMPC800 cell[1f] <= 0000 pc=0088d4
[:slot1:storager] TEMPPROG start: 16 descriptors (port$3F pushes=8) [7abc]=0008: (00,17) (00,1c) (00,1d) (00,1d) (00,3f) (00,3f) (01,01) (01,1f) (3f,3f) (3f,3f) (3f,3f) (3f,3f) (3f,3f) (3f,3f) (3f,3f) (3f,3f) 
[:slot1:storager] TEMPC800 cell[00] <= 20c0 pc=00899a
[:slot1:storager] TEMPH  8369528.7us verify      alt=0 741e=20c0 743a=7442 74b4=0000 7462=0000 7a30=0101
[:slot1:storager] TEMPH  8371416.7us verify      alt=1 741e=20c0 743a=7442 74b4=0000 7462=0000 7a30=0101
[:slot1:storager] CNT  8371431.1us [79a4] <= 00c0 pc=008a3c
[:slot1:storager] TEMPC800 cell[1f] <= 0000 pc=0088d4
[:slot1:storager] TEMPPROG start: 16 descriptors (port$3F pushes=8) [7abc]=0008: (00,17) (00,1c) (00,1d) (00,1d) (00,3f) (00,3f) (01,01) (01,1f) (3f,3f) (3f,3f) (3f,3f) (3f,3f) (3f,3f) (3f,3f) (3f,3f) (3f,3f) 
[:slot1:storager] TEMPC800 cell[00] <= 20c0 pc=00899a
[:slot1:storager] TEMPH  8371523.1us verify      alt=0 741e=20c0 743a=7442 74b4=0000 7462=0000 7a30=0101
[:slot1:storager] TEMPH  8373411.9us setup       alt=1 741e=20c0 743a=7442 74b4=0000 7462=0000 7a30=0101
[:slot1:storager] XSTATE  8373461.7us [741c] <= 0001
[:slot1:storager] PHASE  8373461.7us [741c] <= 0001 pc=007d5c
[:slot1:storager] CTX  8373461.7us [741c] <= 0001 pc=007d5c IPL=7  <-- IN ISR
[:slot1:storager] CNT  8373467.5us [79a4] <= 00bf pc=007d9c
[:slot1:storager] TEMPC800 cell[1f] <= 0000 pc=0088d4
[:slot1:storager] TEMPPROG start: 16 descriptors (port$3F pushes=8) [7abc]=0008: (00,17) (00,1c) (00,1d) (00,1d) (00,3f) (00,3f) (01,01) (01,1f) (3f,3f) (3f,3f) (3f,3f) (3f,3f) (3f,3f) (3f,3f) (3f,3f) (3f,3f) 
[:slot1:storager] TEMPC800 cell[00] <= 20c0 pc=00899a
[:slot1:storager] TEMPH  8373557.7us verify      alt=0 741e=20c0 743a=7442 74b4=0000 7462=0000 7a30=0101
[:slot1:storager] TICK  8376208.5us head[736c]=7360 [736e]=7360 [7370]=730c [7b12]=0000 [7a36]=0001 [7a38]=0000
[:slot1:storager] PIT  8376229.5us ff8000 <= ffff mask=00ff pc=002bc4
[:slot1:storager] TEMPSTAGE sec=12 R=0d -> chunk=4180 | accepted[7428]=0008 ptr[741e]=20c0 pool[74ac]=74e4 remain[7956]=0004 | 796a=0001 7958=00000000 ledger[7654+01]=c0
[:slot1:storager] TEMPH  8382245.9us setup       alt=1 741e=20c0 743a=7442 74b4=0000 7462=0000 7a30=0101
[:slot1:storager] XSTATE  8382295.7us [741c] <= 0001
[:slot1:storager] PHASE  8382295.7us [741c] <= 0001 pc=007d5c
[:slot1:storager] CTX  8382295.7us [741c] <= 0001 pc=007d5c IPL=7  <-- IN ISR
[:slot1:storager] CNT  8382301.5us [79a4] <= 00be pc=007d9c
[:slot1:storager] TEMPC800 cell[1f] <= 0000 pc=0088d4
[:slot1:storager] TEMPPROG start: 16 descriptors (port$3F pushes=8) [7abc]=0008: (00,17) (00,1c) (00,1d) (00,1d) (00,3f) (00,3f) (01,01) (01,1f) (3f,3f) (3f,3f) (3f,3f) (3f,3f) (3f,3f) (3f,3f) (3f,3f) (3f,3f) 
[:slot1:storager] TEMPC800 cell[00] <= 20c0 pc=00899a
[:slot1:storager] TEMPH  8382391.7us verify      alt=0 741e=20c0 743a=7442 74b4=0000 7462=0000 7a30=0101
[:slot1:storager] TEMPH  8384280.7us verify      alt=1 741e=20c0 743a=7442 74b4=0000 7462=0000 7a30=0101
[:slot1:storager] CNT  8384295.1us [79a4] <= 00bd pc=008a3c
[:slot1:storager] TEMPC800 cell[1f] <= 0000 pc=0088d4
[:slot1:storager] TEMPPROG start: 16 descriptors (port$3F pushes=8) [7abc]=0008: (00,17) (00,1c) (00,1d) (00,1d) (00,3f) (00,3f) (01,01) (01,1f) (3f,3f) (3f,3f) (3f,3f) (3f,3f) (3f,3f) (3f,3f) (3f,3f) (3f,3f) 
[:slot1:storager] TEMPC800 cell[00] <= 20c0 pc=00899a
[:slot1:storager] TEMPH  8384387.1us verify      alt=0 741e=20c0 743a=7442 74b4=0000 7462=0000 7a30=0101
[:slot1:storager] TEMPH  8386275.9us setup       alt=1 741e=20c0 743a=7442 74b4=0000 7462=0000 7a30=0101
[:slot1:storager] XSTATE  8386325.7us [741c] <= 0001
[:slot1:storager] PHASE  8386325.7us [741c] <= 0001 pc=007d5c
[:slot1:storager] CTX  8386325.7us [741c] <= 0001 pc=007d5c IPL=7  <-- IN ISR
[:slot1:storager] CNT  8386331.5us [79a4] <= 00bc pc=007d9c
[:slot1:storager] TEMPC800 cell[1f] <= 0000 pc=0088d4
[:slot1:storager] TEMPPROG start: 16 descriptors (port$3F pushes=8) [7abc]=0008: (00,17) (00,1c) (00,1d) (00,1d) (00,3f) (00,3f) (01,01) (01,1f) (3f,3f) (3f,3f) (3f,3f) (3f,3f) (3f,3f) (3f,3f) (3f,3f) (3f,3f) 
[:slot1:storager] TEMPC800 cell[00] <= 20c0 pc=00899a
[:slot1:storager] TEMPH  8386421.7us verify      alt=0 741e=20c0 743a=7442 74b4=0000 7462=0000 7a30=0101
[:slot1:storager] TEMPSTAGE sec=13 R=0e -> chunk=4180 | accepted[7428]=0008 ptr[741e]=20c0 pool[74ac]=74e4 remain[7956]=0004 | 796a=0001 7958=00000000 ledger[7654+01]=c0
[:slot1:storager] TEMPH  8395109.9us setup       alt=1 741e=20c0 743a=7442 74b4=0000 7462=0000 7a30=0101
[:slot1:storager] XSTATE  8395159.7us [741c] <= 0001
[:slot1:storager] PHASE  8395159.7us [741c] <= 0001 pc=007d5c
[:slot1:storager] CTX  8395159.7us [741c] <= 0001 pc=007d5c IPL=7  <-- IN ISR
[:slot1:storager] CNT  8395165.5us [79a4] <= 00bb pc=007d9c
[:slot1:storager] TEMPC800 cell[1f] <= 0000 pc=0088d4
[:slot1:storager] TEMPPROG start: 16 descriptors (port$3F pushes=8) [7abc]=0008: (00,17) (00,1c) (00,1d) (00,1d) (00,3f) (00,3f) (01,01) (01,1f) (3f,3f) (3f,3f) (3f,3f) (3f,3f) (3f,3f) (3f,3f) (3f,3f) (3f,3f) 
[:slot1:storager] TEMPC800 cell[00] <= 20c0 pc=00899a
[:slot1:storager] TEMPH  8395255.7us verify      alt=0 741e=20c0 743a=7442 74b4=0000 7462=0000 7a30=0101
[:slot1:storager] TEMPH  8397543.7us verify      alt=1 741e=20c0 743a=7442 74b4=0000 7462=0000 7a30=0101
[:slot1:storager] CNT  8397558.1us [79a4] <= 00ba pc=008a3c
[:slot1:storager] TEMPC800 cell[1f] <= 0000 pc=0088d4
[:slot1:storager] TEMPPROG start: 16 descriptors (port$3F pushes=8) [7abc]=0008: (00,17) (00,1c) (00,1d) (00,1d) (00,3f) (00,3f) (01,01) (01,1f) (3f,3f) (3f,3f) (3f,3f) (3f,3f) (3f,3f) (3f,3f) (3f,3f) (3f,3f) 
[:slot1:storager] TEMPC800 cell[00] <= 20c0 pc=00899a
[:slot1:storager] TEMPH  8397650.1us verify      alt=0 741e=20c0 743a=7442 74b4=0000 7462=0000 7a30=0101
[:slot1:storager] TEMPH  8399139.9us setup       alt=1 741e=20c0 743a=7442 74b4=0000 7462=0000 7a30=0101
[:slot1:storager] XSTATE  8399189.7us [741c] <= 0001
[:slot1:storager] PHASE  8399189.7us [741c] <= 0001 pc=007d5c
[:slot1:storager] CTX  8399189.7us [741c] <= 0001 pc=007d5c IPL=7  <-- IN ISR
[:slot1:storager] CNT  8399195.5us [79a4] <= 00b9 pc=007d9c
[:slot1:storager] TEMPC800 cell[1f] <= 0000 pc=0088d4
[:slot1:storager] TEMPPROG start: 16 descriptors (port$3F pushes=8) [7abc]=0008: (00,17) (00,1c) (00,1d) (00,1d) (00,3f) (00,3f) (01,01) (01,1f) (3f,3f) (3f,3f) (3f,3f) (3f,3f) (3f,3f) (3f,3f) (3f,3f) (3f,3f) 
[:slot1:storager] TEMPC800 cell[00] <= 20c0 pc=00899a
[:slot1:storager] TEMPH  8399285.7us verify      alt=0 741e=20c0 743a=7442 74b4=0000 7462=0000 7a30=0101
[:slot1:storager] TICK  8402325.5us head[736c]=7360 [736e]=7360 [7370]=730c [7b12]=0000 [7a36]=0001 [7a38]=0000
[:slot1:storager] PIT  8402346.5us ff8000 <= ffff mask=00ff pc=002bc4
[:slot1:storager] TEMPSTAGE sec=14 R=0f -> chunk=4180 | accepted[7428]=0008 ptr[741e]=20c0 pool[74ac]=74e4 remain[7956]=0004 | 796a=0001 7958=00000000 ledger[7654+01]=c0
[:slot1:storager] TEMPH  8407973.9us setup       alt=1 741e=20c0 743a=7442 74b4=0000 7462=0000 7a30=0101
[:slot1:storager] XSTATE  8408023.7us [741c] <= 0001
[:slot1:storager] PHASE  8408023.7us [741c] <= 0001 pc=007d5c
[:slot1:storager] CTX  8408023.7us [741c] <= 0001 pc=007d5c IPL=7  <-- IN ISR
[:slot1:storager] CNT  8408029.5us [79a4] <= 00b8 pc=007d9c
[:slot1:storager] TEMPC800 cell[1f] <= 0000 pc=0088d4
[:slot1:storager] TEMPPROG start: 16 descriptors (port$3F pushes=8) [7abc]=0008: (00,17) (00,1c) (00,1d) (00,1d) (00,3f) (00,3f) (01,01) (01,1f) (3f,3f) (3f,3f) (3f,3f) (3f,3f) (3f,3f) (3f,3f) (3f,3f) (3f,3f) 
[:slot1:storager] TEMPC800 cell[00] <= 20c0 pc=00899a
[:slot1:storager] TEMPH  8408119.7us verify      alt=0 741e=20c0 743a=7442 74b4=0000 7462=0000 7a30=0101
[:slot1:storager] TEMPH  8410007.7us verify      alt=1 741e=20c0 743a=7442 74b4=0000 7462=0000 7a30=0101
[:slot1:storager] CNT  8410022.1us [79a4] <= 00b7 pc=008a3c
[:slot1:storager] TEMPC800 cell[1f] <= 0000 pc=0088d4
[:slot1:storager] TEMPPROG start: 16 descriptors (port$3F pushes=8) [7abc]=0008: (00,17) (00,1c) (00,1d) (00,1d) (00,3f) (00,3f) (01,01) (01,1f) (3f,3f) (3f,3f) (3f,3f) (3f,3f) (3f,3f) (3f,3f) (3f,3f) (3f,3f) 
[:slot1:storager] TEMPC800 cell[00] <= 20c0 pc=00899a
[:slot1:storager] TEMPH  8410114.1us verify      alt=0 741e=20c0 743a=7442 74b4=0000 7462=0000 7a30=0101
[:slot1:storager] TEMPH  8412402.9us setup       alt=1 741e=20c0 743a=7442 74b4=0000 7462=0000 7a30=0101
[:slot1:storager] XSTATE  8412452.7us [741c] <= 0001
[:slot1:storager] PHASE  8412452.7us [741c] <= 0001 pc=007d5c
[:slot1:storager] CTX  8412452.7us [741c] <= 0001 pc=007d5c IPL=7  <-- IN ISR
[:slot1:storager] CNT  8412458.5us [79a4] <= 00b6 pc=007d9c
[:slot1:storager] TEMPC800 cell[1f] <= 0000 pc=0088d4
[:slot1:storager] TEMPPROG start: 16 descriptors (port$3F pushes=8) [7abc]=0008: (00,17) (00,1c) (00,1d) (00,1d) (00,3f) (00,3f) (01,01) (01,1f) (3f,3f) (3f,3f) (3f,3f) (3f,3f) (3f,3f) (3f,3f) (3f,3f) (3f,3f) 
[:slot1:storager] TEMPC800 cell[00] <= 20c0 pc=00899a
[:slot1:storager] TEMPH  8412548.7us verify      alt=0 741e=20c0 743a=7442 74b4=0000 7462=0000 7a30=0101
[:slot1:storager] TEMPSTAGE sec=15 R=10 -> chunk=4180 | accepted[7428]=0008 ptr[741e]=20c0 pool[74ac]=74e4 remain[7956]=0004 | 796a=0001 7958=00000000 ledger[7654+01]=c0
[:slot1:storager] TEMPH  8420837.9us setup       alt=1 741e=20c0 743a=7442 74b4=0000 7462=0000 7a30=0101
[:slot1:storager] XSTATE  8420887.7us [741c] <= 0001
[:slot1:storager] PHASE  8420887.7us [741c] <= 0001 pc=007d5c
[:slot1:storager] CTX  8420887.7us [741c] <= 0001 pc=007d5c IPL=7  <-- IN ISR
[:slot1:storager] CNT  8420893.5us [79a4] <= 00b5 pc=007d9c
[:slot1:storager] TEMPC800 cell[1f] <= 0000 pc=0088d4
[:slot1:storager] TEMPPROG start: 16 descriptors (port$3F pushes=8) [7abc]=0008: (00,17) (00,1c) (00,1d) (00,1d) (00,3f) (00,3f) (01,01) (01,1f) (3f,3f) (3f,3f) (3f,3f) (3f,3f) (3f,3f) (3f,3f) (3f,3f) (3f,3f) 
[:slot1:storager] TEMPC800 cell[00] <= 20c0 pc=00899a
[:slot1:storager] TEMPH  8420983.7us verify      alt=0 741e=20c0 743a=7442 74b4=0000 7462=0000 7a30=0101
[:slot1:storager] TEMPH  8422870.7us verify      alt=1 741e=20c0 743a=7442 74b4=0000 7462=0000 7a30=0101
[:slot1:storager] CNT  8422885.1us [79a4] <= 00b4 pc=008a3c
[:slot1:storager] TEMPC800 cell[1f] <= 0000 pc=0088d4
[:slot1:storager] TEMPPROG start: 16 descriptors (port$3F pushes=8) [7abc]=0008: (00,17) (00,1c) (00,1d) (00,1d) (00,3f) (00,3f) (01,01) (01,1f) (3f,3f) (3f,3f) (3f,3f) (3f,3f) (3f,3f) (3f,3f) (3f,3f) (3f,3f) 
[:slot1:storager] TEMPC800 cell[00] <= 20c0 pc=00899a
[:slot1:storager] TEMPH  8422977.1us verify      alt=0 741e=20c0 743a=7442 74b4=0000 7462=0000 7a30=0101
[:slot1:storager] TEMPH  8424866.9us setup       alt=1 741e=20c0 743a=7442 74b4=0000 7462=0000 7a30=0101
[:slot1:storager] XSTATE  8424916.7us [741c] <= 0001
[:slot1:storager] PHASE  8424916.7us [741c] <= 0001 pc=007d5c
[:slot1:storager] CTX  8424916.7us [741c] <= 0001 pc=007d5c IPL=7  <-- IN ISR
[:slot1:storager] CNT  8424922.5us [79a4] <= 00b3 pc=007d9c
[:slot1:storager] TEMPC800 cell[1f] <= 0000 pc=0088d4
[:slot1:storager] TEMPPROG start: 16 descriptors (port$3F pushes=8) [7abc]=0008: (00,17) (00,1c) (00,1d) (00,1d) (00,3f) (00,3f) (01,01) (01,1f) (3f,3f) (3f,3f) (3f,3f) (3f,3f) (3f,3f) (3f,3f) (3f,3f) (3f,3f) 
[:slot1:storager] TEMPC800 cell[00] <= 20c0 pc=00899a
[:slot1:storager] TEMPH  8425012.7us verify      alt=0 741e=20c0 743a=7442 74b4=0000 7462=0000 7a30=0101
[:slot1:storager] TICK  8428441.5us head[736c]=7360 [736e]=7360 [7370]=730c [7b12]=0000 [7a36]=0001 [7a38]=0000
[:slot1:storager] PIT  8428462.5us ff8000 <= ffff mask=00ff pc=002bc4
[:slot1:storager] TEMPSTAGE sec=0 R=01 -> chunk=4180 | accepted[7428]=0008 ptr[741e]=20c0 pool[74ac]=74e4 remain[7956]=0004 | 796a=0001 7958=00000000 ledger[7654+01]=c0
[:slot1:storager] TEMPH  8434102.9us setup       alt=1 741e=20c0 743a=7442 74b4=0000 7462=0000 7a30=0101
[:slot1:storager] XSTATE  8434152.7us [741c] <= 0001
[:slot1:storager] PHASE  8434152.7us [741c] <= 0001 pc=007d5c
[:slot1:storager] CTX  8434152.7us [741c] <= 0001 pc=007d5c IPL=7  <-- IN ISR
[:slot1:storager] CNT  8434158.5us [79a4] <= 00b2 pc=007d9c
[:slot1:storager] TEMPC800 cell[1f] <= 0000 pc=0088d4
[:slot1:storager] TEMPPROG start: 16 descriptors (port$3F pushes=8) [7abc]=0008: (00,17) (00,1c) (00,1d) (00,1d) (00,3f) (00,3f) (01,01) (01,1f) (3f,3f) (3f,3f) (3f,3f) (3f,3f) (3f,3f) (3f,3f) (3f,3f) (3f,3f) 
[:slot1:storager] TEMPC800 cell[00] <= 20c0 pc=00899a
[:slot1:storager] TEMPH  8434248.7us verify      alt=0 741e=20c0 743a=7442 74b4=0000 7462=0000 7a30=0101
[:slot1:storager] TEMPH  8435736.7us verify      alt=1 741e=20c0 743a=7442 74b4=0000 7462=0000 7a30=0101
[:slot1:storager] CNT  8435751.1us [79a4] <= 00b1 pc=008a3c
[:slot1:storager] TEMPC800 cell[1f] <= 0000 pc=0088d4
[:slot1:storager] TEMPPROG start: 16 descriptors (port$3F pushes=8) [7abc]=0008: (00,17) (00,1c) (00,1d) (00,1d) (00,3f) (00,3f) (01,01) (01,1f) (3f,3f) (3f,3f) (3f,3f) (3f,3f) (3f,3f) (3f,3f) (3f,3f) (3f,3f) 
[:slot1:storager] TEMPC800 cell[00] <= 20c0 pc=00899a
[:slot1:storager] TEMPH  8435843.1us verify      alt=0 741e=20c0 743a=7442 74b4=0000 7462=0000 7a30=0101
[:slot1:storager] TEMPH  8437730.9us setup       alt=1 741e=20c0 743a=7442 74b4=0000 7462=0000 7a30=0101
[:slot1:storager] XSTATE  8437780.7us [741c] <= 0001
[:slot1:storager] PHASE  8437780.7us [741c] <= 0001 pc=007d5c
[:slot1:storager] CTX  8437780.7us [741c] <= 0001 pc=007d5c IPL=7  <-- IN ISR
[:slot1:storager] CNT  8437786.5us [79a4] <= 00b0 pc=007d9c
[:slot1:storager] TEMPC800 cell[1f] <= 0000 pc=0088d4
[:slot1:storager] TEMPPROG start: 16 descriptors (port$3F pushes=8) [7abc]=0008: (00,17) (00,1c) (00,1d) (00,1d) (00,3f) (00,3f) (01,01) (01,1f) (3f,3f) (3f,3f) (3f,3f) (3f,3f) (3f,3f) (3f,3f) (3f,3f) (3f,3f) 
[:slot1:storager] TEMPC800 cell[00] <= 20c0 pc=00899a
[:slot1:storager] TEMPH  8437876.7us verify      alt=0 741e=20c0 743a=7442 74b4=0000 7462=0000 7a30=0101
[:slot1:storager] TEMPSTAGE sec=1 R=02 -> chunk=4180 | accepted[7428]=0008 ptr[741e]=20c0 pool[74ac]=74e4 remain[7956]=0004 | 796a=0001 7958=00000000 ledger[7654+01]=c0
[:slot1:storager] TEMPH  8446564.9us setup       alt=1 741e=20c0 743a=7442 74b4=0000 7462=0000 7a30=0101
[:slot1:storager] XSTATE  8446614.7us [741c] <= 0001
[:slot1:storager] PHASE  8446614.7us [741c] <= 0001 pc=007d5c
[:slot1:storager] CTX  8446614.7us [741c] <= 0001 pc=007d5c IPL=7  <-- IN ISR
[:slot1:storager] CNT  8446620.5us [79a4] <= 00af pc=007d9c
[:slot1:storager] TEMPC800 cell[1f] <= 0000 pc=0088d4
[:slot1:storager] TEMPPROG start: 16 descriptors (port$3F pushes=8) [7abc]=0008: (00,17) (00,1c) (00,1d) (00,1d) (00,3f) (00,3f) (01,01) (01,1f) (3f,3f) (3f,3f) (3f,3f) (3f,3f) (3f,3f) (3f,3f) (3f,3f) (3f,3f) 
[:slot1:storager] TEMPC800 cell[00] <= 20c0 pc=00899a
[:slot1:storager] TEMPH  8446710.7us verify      alt=0 741e=20c0 743a=7442 74b4=0000 7462=0000 7a30=0101
[:slot1:storager] TEMPH  8448597.7us verify      alt=1 741e=20c0 743a=7442 74b4=0000 7462=0000 7a30=0101
[:slot1:storager] CNT  8448612.1us [79a4] <= 00ae pc=008a3c
[:slot1:storager] TEMPC800 cell[1f] <= 0000 pc=0088d4
[:slot1:storager] TEMPPROG start: 16 descriptors (port$3F pushes=8) [7abc]=0008: (00,17) (00,1c) (00,1d) (00,1d) (00,3f) (00,3f) (01,01) (01,1f) (3f,3f) (3f,3f) (3f,3f) (3f,3f) (3f,3f) (3f,3f) (3f,3f) (3f,3f) 
[:slot1:storager] TEMPC800 cell[00] <= 20c0 pc=00899a
[:slot1:storager] TEMPH  8448704.1us verify      alt=0 741e=20c0 743a=7442 74b4=0000 7462=0000 7a30=0101
[:slot1:storager] TEMPH  8450592.9us setup       alt=1 741e=20c0 743a=7442 74b4=0000 7462=0000 7a30=0101
[:slot1:storager] XSTATE  8450642.7us [741c] <= 0001
[:slot1:storager] PHASE  8450642.7us [741c] <= 0001 pc=007d5c
[:slot1:storager] CTX  8450642.7us [741c] <= 0001 pc=007d5c IPL=7  <-- IN ISR
[:slot1:storager] CNT  8450648.5us [79a4] <= 00ad pc=007d9c
[:slot1:storager] TEMPC800 cell[1f] <= 0000 pc=0088d4
[:slot1:storager] TEMPPROG start: 16 descriptors (port$3F pushes=8) [7abc]=0008: (00,17) (00,1c) (00,1d) (00,1d) (00,3f) (00,3f) (01,01) (01,1f) (3f,3f) (3f,3f) (3f,3f) (3f,3f) (3f,3f) (3f,3f) (3f,3f) (3f,3f) 
[:slot1:storager] TEMPC800 cell[00] <= 20c0 pc=00899a
[:slot1:storager] TEMPH  8450738.7us verify      alt=0 741e=20c0 743a=7442 74b4=0000 7462=0000 7a30=0101
[:slot1:storager] TICK  8454556.5us head[736c]=7360 [736e]=7360 [7370]=730c [7b12]=0000 [7a36]=0001 [7a38]=0000
[:slot1:storager] PIT  8454577.5us ff8000 <= ffff mask=00ff pc=002bc4
[:slot1:storager] TEMPSTAGE sec=2 R=03 -> chunk=4180 | accepted[7428]=0008 ptr[741e]=20c0 pool[74ac]=74e4 remain[7956]=0004 | 796a=0001 7958=00000000 ledger[7654+01]=c0
[:slot1:storager] TEMPH  8459427.9us setup       alt=1 741e=20c0 743a=7442 74b4=0000 7462=0000 7a30=0101
[:slot1:storager] XSTATE  8459477.7us [741c] <= 0001
[:slot1:storager] PHASE  8459477.7us [741c] <= 0001 pc=007d5c
[:slot1:storager] CTX  8459477.7us [741c] <= 0001 pc=007d5c IPL=7  <-- IN ISR
[:slot1:storager] CNT  8459483.5us [79a4] <= 00ac pc=007d9c
[:slot1:storager] TEMPC800 cell[1f] <= 0000 pc=0088d4
[:slot1:storager] TEMPPROG start: 16 descriptors (port$3F pushes=8) [7abc]=0008: (00,17) (00,1c) (00,1d) (00,1d) (00,3f) (00,3f) (01,01) (01,1f) (3f,3f) (3f,3f) (3f,3f) (3f,3f) (3f,3f) (3f,3f) (3f,3f) (3f,3f) 
[:slot1:storager] TEMPC800 cell[00] <= 20c0 pc=00899a
[:slot1:storager] TEMPH  8459573.7us verify      alt=0 741e=20c0 743a=7442 74b4=0000 7462=0000 7a30=0101
[:slot1:storager] TEMPH  8461461.7us verify      alt=1 741e=20c0 743a=7442 74b4=0000 7462=0000 7a30=0101
[:slot1:storager] CNT  8461476.1us [79a4] <= 00ab pc=008a3c
[:slot1:storager] TEMPC800 cell[1f] <= 0000 pc=0088d4
[:slot1:storager] TEMPPROG start: 16 descriptors (port$3F pushes=8) [7abc]=0008: (00,17) (00,1c) (00,1d) (00,1d) (00,3f) (00,3f) (01,01) (01,1f) (3f,3f) (3f,3f) (3f,3f) (3f,3f) (3f,3f) (3f,3f) (3f,3f) (3f,3f) 
[:slot1:storager] TEMPC800 cell[00] <= 20c0 pc=00899a
[:slot1:storager] TEMPH  8461568.1us verify      alt=0 741e=20c0 743a=7442 74b4=0000 7462=0000 7a30=0101
[:slot1:storager] TEMPH  8463456.9us setup       alt=1 741e=20c0 743a=7442 74b4=0000 7462=0000 7a30=0101
[:slot1:storager] XSTATE  8463506.7us [741c] <= 0001
[:slot1:storager] PHASE  8463506.7us [741c] <= 0001 pc=007d5c
[:slot1:storager] CTX  8463506.7us [741c] <= 0001 pc=007d5c IPL=7  <-- IN ISR
[:slot1:storager] CNT  8463512.5us [79a4] <= 00aa pc=007d9c
[:slot1:storager] TEMPC800 cell[1f] <= 0000 pc=0088d4
[:slot1:storager] TEMPPROG start: 16 descriptors (port$3F pushes=8) [7abc]=0008: (00,17) (00,1c) (00,1d) (00,1d) (00,3f) (00,3f) (01,01) (01,1f) (3f,3f) (3f,3f) (3f,3f) (3f,3f) (3f,3f) (3f,3f) (3f,3f) (3f,3f) 
[:slot1:storager] TEMPC800 cell[00] <= 20c0 pc=00899a
[:slot1:storager] TEMPH  8463602.7us verify      alt=0 741e=20c0 743a=7442 74b4=0000 7462=0000 7a30=0101
[:slot1:storager] TEMPSTAGE sec=3 R=04 -> chunk=4180 | accepted[7428]=0008 ptr[741e]=20c0 pool[74ac]=74e4 remain[7956]=0004 | 796a=0001 7958=00000000 ledger[7654+01]=c0
[:slot1:storager] TEMPH  8472290.9us setup       alt=1 741e=20c0 743a=7442 74b4=0000 7462=0000 7a30=0101
[:slot1:storager] XSTATE  8472340.7us [741c] <= 0001
[:slot1:storager] PHASE  8472340.7us [741c] <= 0001 pc=007d5c
[:slot1:storager] CTX  8472340.7us [741c] <= 0001 pc=007d5c IPL=7  <-- IN ISR
[:slot1:storager] CNT  8472346.5us [79a4] <= 00a9 pc=007d9c
[:slot1:storager] TEMPC800 cell[1f] <= 0000 pc=0088d4
[:slot1:storager] TEMPPROG start: 16 descriptors (port$3F pushes=8) [7abc]=0008: (00,17) (00,1c) (00,1d) (00,1d) (00,3f) (00,3f) (01,01) (01,1f) (3f,3f) (3f,3f) (3f,3f) (3f,3f) (3f,3f) (3f,3f) (3f,3f) (3f,3f) 
[:slot1:storager] TEMPC800 cell[00] <= 20c0 pc=00899a
[:slot1:storager] TEMPH  8472436.7us verify      alt=0 741e=20c0 743a=7442 74b4=0000 7462=0000 7a30=0101
[:slot1:storager] TEMPH  8474724.7us verify      alt=1 741e=20c0 743a=7442 74b4=0000 7462=0000 7a30=0101
[:slot1:storager] CNT  8474739.1us [79a4] <= 00a8 pc=008a3c
[:slot1:storager] TEMPC800 cell[1f] <= 0000 pc=0088d4
[:slot1:storager] TEMPPROG start: 16 descriptors (port$3F pushes=8) [7abc]=0008: (00,17) (00,1c) (00,1d) (00,1d) (00,3f) (00,3f) (01,01) (01,1f) (3f,3f) (3f,3f) (3f,3f) (3f,3f) (3f,3f) (3f,3f) (3f,3f) (3f,3f) 
[:slot1:storager] TEMPC800 cell[00] <= 20c0 pc=00899a
[:slot1:storager] TEMPH  8474831.1us verify      alt=0 741e=20c0 743a=7442 74b4=0000 7462=0000 7a30=0101
[:slot1:storager] TEMPH  8476320.9us setup       alt=1 741e=20c0 743a=7442 74b4=0000 7462=0000 7a30=0101
[:slot1:storager] XSTATE  8476370.7us [741c] <= 0001
[:slot1:storager] PHASE  8476370.7us [741c] <= 0001 pc=007d5c
[:slot1:storager] CTX  8476370.7us [741c] <= 0001 pc=007d5c IPL=7  <-- IN ISR
[:slot1:storager] CNT  8476376.5us [79a4] <= 00a7 pc=007d9c
[:slot1:storager] TEMPC800 cell[1f] <= 0000 pc=0088d4
[:slot1:storager] TEMPPROG start: 16 descriptors (port$3F pushes=8) [7abc]=0008: (00,17) (00,1c) (00,1d) (00,1d) (00,3f) (00,3f) (01,01) (01,1f) (3f,3f) (3f,3f) (3f,3f) (3f,3f) (3f,3f) (3f,3f) (3f,3f) (3f,3f) 
[:slot1:storager] TEMPC800 cell[00] <= 20c0 pc=00899a
[:slot1:storager] TEMPH  8476466.7us verify      alt=0 741e=20c0 743a=7442 74b4=0000 7462=0000 7a30=0101
[:slot1:storager] TICK  8480690.5us head[736c]=7360 [736e]=7360 [7370]=730c [7b12]=0000 [7a36]=0001 [7a38]=0000
[:slot1:storager] PIT  8480711.5us ff8000 <= ffff mask=00ff pc=002bc4
[:slot1:storager] TEMPSTAGE sec=4 R=05 -> chunk=4180 | accepted[7428]=0008 ptr[741e]=20c0 pool[74ac]=74e4 remain[7956]=0004 | 796a=0001 7958=00000000 ledger[7654+01]=c0
[:slot1:storager] TEMPH  8485154.9us setup       alt=1 741e=20c0 743a=7442 74b4=0000 7462=0000 7a30=0101
[:slot1:storager] XSTATE  8485204.7us [741c] <= 0001
[:slot1:storager] PHASE  8485204.7us [741c] <= 0001 pc=007d5c
[:slot1:storager] CTX  8485204.7us [741c] <= 0001 pc=007d5c IPL=7  <-- IN ISR
[:slot1:storager] CNT  8485210.5us [79a4] <= 00a6 pc=007d9c
[:slot1:storager] TEMPC800 cell[1f] <= 0000 pc=0088d4
[:slot1:storager] TEMPPROG start: 16 descriptors (port$3F pushes=8) [7abc]=0008: (00,17) (00,1c) (00,1d) (00,1d) (00,3f) (00,3f) (01,01) (01,1f) (3f,3f) (3f,3f) (3f,3f) (3f,3f) (3f,3f) (3f,3f) (3f,3f) (3f,3f) 
[:slot1:storager] TEMPC800 cell[00] <= 20c0 pc=00899a
[:slot1:storager] TEMPH  8485300.7us verify      alt=0 741e=20c0 743a=7442 74b4=0000 7462=0000 7a30=0101
[:slot1:storager] TEMPH  8487188.7us verify      alt=1 741e=20c0 743a=7442 74b4=0000 7462=0000 7a30=0101
[:slot1:storager] CNT  8487203.1us [79a4] <= 00a5 pc=008a3c
[:slot1:storager] TEMPC800 cell[1f] <= 0000 pc=0088d4
[:slot1:storager] TEMPPROG start: 16 descriptors (port$3F pushes=8) [7abc]=0008: (00,17) (00,1c) (00,1d) (00,1d) (00,3f) (00,3f) (01,01) (01,1f) (3f,3f) (3f,3f) (3f,3f) (3f,3f) (3f,3f) (3f,3f) (3f,3f) (3f,3f) 
[:slot1:storager] TEMPC800 cell[00] <= 20c0 pc=00899a
[:slot1:storager] TEMPH  8487295.1us verify      alt=0 741e=20c0 743a=7442 74b4=0000 7462=0000 7a30=0101
[:slot1:storager] TEMPH  8489583.9us setup       alt=1 741e=20c0 743a=7442 74b4=0000 7462=0000 7a30=0101
[:slot1:storager] XSTATE  8489633.7us [741c] <= 0001
[:slot1:storager] PHASE  8489633.7us [741c] <= 0001 pc=007d5c
[:slot1:storager] CTX  8489633.7us [741c] <= 0001 pc=007d5c IPL=7  <-- IN ISR
[:slot1:storager] CNT  8489639.5us [79a4] <= 00a4 pc=007d9c
[:slot1:storager] TEMPC800 cell[1f] <= 0000 pc=0088d4
[:slot1:storager] TEMPPROG start: 16 descriptors (port$3F pushes=8) [7abc]=0008: (00,17) (00,1c) (00,1d) (00,1d) (00,3f) (00,3f) (01,01) (01,1f) (3f,3f) (3f,3f) (3f,3f) (3f,3f) (3f,3f) (3f,3f) (3f,3f) (3f,3f) 
[:slot1:storager] TEMPC800 cell[00] <= 20c0 pc=00899a
[:slot1:storager] TEMPH  8489729.7us verify      alt=0 741e=20c0 743a=7442 74b4=0000 7462=0000 7a30=0101
[:slot1:storager] TEMPSTAGE sec=5 R=06 -> chunk=4180 | accepted[7428]=0008 ptr[741e]=20c0 pool[74ac]=74e4 remain[7956]=0004 | 796a=0001 7958=00000000 ledger[7654+01]=c0
[:slot1:storager] TEMPH  8498018.9us setup       alt=1 741e=20c0 743a=7442 74b4=0000 7462=0000 7a30=0101
[:slot1:storager] XSTATE  8498068.7us [741c] <= 0001
[:slot1:storager] PHASE  8498068.7us [741c] <= 0001 pc=007d5c
[:slot1:storager] CTX  8498068.7us [741c] <= 0001 pc=007d5c IPL=7  <-- IN ISR
[:slot1:storager] CNT  8498074.5us [79a4] <= 00a3 pc=007d9c
[:slot1:storager] TEMPC800 cell[1f] <= 0000 pc=0088d4
[:slot1:storager] TEMPPROG start: 16 descriptors (port$3F pushes=8) [7abc]=0008: (00,17) (00,1c) (00,1d) (00,1d) (00,3f) (00,3f) (01,01) (01,1f) (3f,3f) (3f,3f) (3f,3f) (3f,3f) (3f,3f) (3f,3f) (3f,3f) (3f,3f) 
[:slot1:storager] TEMPC800 cell[00] <= 20c0 pc=00899a
[:slot1:storager] TEMPH  8498164.7us verify      alt=0 741e=20c0 743a=7442 74b4=0000 7462=0000 7a30=0101
[:slot3:serad] 8085 desc rd [013] -> 04 (pc=0a02) @8.50000
[:slot3:serad] 8085 desc rd [012] -> 00 (pc=0a02) @8.50000
[:slot3:serad] 8085 desc rd [015] -> 04 (pc=0a02) @8.50000
[:slot3:serad] 8085 desc rd [014] -> 00 (pc=0a02) @8.50000
[:slot3:serad] MBXDUMP en4=00 en5=3f sum2=00 sum3=80 ev6=00 ring12=0400 ring14=0400 cell[a0]=81 @8.5000
[:slot6:cpuap:cpu] CELLDUMP [a0]=81 en4=00 en5=3f sum2=00 ring12=0400 ring14=0400 @8.5000
[:slot1:storager] TEMPH  8500051.7us verify      alt=1 741e=20c0 743a=7442 74b4=0000 7462=0000 7a30=0101
[:slot1:storager] CNT  8500066.1us [79a4] <= 00a2 pc=008a3c
[:slot1:storager] TEMPC800 cell[1f] <= 0000 pc=0088d4
[:slot1:storager] TEMPPROG start: 16 descriptors (port$3F pushes=8) [7abc]=0008: (00,17) (00,1c) (00,1d) (00,1d) (00,3f) (00,3f) (01,01) (01,1f) (3f,3f) (3f,3f) (3f,3f) (3f,3f) (3f,3f) (3f,3f) (3f,3f) (3f,3f) 
[:slot1:storager] TEMPC800 cell[00] <= 20c0 pc=00899a
[:slot1:storager] TEMPH  8500158.1us verify      alt=0 741e=20c0 743a=7442 74b4=0000 7462=0000 7a30=0101
[:slot1:storager] TEMPH  8502047.9us setup       alt=1 741e=20c0 743a=7442 74b4=0000 7462=0000 7a30=0101
[:slot1:storager] XSTATE  8502097.7us [741c] <= 0001
[:slot1:storager] PHASE  8502097.7us [741c] <= 0001 pc=007d5c
[:slot1:storager] CTX  8502097.7us [741c] <= 0001 pc=007d5c IPL=7  <-- IN ISR
[:slot1:storager] CNT  8502103.5us [79a4] <= 00a1 pc=007d9c
[:slot1:storager] TEMPC800 cell[1f] <= 0000 pc=0088d4
[:slot1:storager] TEMPPROG start: 16 descriptors (port$3F pushes=8) [7abc]=0008: (00,17) (00,1c) (00,1d) (00,1d) (00,3f) (00,3f) (01,01) (01,1f) (3f,3f) (3f,3f) (3f,3f) (3f,3f) (3f,3f) (3f,3f) (3f,3f) (3f,3f) 
[:slot1:storager] TEMPC800 cell[00] <= 20c0 pc=00899a
[:slot1:storager] TEMPH  8502193.7us verify      alt=0 741e=20c0 743a=7442 74b4=0000 7462=0000 7a30=0101
[:slot1:storager] TICK  8506789.5us head[736c]=7360 [736e]=7360 [7370]=730c [7b12]=0000 [7a36]=0001 [7a38]=0000
[:slot1:storager] PIT  8506810.5us ff8000 <= ffff mask=00ff pc=002bc4
[:slot1:storager] TEMPSTAGE sec=6 R=07 -> chunk=4180 | accepted[7428]=0008 ptr[741e]=20c0 pool[74ac]=74e4 remain[7956]=0004 | 796a=0001 7958=00000000 ledger[7654+01]=c0
[:slot1:storager] TEMPH  8511282.9us setup       alt=1 741e=20c0 743a=7442 74b4=0000 7462=0000 7a30=0101
[:slot1:storager] XSTATE  8511332.7us [741c] <= 0001
[:slot1:storager] PHASE  8511332.7us [741c] <= 0001 pc=007d5c
[:slot1:storager] CTX  8511332.7us [741c] <= 0001 pc=007d5c IPL=7  <-- IN ISR
[:slot1:storager] CNT  8511338.5us [79a4] <= 00a0 pc=007d9c
[:slot1:storager] TEMPC800 cell[1f] <= 0000 pc=0088d4
[:slot1:storager] TEMPPROG start: 16 descriptors (port$3F pushes=8) [7abc]=0008: (00,17) (00,1c) (00,1d) (00,1d) (00,3f) (00,3f) (01,01) (01,1f) (3f,3f) (3f,3f) (3f,3f) (3f,3f) (3f,3f) (3f,3f) (3f,3f) (3f,3f) 
[:slot1:storager] TEMPC800 cell[00] <= 20c0 pc=00899a
[:slot1:storager] TEMPH  8511428.7us verify      alt=0 741e=20c0 743a=7442 74b4=0000 7462=0000 7a30=0101
[:slot1:storager] TEMPH  8512916.7us verify      alt=1 741e=20c0 743a=7442 74b4=0000 7462=0000 7a30=0101
[:slot1:storager] CNT  8512931.1us [79a4] <= 009f pc=008a3c
[:slot1:storager] TEMPC800 cell[1f] <= 0000 pc=0088d4
[:slot1:storager] TEMPPROG start: 16 descriptors (port$3F pushes=8) [7abc]=0008: (00,17) (00,1c) (00,1d) (00,1d) (00,3f) (00,3f) (01,01) (01,1f) (3f,3f) (3f,3f) (3f,3f) (3f,3f) (3f,3f) (3f,3f) (3f,3f) (3f,3f) 
[:slot1:storager] TEMPC800 cell[00] <= 20c0 pc=00899a
[:slot1:storager] TEMPH  8513023.1us verify      alt=0 741e=20c0 743a=7442 74b4=0000 7462=0000 7a30=0101
[:slot1:storager] TEMPH  8514910.9us setup       alt=1 741e=20c0 743a=7442 74b4=0000 7462=0000 7a30=0101
[:slot1:storager] XSTATE  8514960.7us [741c] <= 0001
[:slot1:storager] PHASE  8514960.7us [741c] <= 0001 pc=007d5c
[:slot1:storager] CTX  8514960.7us [741c] <= 0001 pc=007d5c IPL=7  <-- IN ISR
[:slot1:storager] CNT  8514966.5us [79a4] <= 009e pc=007d9c
[:slot1:storager] TEMPC800 cell[1f] <= 0000 pc=0088d4
[:slot1:storager] TEMPPROG start: 16 descriptors (port$3F pushes=8) [7abc]=0008: (00,17) (00,1c) (00,1d) (00,1d) (00,3f) (00,3f) (01,01) (01,1f) (3f,3f) (3f,3f) (3f,3f) (3f,3f) (3f,3f) (3f,3f) (3f,3f) (3f,3f) 
[:slot1:storager] TEMPC800 cell[00] <= 20c0 pc=00899a
[:slot1:storager] TEMPH  8515056.7us verify      alt=0 741e=20c0 743a=7442 74b4=0000 7462=0000 7a30=0101
[:slot1:storager] TEMPSTAGE sec=7 R=08 -> chunk=4180 | accepted[7428]=0008 ptr[741e]=20c0 pool[74ac]=74e4 remain[7956]=0004 | 796a=0001 7958=00000000 ledger[7654+01]=c0
[:slot1:storager] TEMPH  8523744.9us setup       alt=1 741e=20c0 743a=7442 74b4=0000 7462=0000 7a30=0101
[:slot1:storager] XSTATE  8523794.7us [741c] <= 0001
[:slot1:storager] PHASE  8523794.7us [741c] <= 0001 pc=007d5c
[:slot1:storager] CTX  8523794.7us [741c] <= 0001 pc=007d5c IPL=7  <-- IN ISR
[:slot1:storager] CNT  8523800.5us [79a4] <= 009d pc=007d9c
[:slot1:storager] TEMPC800 cell[1f] <= 0000 pc=0088d4
[:slot1:storager] TEMPPROG start: 16 descriptors (port$3F pushes=8) [7abc]=0008: (00,17) (00,1c) (00,1d) (00,1d) (00,3f) (00,3f) (01,01) (01,1f) (3f,3f) (3f,3f) (3f,3f) (3f,3f) (3f,3f) (3f,3f) (3f,3f) (3f,3f) 
[:slot1:storager] TEMPC800 cell[00] <= 20c0 pc=00899a
[:slot1:storager] TEMPH  8523890.7us verify      alt=0 741e=20c0 743a=7442 74b4=0000 7462=0000 7a30=0101
[:slot1:storager] TEMPH  8525777.7us verify      alt=1 741e=20c0 743a=7442 74b4=0000 7462=0000 7a30=0101
[:slot1:storager] CNT  8525792.1us [79a4] <= 009c pc=008a3c
[:slot1:storager] TEMPC800 cell[1f] <= 0000 pc=0088d4
[:slot1:storager] TEMPPROG start: 16 descriptors (port$3F pushes=8) [7abc]=0008: (00,17) (00,1c) (00,1d) (00,1d) (00,3f) (00,3f) (01,01) (01,1f) (3f,3f) (3f,3f) (3f,3f) (3f,3f) (3f,3f) (3f,3f) (3f,3f) (3f,3f) 
[:slot1:storager] TEMPC800 cell[00] <= 20c0 pc=00899a
[:slot1:storager] TEMPH  8525884.1us verify      alt=0 741e=20c0 743a=7442 74b4=0000 7462=0000 7a30=0101
[:slot1:storager] TEMPH  8527772.9us setup       alt=1 741e=20c0 743a=7442 74b4=0000 7462=0000 7a30=0101
[:slot1:storager] XSTATE  8527822.7us [741c] <= 0001
[:slot1:storager] PHASE  8527822.7us [741c] <= 0001 pc=007d5c
[:slot1:storager] CTX  8527822.7us [741c] <= 0001 pc=007d5c IPL=7  <-- IN ISR
[:slot1:storager] CNT  8527828.5us [79a4] <= 009b pc=007d9c
[:slot1:storager] TEMPC800 cell[1f] <= 0000 pc=0088d4
[:slot1:storager] TEMPPROG start: 16 descriptors (port$3F pushes=8) [7abc]=0008: (00,17) (00,1c) (00,1d) (00,1d) (00,3f) (00,3f) (01,01) (01,1f) (3f,3f) (3f,3f) (3f,3f) (3f,3f) (3f,3f) (3f,3f) (3f,3f) (3f,3f) 
[:slot1:storager] TEMPC800 cell[00] <= 20c0 pc=00899a
[:slot1:storager] TEMPH  8527918.7us verify      alt=0 741e=20c0 743a=7442 74b4=0000 7462=0000 7a30=0101
[:slot1:storager] TICK  8532906.5us head[736c]=7360 [736e]=7360 [7370]=730c [7b12]=0000 [7a36]=0001 [7a38]=0000
[:slot1:storager] PIT  8532927.5us ff8000 <= ffff mask=00ff pc=002bc4
[:slot1:storager] TEMPSTAGE sec=8 R=09 -> chunk=4180 | accepted[7428]=0008 ptr[741e]=20c0 pool[74ac]=74e4 remain[7956]=0004 | 796a=0001 7958=00000000 ledger[7654+01]=c0
[:slot1:storager] TEMPH  8536606.9us setup       alt=1 741e=20c0 743a=7442 74b4=0000 7462=0000 7a30=0101
[:slot1:storager] XSTATE  8536656.7us [741c] <= 0001
[:slot1:storager] PHASE  8536656.7us [741c] <= 0001 pc=007d5c
[:slot1:storager] CTX  8536656.7us [741c] <= 0001 pc=007d5c IPL=7  <-- IN ISR
[:slot1:storager] CNT  8536662.5us [79a4] <= 009a pc=007d9c
[:slot1:storager] TEMPC800 cell[1f] <= 0000 pc=0088d4
[:slot1:storager] TEMPPROG start: 16 descriptors (port$3F pushes=8) [7abc]=0008: (00,17) (00,1c) (00,1d) (00,1d) (00,3f) (00,3f) (01,01) (01,1f) (3f,3f) (3f,3f) (3f,3f) (3f,3f) (3f,3f) (3f,3f) (3f,3f) (3f,3f) 
[:slot1:storager] TEMPC800 cell[00] <= 20c0 pc=00899a
[:slot1:storager] TEMPH  8536752.7us verify      alt=0 741e=20c0 743a=7442 74b4=0000 7462=0000 7a30=0101
[:slot1:storager] TEMPH  8538641.7us verify      alt=1 741e=20c0 743a=7442 74b4=0000 7462=0000 7a30=0101
[:slot1:storager] CNT  8538656.1us [79a4] <= 0099 pc=008a3c
[:slot1:storager] TEMPC800 cell[1f] <= 0000 pc=0088d4
[:slot1:storager] TEMPPROG start: 16 descriptors (port$3F pushes=8) [7abc]=0008: (00,17) (00,1c) (00,1d) (00,1d) (00,3f) (00,3f) (01,01) (01,1f) (3f,3f) (3f,3f) (3f,3f) (3f,3f) (3f,3f) (3f,3f) (3f,3f) (3f,3f) 
[:slot1:storager] TEMPC800 cell[00] <= 20c0 pc=00899a
[:slot1:storager] TEMPH  8538748.1us verify      alt=0 741e=20c0 743a=7442 74b4=0000 7462=0000 7a30=0101
[:slot1:storager] TEMPH  8540636.9us setup       alt=1 741e=20c0 743a=7442 74b4=0000 7462=0000 7a30=0101
[:slot1:storager] XSTATE  8540686.7us [741c] <= 0001
[:slot1:storager] PHASE  8540686.7us [741c] <= 0001 pc=007d5c
[:slot1:storager] CTX  8540686.7us [741c] <= 0001 pc=007d5c IPL=7  <-- IN ISR
[:slot1:storager] CNT  8540692.5us [79a4] <= 0098 pc=007d9c
[:slot1:storager] TEMPC800 cell[1f] <= 0000 pc=0088d4
[:slot1:storager] TEMPPROG start: 16 descriptors (port$3F pushes=8) [7abc]=0008: (00,17) (00,1c) (00,1d) (00,1d) (00,3f) (00,3f) (01,01) (01,1f) (3f,3f) (3f,3f) (3f,3f) (3f,3f) (3f,3f) (3f,3f) (3f,3f) (3f,3f) 
[:slot1:storager] TEMPC800 cell[00] <= 20c0 pc=00899a
[:slot1:storager] TEMPH  8540782.7us verify      alt=0 741e=20c0 743a=7442 74b4=0000 7462=0000 7a30=0101
[:slot1:storager] TEMPSTAGE sec=9 R=0a -> chunk=4180 | accepted[7428]=0008 ptr[741e]=20c0 pool[74ac]=74e4 remain[7956]=0004 | 796a=0001 7958=00000000 ledger[7654+01]=c0
[:slot1:storager] TEMPH  8549470.9us setup       alt=1 741e=20c0 743a=7442 74b4=0000 7462=0000 7a30=0101
[:slot1:storager] XSTATE  8549520.7us [741c] <= 0001
[:slot1:storager] PHASE  8549520.7us [741c] <= 0001 pc=007d5c
[:slot1:storager] CTX  8549520.7us [741c] <= 0001 pc=007d5c IPL=7  <-- IN ISR
[:slot1:storager] CNT  8549526.5us [79a4] <= 0097 pc=007d9c
[:slot1:storager] TEMPC800 cell[1f] <= 0000 pc=0088d4
[:slot1:storager] TEMPPROG start: 16 descriptors (port$3F pushes=8) [7abc]=0008: (00,17) (00,1c) (00,1d) (00,1d) (00,3f) (00,3f) (01,01) (01,1f) (3f,3f) (3f,3f) (3f,3f) (3f,3f) (3f,3f) (3f,3f) (3f,3f) (3f,3f) 
[:slot1:storager] TEMPC800 cell[00] <= 20c0 pc=00899a
[:slot1:storager] TEMPH  8549616.7us verify      alt=0 741e=20c0 743a=7442 74b4=0000 7462=0000 7a30=0101
[:slot1:storager] TEMPH  8551904.7us verify      alt=1 741e=20c0 743a=7442 74b4=0000 7462=0000 7a30=0101
[:slot1:storager] CNT  8551919.1us [79a4] <= 0096 pc=008a3c
[:slot1:storager] TEMPC800 cell[1f] <= 0000 pc=0088d4
[:slot1:storager] TEMPPROG start: 16 descriptors (port$3F pushes=8) [7abc]=0008: (00,17) (00,1c) (00,1d) (00,1d) (00,3f) (00,3f) (01,01) (01,1f) (3f,3f) (3f,3f) (3f,3f) (3f,3f) (3f,3f) (3f,3f) (3f,3f) (3f,3f) 
[:slot1:storager] TEMPC800 cell[00] <= 20c0 pc=00899a
[:slot1:storager] TEMPH  8552011.1us verify      alt=0 741e=20c0 743a=7442 74b4=0000 7462=0000 7a30=0101
[:slot1:storager] TEMPH  8553500.9us setup       alt=1 741e=20c0 743a=7442 74b4=0000 7462=0000 7a30=0101
[:slot1:storager] XSTATE  8553550.7us [741c] <= 0001
[:slot1:storager] PHASE  8553550.7us [741c] <= 0001 pc=007d5c
[:slot1:storager] CTX  8553550.7us [741c] <= 0001 pc=007d5c IPL=7  <-- IN ISR
[:slot1:storager] CNT  8553556.5us [79a4] <= 0095 pc=007d9c
[:slot1:storager] TEMPC800 cell[1f] <= 0000 pc=0088d4
[:slot1:storager] TEMPPROG start: 16 descriptors (port$3F pushes=8) [7abc]=0008: (00,17) (00,1c) (00,1d) (00,1d) (00,3f) (00,3f) (01,01) (01,1f) (3f,3f) (3f,3f) (3f,3f) (3f,3f) (3f,3f) (3f,3f) (3f,3f) (3f,3f) 
[:slot1:storager] TEMPC800 cell[00] <= 20c0 pc=00899a
[:slot1:storager] TEMPH  8553646.7us verify      alt=0 741e=20c0 743a=7442 74b4=0000 7462=0000 7a30=0101
[:slot1:storager] TICK  8559022.5us head[736c]=7360 [736e]=7360 [7370]=730c [7b12]=0000 [7a36]=0001 [7a38]=0000
[:slot1:storager] PIT  8559043.5us ff8000 <= ffff mask=00ff pc=002bc4
[:slot1:storager] TEMPSTAGE sec=10 R=0b -> chunk=4180 | accepted[7428]=0008 ptr[741e]=20c0 pool[74ac]=74e4 remain[7956]=0004 | 796a=0001 7958=00000000 ledger[7654+01]=c0
[:slot1:storager] TEMPH  8562335.9us setup       alt=1 741e=20c0 743a=7442 74b4=0000 7462=0000 7a30=0101
[:slot1:storager] XSTATE  8562385.7us [741c] <= 0001
[:slot1:storager] PHASE  8562385.7us [741c] <= 0001 pc=007d5c
[:slot1:storager] CTX  8562385.7us [741c] <= 0001 pc=007d5c IPL=7  <-- IN ISR
[:slot1:storager] CNT  8562391.5us [79a4] <= 0094 pc=007d9c
[:slot1:storager] TEMPC800 cell[1f] <= 0000 pc=0088d4
[:slot1:storager] TEMPPROG start: 16 descriptors (port$3F pushes=8) [7abc]=0008: (00,17) (00,1c) (00,1d) (00,1d) (00,3f) (00,3f) (01,01) (01,1f) (3f,3f) (3f,3f) (3f,3f) (3f,3f) (3f,3f) (3f,3f) (3f,3f) (3f,3f) 
[:slot1:storager] TEMPC800 cell[00] <= 20c0 pc=00899a
[:slot1:storager] TEMPH  8562481.7us verify      alt=0 741e=20c0 743a=7442 74b4=0000 7462=0000 7a30=0101
[:slot1:storager] TEMPH  8564369.7us verify      alt=1 741e=20c0 743a=7442 74b4=0000 7462=0000 7a30=0101
[:slot1:storager] CNT  8564384.1us [79a4] <= 0093 pc=008a3c
[:slot1:storager] TEMPC800 cell[1f] <= 0000 pc=0088d4
[:slot1:storager] TEMPPROG start: 16 descriptors (port$3F pushes=8) [7abc]=0008: (00,17) (00,1c) (00,1d) (00,1d) (00,3f) (00,3f) (01,01) (01,1f) (3f,3f) (3f,3f) (3f,3f) (3f,3f) (3f,3f) (3f,3f) (3f,3f) (3f,3f) 
[:slot1:storager] TEMPC800 cell[00] <= 20c0 pc=00899a
[:slot1:storager] TEMPH  8564476.1us verify      alt=0 741e=20c0 743a=7442 74b4=0000 7462=0000 7a30=0101
[:slot1:storager] TEMPH  8566764.9us setup       alt=1 741e=20c0 743a=7442 74b4=0000 7462=0000 7a30=0101
[:slot1:storager] XSTATE  8566814.7us [741c] <= 0001
[:slot1:storager] PHASE  8566814.7us [741c] <= 0001 pc=007d5c
[:slot1:storager] CTX  8566814.7us [741c] <= 0001 pc=007d5c IPL=7  <-- IN ISR
[:slot1:storager] CNT  8566820.5us [79a4] <= 0092 pc=007d9c
[:slot1:storager] TEMPC800 cell[1f] <= 0000 pc=0088d4
[:slot1:storager] TEMPPROG start: 16 descriptors (port$3F pushes=8) [7abc]=0008: (00,17) (00,1c) (00,1d) (00,1d) (00,3f) (00,3f) (01,01) (01,1f) (3f,3f) (3f,3f) (3f,3f) (3f,3f) (3f,3f) (3f,3f) (3f,3f) (3f,3f) 
[:slot1:storager] TEMPC800 cell[00] <= 20c0 pc=00899a
[:slot1:storager] TEMPH  8566910.7us verify      alt=0 741e=20c0 743a=7442 74b4=0000 7462=0000 7a30=0101
[:slot1:storager] TEMPSTAGE sec=11 R=0c -> chunk=4180 | accepted[7428]=0008 ptr[741e]=20c0 pool[74ac]=74e4 remain[7956]=0004 | 796a=0001 7958=00000000 ledger[7654+01]=c0
[:slot1:storager] TEMPH  8575221.9us setup       alt=1 741e=20c0 743a=7442 74b4=0000 7462=0000 7a30=0101
[:slot1:storager] XSTATE  8575271.7us [741c] <= 0001
[:slot1:storager] PHASE  8575271.7us [741c] <= 0001 pc=007d5c
[:slot1:storager] CTX  8575271.7us [741c] <= 0001 pc=007d5c IPL=7  <-- IN ISR
[:slot1:storager] CNT  8575277.5us [79a4] <= 0091 pc=007d9c
[:slot1:storager] TEMPC800 cell[1f] <= 0000 pc=0088d4
[:slot1:storager] TEMPPROG start: 16 descriptors (port$3F pushes=8) [7abc]=0008: (00,17) (00,1c) (00,1d) (00,1d) (00,3f) (00,3f) (01,01) (01,1f) (3f,3f) (3f,3f) (3f,3f) (3f,3f) (3f,3f) (3f,3f) (3f,3f) (3f,3f) 
[:slot1:storager] TEMPC800 cell[00] <= 20c0 pc=00899a
[:slot1:storager] TEMPH  8575367.7us verify      alt=0 741e=20c0 743a=7442 74b4=0000 7462=0000 7a30=0101
[:slot1:storager] TEMPH  8577455.7us verify      alt=1 741e=20c0 743a=7442 74b4=0000 7462=0000 7a30=0101
[:slot1:storager] CNT  8577470.1us [79a4] <= 0090 pc=008a3c
[:slot1:storager] TEMPC800 cell[1f] <= 0000 pc=0088d4
[:slot1:storager] TEMPPROG start: 16 descriptors (port$3F pushes=8) [7abc]=0008: (00,17) (00,1c) (00,1d) (00,1d) (00,3f) (00,3f) (01,01) (01,1f) (3f,3f) (3f,3f) (3f,3f) (3f,3f) (3f,3f) (3f,3f) (3f,3f) (3f,3f) 
[:slot1:storager] TEMPC800 cell[00] <= 20c0 pc=00899a
[:slot1:storager] TEMPH  8577562.1us verify      alt=0 741e=20c0 743a=7442 74b4=0000 7462=0000 7a30=0101
[:slot1:storager] TEMPH  8579252.9us setup       alt=1 741e=20c0 743a=7442 74b4=0000 7462=0000 7a30=0101
[:slot1:storager] XSTATE  8579302.7us [741c] <= 0001
[:slot1:storager] PHASE  8579302.7us [741c] <= 0001 pc=007d5c
[:slot1:storager] CTX  8579302.7us [741c] <= 0001 pc=007d5c IPL=7  <-- IN ISR
[:slot1:storager] CNT  8579308.5us [79a4] <= 008f pc=007d9c
[:slot1:storager] TEMPC800 cell[1f] <= 0000 pc=0088d4
[:slot1:storager] TEMPPROG start: 16 descriptors (port$3F pushes=8) [7abc]=0008: (00,17) (00,1c) (00,1d) (00,1d) (00,3f) (00,3f) (01,01) (01,1f) (3f,3f) (3f,3f) (3f,3f) (3f,3f) (3f,3f) (3f,3f) (3f,3f) (3f,3f) 
[:slot1:storager] TEMPC800 cell[00] <= 20c0 pc=00899a
[:slot1:storager] TEMPH  8579398.7us verify      alt=0 741e=20c0 743a=7442 74b4=0000 7462=0000 7a30=0101
[:slot1:storager] TICK  8585139.5us head[736c]=7360 [736e]=7360 [7370]=730c [7b12]=0000 [7a36]=0001 [7a38]=0000
[:slot1:storager] PIT  8585160.5us ff8000 <= ffff mask=00ff pc=002bc4
[:slot1:storager] TEMPSTAGE sec=12 R=0d -> chunk=4180 | accepted[7428]=0008 ptr[741e]=20c0 pool[74ac]=74e4 remain[7956]=0004 | 796a=0001 7958=00000000 ledger[7654+01]=c0
[:slot1:storager] TEMPH  8588086.9us setup       alt=1 741e=20c0 743a=7442 74b4=0000 7462=0000 7a30=0101
[:slot1:storager] XSTATE  8588136.7us [741c] <= 0001
[:slot1:storager] PHASE  8588136.7us [741c] <= 0001 pc=007d5c
[:slot1:storager] CTX  8588136.7us [741c] <= 0001 pc=007d5c IPL=7  <-- IN ISR
[:slot1:storager] CNT  8588142.5us [79a4] <= 008e pc=007d9c
[:slot1:storager] TEMPC800 cell[1f] <= 0000 pc=0088d4
[:slot1:storager] TEMPPROG start: 16 descriptors (port$3F pushes=8) [7abc]=0008: (00,17) (00,1c) (00,1d) (00,1d) (00,3f) (00,3f) (01,01) (01,1f) (3f,3f) (3f,3f) (3f,3f) (3f,3f) (3f,3f) (3f,3f) (3f,3f) (3f,3f) 
[:slot1:storager] TEMPC800 cell[00] <= 20c0 pc=00899a
[:slot1:storager] TEMPH  8588232.7us verify      alt=0 741e=20c0 743a=7442 74b4=0000 7462=0000 7a30=0101
[:slot1:storager] TEMPH  8590120.7us verify      alt=1 741e=20c0 743a=7442 74b4=0000 7462=0000 7a30=0101
[:slot1:storager] CNT  8590135.1us [79a4] <= 008d pc=008a3c
[:slot1:storager] TEMPC800 cell[1f] <= 0000 pc=0088d4
[:slot1:storager] TEMPPROG start: 16 descriptors (port$3F pushes=8) [7abc]=0008: (00,17) (00,1c) (00,1d) (00,1d) (00,3f) (00,3f) (01,01) (01,1f) (3f,3f) (3f,3f) (3f,3f) (3f,3f) (3f,3f) (3f,3f) (3f,3f) (3f,3f) 
[:slot1:storager] TEMPC800 cell[00] <= 20c0 pc=00899a
[:slot1:storager] TEMPH  8590227.1us verify      alt=0 741e=20c0 743a=7442 74b4=0000 7462=0000 7a30=0101
[:slot1:storager] TEMPH  8592315.9us setup       alt=1 741e=20c0 743a=7442 74b4=0000 7462=0000 7a30=0101
[:slot1:storager] XSTATE  8592365.7us [741c] <= 0001
[:slot1:storager] PHASE  8592365.7us [741c] <= 0001 pc=007d5c
[:slot1:storager] CTX  8592365.7us [741c] <= 0001 pc=007d5c IPL=7  <-- IN ISR
[:slot1:storager] CNT  8592371.5us [79a4] <= 008c pc=007d9c
[:slot1:storager] TEMPC800 cell[1f] <= 0000 pc=0088d4
[:slot1:storager] TEMPPROG start: 16 descriptors (port$3F pushes=8) [7abc]=0008: (00,17) (00,1c) (00,1d) (00,1d) (00,3f) (00,3f) (01,01) (01,1f) (3f,3f) (3f,3f) (3f,3f) (3f,3f) (3f,3f) (3f,3f) (3f,3f) (3f,3f) 
[:slot1:storager] TEMPC800 cell[00] <= 20c0 pc=00899a
[:slot1:storager] TEMPH  8592461.7us verify      alt=0 741e=20c0 743a=7442 74b4=0000 7462=0000 7a30=0101
[:slot1:storager] TEMPSTAGE sec=13 R=0e -> chunk=4180 | accepted[7428]=0008 ptr[741e]=20c0 pool[74ac]=74e4 remain[7956]=0004 | 796a=0001 7958=00000000 ledger[7654+01]=c0
[:slot1:storager] TEMPH  8600949.9us setup       alt=1 741e=20c0 743a=7442 74b4=0000 7462=0000 7a30=0101
[:slot1:storager] XSTATE  8600999.7us [741c] <= 0001
[:slot1:storager] PHASE  8600999.7us [741c] <= 0001 pc=007d5c
[:slot1:storager] CTX  8600999.7us [741c] <= 0001 pc=007d5c IPL=7  <-- IN ISR
[:slot1:storager] CNT  8601005.5us [79a4] <= 008b pc=007d9c
[:slot1:storager] TEMPC800 cell[1f] <= 0000 pc=0088d4
[:slot1:storager] TEMPPROG start: 16 descriptors (port$3F pushes=8) [7abc]=0008: (00,17) (00,1c) (00,1d) (00,1d) (00,3f) (00,3f) (01,01) (01,1f) (3f,3f) (3f,3f) (3f,3f) (3f,3f) (3f,3f) (3f,3f) (3f,3f) (3f,3f) 
[:slot1:storager] TEMPC800 cell[00] <= 20c0 pc=00899a
[:slot1:storager] TEMPH  8601095.7us verify      alt=0 741e=20c0 743a=7442 74b4=0000 7462=0000 7a30=0101
[:slot1:storager] TEMPH  8602983.7us verify      alt=1 741e=20c0 743a=7442 74b4=0000 7462=0000 7a30=0101
[:slot1:storager] CNT  8602998.1us [79a4] <= 008a pc=008a3c
[:slot1:storager] TEMPC800 cell[1f] <= 0000 pc=0088d4
[:slot1:storager] TEMPPROG start: 16 descriptors (port$3F pushes=8) [7abc]=0008: (00,17) (00,1c) (00,1d) (00,1d) (00,3f) (00,3f) (01,01) (01,1f) (3f,3f) (3f,3f) (3f,3f) (3f,3f) (3f,3f) (3f,3f) (3f,3f) (3f,3f) 
[:slot1:storager] TEMPC800 cell[00] <= 20c0 pc=00899a
[:slot1:storager] TEMPH  8603090.1us verify      alt=0 741e=20c0 743a=7442 74b4=0000 7462=0000 7a30=0101
[:slot1:storager] TEMPH  8604978.9us setup       alt=1 741e=20c0 743a=7442 74b4=0000 7462=0000 7a30=0101
[:slot1:storager] XSTATE  8605028.7us [741c] <= 0001
[:slot1:storager] PHASE  8605028.7us [741c] <= 0001 pc=007d5c
[:slot1:storager] CTX  8605028.7us [741c] <= 0001 pc=007d5c IPL=7  <-- IN ISR
[:slot1:storager] CNT  8605034.5us [79a4] <= 0089 pc=007d9c
[:slot1:storager] TEMPC800 cell[1f] <= 0000 pc=0088d4
[:slot1:storager] TEMPPROG start: 16 descriptors (port$3F pushes=8) [7abc]=0008: (00,17) (00,1c) (00,1d) (00,1d) (00,3f) (00,3f) (01,01) (01,1f) (3f,3f) (3f,3f) (3f,3f) (3f,3f) (3f,3f) (3f,3f) (3f,3f) (3f,3f) 
[:slot1:storager] TEMPC800 cell[00] <= 20c0 pc=00899a
[:slot1:storager] TEMPH  8605124.7us verify      alt=0 741e=20c0 743a=7442 74b4=0000 7462=0000 7a30=0101
[:slot1:storager] TICK  8611275.5us head[736c]=7360 [736e]=7360 [7370]=730c [7b12]=0000 [7a36]=0001 [7a38]=0000
[:slot1:storager] PIT  8611296.5us ff8000 <= ffff mask=00ff pc=002bc4
[:slot1:storager] TEMPSTAGE sec=14 R=0f -> chunk=4180 | accepted[7428]=0008 ptr[741e]=20c0 pool[74ac]=74e4 remain[7956]=0004 | 796a=0001 7958=00000000 ledger[7654+01]=c0
[:slot1:storager] TEMPH  8614012.9us setup       alt=1 741e=20c0 743a=7442 74b4=0000 7462=0000 7a30=0101
[:slot1:storager] XSTATE  8614062.7us [741c] <= 0001
[:slot1:storager] PHASE  8614062.7us [741c] <= 0001 pc=007d5c
[:slot1:storager] CTX  8614062.7us [741c] <= 0001 pc=007d5c IPL=7  <-- IN ISR
[:slot1:storager] CNT  8614068.5us [79a4] <= 0088 pc=007d9c
[:slot1:storager] TEMPC800 cell[1f] <= 0000 pc=0088d4
[:slot1:storager] TEMPPROG start: 16 descriptors (port$3F pushes=8) [7abc]=0008: (00,17) (00,1c) (00,1d) (00,1d) (00,3f) (00,3f) (01,01) (01,1f) (3f,3f) (3f,3f) (3f,3f) (3f,3f) (3f,3f) (3f,3f) (3f,3f) (3f,3f) 
[:slot1:storager] TEMPC800 cell[00] <= 20c0 pc=00899a
[:slot1:storager] TEMPH  8614158.7us verify      alt=0 741e=20c0 743a=7442 74b4=0000 7462=0000 7a30=0101
[:slot1:storager] TEMPH  8615846.7us verify      alt=1 741e=20c0 743a=7442 74b4=0000 7462=0000 7a30=0101
[:slot1:storager] CNT  8615861.1us [79a4] <= 0087 pc=008a3c
[:slot1:storager] TEMPC800 cell[1f] <= 0000 pc=0088d4
[:slot1:storager] TEMPPROG start: 16 descriptors (port$3F pushes=8) [7abc]=0008: (00,17) (00,1c) (00,1d) (00,1d) (00,3f) (00,3f) (01,01) (01,1f) (3f,3f) (3f,3f) (3f,3f) (3f,3f) (3f,3f) (3f,3f) (3f,3f) (3f,3f) 
[:slot1:storager] TEMPC800 cell[00] <= 20c0 pc=00899a
[:slot1:storager] TEMPH  8615953.1us verify      alt=0 741e=20c0 743a=7442 74b4=0000 7462=0000 7a30=0101
[:slot1:storager] TEMPH  8617841.9us setup       alt=1 741e=20c0 743a=7442 74b4=0000 7462=0000 7a30=0101
[:slot1:storager] XSTATE  8617891.7us [741c] <= 0001
[:slot1:storager] PHASE  8617891.7us [741c] <= 0001 pc=007d5c
[:slot1:storager] CTX  8617891.7us [741c] <= 0001 pc=007d5c IPL=7  <-- IN ISR
[:slot1:storager] CNT  8617897.5us [79a4] <= 0086 pc=007d9c
[:slot1:storager] TEMPC800 cell[1f] <= 0000 pc=0088d4
[:slot1:storager] TEMPPROG start: 16 descriptors (port$3F pushes=8) [7abc]=0008: (00,17) (00,1c) (00,1d) (00,1d) (00,3f) (00,3f) (01,01) (01,1f) (3f,3f) (3f,3f) (3f,3f) (3f,3f) (3f,3f) (3f,3f) (3f,3f) (3f,3f) 
[:slot1:storager] TEMPC800 cell[00] <= 20c0 pc=00899a
[:slot1:storager] TEMPH  8617987.7us verify      alt=0 741e=20c0 743a=7442 74b4=0000 7462=0000 7a30=0101
[:slot1:storager] TEMPSTAGE sec=15 R=10 -> chunk=4180 | accepted[7428]=0008 ptr[741e]=20c0 pool[74ac]=74e4 remain[7956]=0004 | 796a=0001 7958=00000000 ledger[7654+01]=c0
[:slot1:storager] TEMPH  8626676.9us setup       alt=1 741e=20c0 743a=7442 74b4=0000 7462=0000 7a30=0101
[:slot1:storager] XSTATE  8626726.7us [741c] <= 0001
[:slot1:storager] PHASE  8626726.7us [741c] <= 0001 pc=007d5c
[:slot1:storager] CTX  8626726.7us [741c] <= 0001 pc=007d5c IPL=7  <-- IN ISR
[:slot1:storager] CNT  8626732.5us [79a4] <= 0085 pc=007d9c
[:slot1:storager] TEMPC800 cell[1f] <= 0000 pc=0088d4
[:slot1:storager] TEMPPROG start: 16 descriptors (port$3F pushes=8) [7abc]=0008: (00,17) (00,1c) (00,1d) (00,1d) (00,3f) (00,3f) (01,01) (01,1f) (3f,3f) (3f,3f) (3f,3f) (3f,3f) (3f,3f) (3f,3f) (3f,3f) (3f,3f) 
[:slot1:storager] TEMPC800 cell[00] <= 20c0 pc=00899a
[:slot1:storager] TEMPH  8626822.7us verify      alt=0 741e=20c0 743a=7442 74b4=0000 7462=0000 7a30=0101
[:slot1:storager] TEMPH  8628709.7us verify      alt=1 741e=20c0 743a=7442 74b4=0000 7462=0000 7a30=0101
[:slot1:storager] CNT  8628724.1us [79a4] <= 0084 pc=008a3c
[:slot1:storager] TEMPC800 cell[1f] <= 0000 pc=0088d4
[:slot1:storager] TEMPPROG start: 16 descriptors (port$3F pushes=8) [7abc]=0008: (00,17) (00,1c) (00,1d) (00,1d) (00,3f) (00,3f) (01,01) (01,1f) (3f,3f) (3f,3f) (3f,3f) (3f,3f) (3f,3f) (3f,3f) (3f,3f) (3f,3f) 
[:slot1:storager] TEMPC800 cell[00] <= 20c0 pc=00899a
[:slot1:storager] TEMPH  8628816.1us verify      alt=0 741e=20c0 743a=7442 74b4=0000 7462=0000 7a30=0101
[:slot1:storager] TEMPH  8630704.9us setup       alt=1 741e=20c0 743a=7442 74b4=0000 7462=0000 7a30=0101
[:slot1:storager] XSTATE  8630754.7us [741c] <= 0001
[:slot1:storager] PHASE  8630754.7us [741c] <= 0001 pc=007d5c
[:slot1:storager] CTX  8630754.7us [741c] <= 0001 pc=007d5c IPL=7  <-- IN ISR
[:slot1:storager] CNT  8630760.5us [79a4] <= 0083 pc=007d9c
[:slot1:storager] TEMPC800 cell[1f] <= 0000 pc=0088d4
[:slot1:storager] TEMPPROG start: 16 descriptors (port$3F pushes=8) [7abc]=0008: (00,17) (00,1c) (00,1d) (00,1d) (00,3f) (00,3f) (01,01) (01,1f) (3f,3f) (3f,3f) (3f,3f) (3f,3f) (3f,3f) (3f,3f) (3f,3f) (3f,3f) 
[:slot1:storager] TEMPC800 cell[00] <= 20c0 pc=00899a
[:slot1:storager] TEMPH  8630850.7us verify      alt=0 741e=20c0 743a=7442 74b4=0000 7462=0000 7a30=0101
[:slot1:storager] TICK  8637372.5us head[736c]=7360 [736e]=7360 [7370]=730c [7b12]=0000 [7a36]=0001 [7a38]=0000
[:slot1:storager] PIT  8637393.5us ff8000 <= ffff mask=00ff pc=002bc4
[:slot1:storager] TEMPSTAGE sec=0 R=01 -> chunk=4180 | accepted[7428]=0008 ptr[741e]=20c0 pool[74ac]=74e4 remain[7956]=0004 | 796a=0001 7958=00000000 ledger[7654+01]=c0
[:slot1:storager] TEMPH  8639539.9us setup       alt=1 741e=20c0 743a=7442 74b4=0000 7462=0000 7a30=0101
[:slot1:storager] XSTATE  8639589.7us [741c] <= 0001
[:slot1:storager] PHASE  8639589.7us [741c] <= 0001 pc=007d5c
[:slot1:storager] CTX  8639589.7us [741c] <= 0001 pc=007d5c IPL=7  <-- IN ISR
[:slot1:storager] CNT  8639595.5us [79a4] <= 0082 pc=007d9c
[:slot1:storager] TEMPC800 cell[1f] <= 0000 pc=0088d4
[:slot1:storager] TEMPPROG start: 16 descriptors (port$3F pushes=8) [7abc]=0008: (00,17) (00,1c) (00,1d) (00,1d) (00,3f) (00,3f) (01,01) (01,1f) (3f,3f) (3f,3f) (3f,3f) (3f,3f) (3f,3f) (3f,3f) (3f,3f) (3f,3f) 
[:slot1:storager] TEMPC800 cell[00] <= 20c0 pc=00899a
[:slot1:storager] TEMPH  8639685.7us verify      alt=0 741e=20c0 743a=7442 74b4=0000 7462=0000 7a30=0101
[:slot1:storager] TEMPH  8641573.7us verify      alt=1 741e=20c0 743a=7442 74b4=0000 7462=0000 7a30=0101
[:slot1:storager] CNT  8641588.1us [79a4] <= 0081 pc=008a3c
[:slot1:storager] TEMPC800 cell[1f] <= 0000 pc=0088d4
[:slot1:storager] TEMPPROG start: 16 descriptors (port$3F pushes=8) [7abc]=0008: (00,17) (00,1c) (00,1d) (00,1d) (00,3f) (00,3f) (01,01) (01,1f) (3f,3f) (3f,3f) (3f,3f) (3f,3f) (3f,3f) (3f,3f) (3f,3f) (3f,3f) 
[:slot1:storager] TEMPC800 cell[00] <= 20c0 pc=00899a
[:slot1:storager] TEMPH  8641680.1us verify      alt=0 741e=20c0 743a=7442 74b4=0000 7462=0000 7a30=0101
[:slot1:storager] TEMPH  8643568.9us setup       alt=1 741e=20c0 743a=7442 74b4=0000 7462=0000 7a30=0101
[:slot1:storager] XSTATE  8643618.7us [741c] <= 0001
[:slot1:storager] PHASE  8643618.7us [741c] <= 0001 pc=007d5c
[:slot1:storager] CTX  8643618.7us [741c] <= 0001 pc=007d5c IPL=7  <-- IN ISR
[:slot1:storager] CNT  8643624.5us [79a4] <= 0080 pc=007d9c
[:slot1:storager] TEMPC800 cell[1f] <= 0000 pc=0088d4
[:slot1:storager] TEMPPROG start: 16 descriptors (port$3F pushes=8) [7abc]=0008: (00,17) (00,1c) (00,1d) (00,1d) (00,3f) (00,3f) (01,01) (01,1f) (3f,3f) (3f,3f) (3f,3f) (3f,3f) (3f,3f) (3f,3f) (3f,3f) (3f,3f) 
[:slot1:storager] TEMPC800 cell[00] <= 20c0 pc=00899a
[:slot1:storager] TEMPH  8643714.7us verify      alt=0 741e=20c0 743a=7442 74b4=0000 7462=0000 7a30=0101
[:slot1:storager] TEMPSTAGE sec=1 R=02 -> chunk=4180 | accepted[7428]=0008 ptr[741e]=20c0 pool[74ac]=74e4 remain[7956]=0004 | 796a=0001 7958=00000000 ledger[7654+01]=c0
[:slot1:storager] TEMPH  8652403.9us setup       alt=1 741e=20c0 743a=7442 74b4=0000 7462=0000 7a30=0101
[:slot1:storager] XSTATE  8652453.7us [741c] <= 0001
[:slot1:storager] PHASE  8652453.7us [741c] <= 0001 pc=007d5c
[:slot1:storager] CTX  8652453.7us [741c] <= 0001 pc=007d5c IPL=7  <-- IN ISR
[:slot1:storager] CNT  8652459.5us [79a4] <= 007f pc=007d9c
[:slot1:storager] TEMPC800 cell[1f] <= 0000 pc=0088d4
[:slot1:storager] TEMPPROG start: 16 descriptors (port$3F pushes=8) [7abc]=0008: (00,17) (00,1c) (00,1d) (00,1d) (00,3f) (00,3f) (01,01) (01,1f) (3f,3f) (3f,3f) (3f,3f) (3f,3f) (3f,3f) (3f,3f) (3f,3f) (3f,3f) 
[:slot1:storager] TEMPC800 cell[00] <= 20c0 pc=00899a
[:slot1:storager] TEMPH  8652549.7us verify      alt=0 741e=20c0 743a=7442 74b4=0000 7462=0000 7a30=0101
[:slot1:storager] TEMPH  8654637.7us verify      alt=1 741e=20c0 743a=7442 74b4=0000 7462=0000 7a30=0101
[:slot1:storager] CNT  8654652.1us [79a4] <= 007e pc=008a3c
[:slot1:storager] TEMPC800 cell[1f] <= 0000 pc=0088d4
[:slot1:storager] TEMPPROG start: 16 descriptors (port$3F pushes=8) [7abc]=0008: (00,17) (00,1c) (00,1d) (00,1d) (00,3f) (00,3f) (01,01) (01,1f) (3f,3f) (3f,3f) (3f,3f) (3f,3f) (3f,3f) (3f,3f) (3f,3f) (3f,3f) 
[:slot1:storager] TEMPC800 cell[00] <= 20c0 pc=00899a
[:slot1:storager] TEMPH  8654744.1us verify      alt=0 741e=20c0 743a=7442 74b4=0000 7462=0000 7a30=0101
[:slot1:storager] TEMPH  8656432.9us setup       alt=1 741e=20c0 743a=7442 74b4=0000 7462=0000 7a30=0101
[:slot1:storager] XSTATE  8656482.7us [741c] <= 0001
[:slot1:storager] PHASE  8656482.7us [741c] <= 0001 pc=007d5c
[:slot1:storager] CTX  8656482.7us [741c] <= 0001 pc=007d5c IPL=7  <-- IN ISR
[:slot1:storager] CNT  8656488.5us [79a4] <= 007d pc=007d9c
[:slot1:storager] TEMPC800 cell[1f] <= 0000 pc=0088d4
[:slot1:storager] TEMPPROG start: 16 descriptors (port$3F pushes=8) [7abc]=0008: (00,17) (00,1c) (00,1d) (00,1d) (00,3f) (00,3f) (01,01) (01,1f) (3f,3f) (3f,3f) (3f,3f) (3f,3f) (3f,3f) (3f,3f) (3f,3f) (3f,3f) 
[:slot1:storager] TEMPC800 cell[00] <= 20c0 pc=00899a
[:slot1:storager] TEMPH  8656578.7us verify      alt=0 741e=20c0 743a=7442 74b4=0000 7462=0000 7a30=0101
[:slot1:storager] TICK  8663488.5us head[736c]=7360 [736e]=7360 [7370]=730c [7b12]=0000 [7a36]=0001 [7a38]=0000
[:slot1:storager] PIT  8663509.5us ff8000 <= ffff mask=00ff pc=002bc4
[:slot1:storager] TEMPSTAGE sec=2 R=03 -> chunk=4180 | accepted[7428]=0008 ptr[741e]=20c0 pool[74ac]=74e4 remain[7956]=0004 | 796a=0001 7958=00000000 ledger[7654+01]=c0
[:slot1:storager] TEMPH  8665266.9us setup       alt=1 741e=20c0 743a=7442 74b4=0000 7462=0000 7a30=0101
[:slot1:storager] XSTATE  8665316.7us [741c] <= 0001
[:slot1:storager] PHASE  8665316.7us [741c] <= 0001 pc=007d5c
[:slot1:storager] CTX  8665316.7us [741c] <= 0001 pc=007d5c IPL=7  <-- IN ISR
[:slot1:storager] CNT  8665322.5us [79a4] <= 007c pc=007d9c
[:slot1:storager] TEMPC800 cell[1f] <= 0000 pc=0088d4
[:slot1:storager] TEMPPROG start: 16 descriptors (port$3F pushes=8) [7abc]=0008: (00,17) (00,1c) (00,1d) (00,1d) (00,3f) (00,3f) (01,01) (01,1f) (3f,3f) (3f,3f) (3f,3f) (3f,3f) (3f,3f) (3f,3f) (3f,3f) (3f,3f) 
[:slot1:storager] TEMPC800 cell[00] <= 20c0 pc=00899a
[:slot1:storager] TEMPH  8665412.7us verify      alt=0 741e=20c0 743a=7442 74b4=0000 7462=0000 7a30=0101
[:slot1:storager] TEMPH  8667299.7us verify      alt=1 741e=20c0 743a=7442 74b4=0000 7462=0000 7a30=0101
[:slot1:storager] CNT  8667314.1us [79a4] <= 007b pc=008a3c
[:slot1:storager] TEMPC800 cell[1f] <= 0000 pc=0088d4
[:slot1:storager] TEMPPROG start: 16 descriptors (port$3F pushes=8) [7abc]=0008: (00,17) (00,1c) (00,1d) (00,1d) (00,3f) (00,3f) (01,01) (01,1f) (3f,3f) (3f,3f) (3f,3f) (3f,3f) (3f,3f) (3f,3f) (3f,3f) (3f,3f) 
[:slot1:storager] TEMPC800 cell[00] <= 20c0 pc=00899a
[:slot1:storager] TEMPH  8667406.1us verify      alt=0 741e=20c0 743a=7442 74b4=0000 7462=0000 7a30=0101
[:slot1:storager] TEMPH  8669495.9us setup       alt=1 741e=20c0 743a=7442 74b4=0000 7462=0000 7a30=0101
[:slot1:storager] XSTATE  8669545.7us [741c] <= 0001
[:slot1:storager] PHASE  8669545.7us [741c] <= 0001 pc=007d5c
[:slot1:storager] CTX  8669545.7us [741c] <= 0001 pc=007d5c IPL=7  <-- IN ISR
[:slot1:storager] CNT  8669551.5us [79a4] <= 007a pc=007d9c
[:slot1:storager] TEMPC800 cell[1f] <= 0000 pc=0088d4
[:slot1:storager] TEMPPROG start: 16 descriptors (port$3F pushes=8) [7abc]=0008: (00,17) (00,1c) (00,1d) (00,1d) (00,3f) (00,3f) (01,01) (01,1f) (3f,3f) (3f,3f) (3f,3f) (3f,3f) (3f,3f) (3f,3f) (3f,3f) (3f,3f) 
[:slot1:storager] TEMPC800 cell[00] <= 20c0 pc=00899a
[:slot1:storager] TEMPH  8669641.7us verify      alt=0 741e=20c0 743a=7442 74b4=0000 7462=0000 7a30=0101
[:slot1:storager] TEMPSTAGE sec=3 R=04 -> chunk=4180 | accepted[7428]=0008 ptr[741e]=20c0 pool[74ac]=74e4 remain[7956]=0004 | 796a=0001 7958=00000000 ledger[7654+01]=c0
[:slot1:storager] TEMPH  8678129.9us setup       alt=1 741e=20c0 743a=7442 74b4=0000 7462=0000 7a30=0101
[:slot1:storager] XSTATE  8678179.7us [741c] <= 0001
[:slot1:storager] PHASE  8678179.7us [741c] <= 0001 pc=007d5c
[:slot1:storager] CTX  8678179.7us [741c] <= 0001 pc=007d5c IPL=7  <-- IN ISR
[:slot1:storager] CNT  8678185.5us [79a4] <= 0079 pc=007d9c
[:slot1:storager] TEMPC800 cell[1f] <= 0000 pc=0088d4
[:slot1:storager] TEMPPROG start: 16 descriptors (port$3F pushes=8) [7abc]=0008: (00,17) (00,1c) (00,1d) (00,1d) (00,3f) (00,3f) (01,01) (01,1f) (3f,3f) (3f,3f) (3f,3f) (3f,3f) (3f,3f) (3f,3f) (3f,3f) (3f,3f) 
[:slot1:storager] TEMPC800 cell[00] <= 20c0 pc=00899a
[:slot1:storager] TEMPH  8678275.7us verify      alt=0 741e=20c0 743a=7442 74b4=0000 7462=0000 7a30=0101
[:slot1:storager] TEMPH  8680163.7us verify      alt=1 741e=20c0 743a=7442 74b4=0000 7462=0000 7a30=0101
[:slot1:storager] CNT  8680178.1us [79a4] <= 0078 pc=008a3c
[:slot1:storager] TEMPC800 cell[1f] <= 0000 pc=0088d4
[:slot1:storager] TEMPPROG start: 16 descriptors (port$3F pushes=8) [7abc]=0008: (00,17) (00,1c) (00,1d) (00,1d) (00,3f) (00,3f) (01,01) (01,1f) (3f,3f) (3f,3f) (3f,3f) (3f,3f) (3f,3f) (3f,3f) (3f,3f) (3f,3f) 
[:slot1:storager] TEMPC800 cell[00] <= 20c0 pc=00899a
[:slot1:storager] TEMPH  8680270.1us verify      alt=0 741e=20c0 743a=7442 74b4=0000 7462=0000 7a30=0101
[:slot1:storager] TEMPH  8682157.9us setup       alt=1 741e=20c0 743a=7442 74b4=0000 7462=0000 7a30=0101
[:slot1:storager] XSTATE  8682207.7us [741c] <= 0001
[:slot1:storager] PHASE  8682207.7us [741c] <= 0001 pc=007d5c
[:slot1:storager] CTX  8682207.7us [741c] <= 0001 pc=007d5c IPL=7  <-- IN ISR
[:slot1:storager] CNT  8682213.5us [79a4] <= 0077 pc=007d9c
[:slot1:storager] TEMPC800 cell[1f] <= 0000 pc=0088d4
[:slot1:storager] TEMPPROG start: 16 descriptors (port$3F pushes=8) [7abc]=0008: (00,17) (00,1c) (00,1d) (00,1d) (00,3f) (00,3f) (01,01) (01,1f) (3f,3f) (3f,3f) (3f,3f) (3f,3f) (3f,3f) (3f,3f) (3f,3f) (3f,3f) 
[:slot1:storager] TEMPC800 cell[00] <= 20c0 pc=00899a
[:slot1:storager] TEMPH  8682303.7us verify      alt=0 741e=20c0 743a=7442 74b4=0000 7462=0000 7a30=0101
[:slot1:storager] TICK  8689604.5us head[736c]=7360 [736e]=7360 [7370]=730c [7b12]=0000 [7a36]=0001 [7a38]=0000
[:slot1:storager] PIT  8689625.5us ff8000 <= ffff mask=00ff pc=002bc4
[:slot1:storager] TEMPSTAGE sec=4 R=05 -> chunk=4180 | accepted[7428]=0008 ptr[741e]=20c0 pool[74ac]=74e4 remain[7956]=0004 | 796a=0001 7958=00000000 ledger[7654+01]=c0
[:slot1:storager] TEMPH  8691191.9us setup       alt=1 741e=20c0 743a=7442 74b4=0000 7462=0000 7a30=0101
[:slot1:storager] XSTATE  8691241.7us [741c] <= 0001
[:slot1:storager] PHASE  8691241.7us [741c] <= 0001 pc=007d5c
[:slot1:storager] CTX  8691241.7us [741c] <= 0001 pc=007d5c IPL=7  <-- IN ISR
[:slot1:storager] CNT  8691247.5us [79a4] <= 0076 pc=007d9c
[:slot1:storager] TEMPC800 cell[1f] <= 0000 pc=0088d4
[:slot1:storager] TEMPPROG start: 16 descriptors (port$3F pushes=8) [7abc]=0008: (00,17) (00,1c) (00,1d) (00,1d) (00,3f) (00,3f) (01,01) (01,1f) (3f,3f) (3f,3f) (3f,3f) (3f,3f) (3f,3f) (3f,3f) (3f,3f) (3f,3f) 
[:slot1:storager] TEMPC800 cell[00] <= 20c0 pc=00899a
[:slot1:storager] TEMPH  8691337.7us verify      alt=0 741e=20c0 743a=7442 74b4=0000 7462=0000 7a30=0101
[:slot1:storager] TEMPH  8693025.7us verify      alt=1 741e=20c0 743a=7442 74b4=0000 7462=0000 7a30=0101
[:slot1:storager] CNT  8693040.1us [79a4] <= 0075 pc=008a3c
[:slot1:storager] TEMPC800 cell[1f] <= 0000 pc=0088d4
[:slot1:storager] TEMPPROG start: 16 descriptors (port$3F pushes=8) [7abc]=0008: (00,17) (00,1c) (00,1d) (00,1d) (00,3f) (00,3f) (01,01) (01,1f) (3f,3f) (3f,3f) (3f,3f) (3f,3f) (3f,3f) (3f,3f) (3f,3f) (3f,3f) 
[:slot1:storager] TEMPC800 cell[00] <= 20c0 pc=00899a
[:slot1:storager] TEMPH  8693132.1us verify      alt=0 741e=20c0 743a=7442 74b4=0000 7462=0000 7a30=0101
[:slot1:storager] TEMPH  8695021.9us setup       alt=1 741e=20c0 743a=7442 74b4=0000 7462=0000 7a30=0101
[:slot1:storager] XSTATE  8695071.7us [741c] <= 0001
[:slot1:storager] PHASE  8695071.7us [741c] <= 0001 pc=007d5c
[:slot1:storager] CTX  8695071.7us [741c] <= 0001 pc=007d5c IPL=7  <-- IN ISR
[:slot1:storager] CNT  8695077.5us [79a4] <= 0074 pc=007d9c
[:slot1:storager] TEMPC800 cell[1f] <= 0000 pc=0088d4
[:slot1:storager] TEMPPROG start: 16 descriptors (port$3F pushes=8) [7abc]=0008: (00,17) (00,1c) (00,1d) (00,1d) (00,3f) (00,3f) (01,01) (01,1f) (3f,3f) (3f,3f) (3f,3f) (3f,3f) (3f,3f) (3f,3f) (3f,3f) (3f,3f) 
[:slot1:storager] TEMPC800 cell[00] <= 20c0 pc=00899a
[:slot1:storager] TEMPH  8695167.7us verify      alt=0 741e=20c0 743a=7442 74b4=0000 7462=0000 7a30=0101
[:slot1:storager] TEMPSTAGE sec=5 R=06 -> chunk=4180 | accepted[7428]=0008 ptr[741e]=20c0 pool[74ac]=74e4 remain[7956]=0004 | 796a=0001 7958=00000000 ledger[7654+01]=c0
[:slot1:storager] TEMPH  8703856.9us setup       alt=1 741e=20c0 743a=7442 74b4=0000 7462=0000 7a30=0101
[:slot1:storager] XSTATE  8703906.7us [741c] <= 0001
[:slot1:storager] PHASE  8703906.7us [741c] <= 0001 pc=007d5c
[:slot1:storager] CTX  8703906.7us [741c] <= 0001 pc=007d5c IPL=7  <-- IN ISR
[:slot1:storager] CNT  8703912.5us [79a4] <= 0073 pc=007d9c
[:slot1:storager] TEMPC800 cell[1f] <= 0000 pc=0088d4
[:slot1:storager] TEMPPROG start: 16 descriptors (port$3F pushes=8) [7abc]=0008: (00,17) (00,1c) (00,1d) (00,1d) (00,3f) (00,3f) (01,01) (01,1f) (3f,3f) (3f,3f) (3f,3f) (3f,3f) (3f,3f) (3f,3f) (3f,3f) (3f,3f) 
[:slot1:storager] TEMPC800 cell[00] <= 20c0 pc=00899a
[:slot1:storager] TEMPH  8704002.7us verify      alt=0 741e=20c0 743a=7442 74b4=0000 7462=0000 7a30=0101
[:slot1:storager] TEMPH  8705890.7us verify      alt=1 741e=20c0 743a=7442 74b4=0000 7462=0000 7a30=0101
[:slot1:storager] CNT  8705905.1us [79a4] <= 0072 pc=008a3c
[:slot1:storager] TEMPC800 cell[1f] <= 0000 pc=0088d4
[:slot1:storager] TEMPPROG start: 16 descriptors (port$3F pushes=8) [7abc]=0008: (00,17) (00,1c) (00,1d) (00,1d) (00,3f) (00,3f) (01,01) (01,1f) (3f,3f) (3f,3f) (3f,3f) (3f,3f) (3f,3f) (3f,3f) (3f,3f) (3f,3f) 
[:slot1:storager] TEMPC800 cell[00] <= 20c0 pc=00899a
[:slot1:storager] TEMPH  8705997.1us verify      alt=0 741e=20c0 743a=7442 74b4=0000 7462=0000 7a30=0101
[:slot1:storager] TEMPH  8707885.9us setup       alt=1 741e=20c0 743a=7442 74b4=0000 7462=0000 7a30=0101
[:slot1:storager] XSTATE  8707935.7us [741c] <= 0001
[:slot1:storager] PHASE  8707935.7us [741c] <= 0001 pc=007d5c
[:slot1:storager] CTX  8707935.7us [741c] <= 0001 pc=007d5c IPL=7  <-- IN ISR
[:slot1:storager] CNT  8707941.5us [79a4] <= 0071 pc=007d9c
[:slot1:storager] TEMPC800 cell[1f] <= 0000 pc=0088d4
[:slot1:storager] TEMPPROG start: 16 descriptors (port$3F pushes=8) [7abc]=0008: (00,17) (00,1c) (00,1d) (00,1d) (00,3f) (00,3f) (01,01) (01,1f) (3f,3f) (3f,3f) (3f,3f) (3f,3f) (3f,3f) (3f,3f) (3f,3f) (3f,3f) 
[:slot1:storager] TEMPC800 cell[00] <= 20c0 pc=00899a
[:slot1:storager] TEMPH  8708031.7us verify      alt=0 741e=20c0 743a=7442 74b4=0000 7462=0000 7a30=0101
[:slot1:storager] TICK  8715721.5us head[736c]=7360 [736e]=7360 [7370]=730c [7b12]=0000 [7a36]=0001 [7a38]=0000
[:slot1:storager] PIT  8715742.5us ff8000 <= ffff mask=00ff pc=002bc4
[:slot1:storager] TEMPSTAGE sec=6 R=07 -> chunk=4180 | accepted[7428]=0008 ptr[741e]=20c0 pool[74ac]=74e4 remain[7956]=0004 | 796a=0001 7958=00000000 ledger[7654+01]=c0
[:slot1:storager] TEMPH  8716719.9us setup       alt=1 741e=20c0 743a=7442 74b4=0000 7462=0000 7a30=0101
[:slot1:storager] XSTATE  8716769.7us [741c] <= 0001
[:slot1:storager] PHASE  8716769.7us [741c] <= 0001 pc=007d5c
[:slot1:storager] CTX  8716769.7us [741c] <= 0001 pc=007d5c IPL=7  <-- IN ISR
[:slot1:storager] CNT  8716775.5us [79a4] <= 0070 pc=007d9c
[:slot1:storager] TEMPC800 cell[1f] <= 0000 pc=0088d4
[:slot1:storager] TEMPPROG start: 16 descriptors (port$3F pushes=8) [7abc]=0008: (00,17) (00,1c) (00,1d) (00,1d) (00,3f) (00,3f) (01,01) (01,1f) (3f,3f) (3f,3f) (3f,3f) (3f,3f) (3f,3f) (3f,3f) (3f,3f) (3f,3f) 
[:slot1:storager] TEMPC800 cell[00] <= 20c0 pc=00899a
[:slot1:storager] TEMPH  8716865.7us verify      alt=0 741e=20c0 743a=7442 74b4=0000 7462=0000 7a30=0101
[:slot1:storager] TEMPH  8718752.7us verify      alt=1 741e=20c0 743a=7442 74b4=0000 7462=0000 7a30=0101
[:slot1:storager] CNT  8718767.1us [79a4] <= 006f pc=008a3c
[:slot1:storager] TEMPC800 cell[1f] <= 0000 pc=0088d4
[:slot1:storager] TEMPPROG start: 16 descriptors (port$3F pushes=8) [7abc]=0008: (00,17) (00,1c) (00,1d) (00,1d) (00,3f) (00,3f) (01,01) (01,1f) (3f,3f) (3f,3f) (3f,3f) (3f,3f) (3f,3f) (3f,3f) (3f,3f) (3f,3f) 
[:slot1:storager] TEMPC800 cell[00] <= 20c0 pc=00899a
[:slot1:storager] TEMPH  8718859.1us verify      alt=0 741e=20c0 743a=7442 74b4=0000 7462=0000 7a30=0101
[:slot1:storager] TEMPH  8720748.9us setup       alt=1 741e=20c0 743a=7442 74b4=0000 7462=0000 7a30=0101
[:slot1:storager] XSTATE  8720798.7us [741c] <= 0001
[:slot1:storager] PHASE  8720798.7us [741c] <= 0001 pc=007d5c
[:slot1:storager] CTX  8720798.7us [741c] <= 0001 pc=007d5c IPL=7  <-- IN ISR
[:slot1:storager] CNT  8720804.5us [79a4] <= 006e pc=007d9c
[:slot1:storager] TEMPC800 cell[1f] <= 0000 pc=0088d4
[:slot1:storager] TEMPPROG start: 16 descriptors (port$3F pushes=8) [7abc]=0008: (00,17) (00,1c) (00,1d) (00,1d) (00,3f) (00,3f) (01,01) (01,1f) (3f,3f) (3f,3f) (3f,3f) (3f,3f) (3f,3f) (3f,3f) (3f,3f) (3f,3f) 
[:slot1:storager] TEMPC800 cell[00] <= 20c0 pc=00899a
[:slot1:storager] TEMPH  8720894.7us verify      alt=0 741e=20c0 743a=7442 74b4=0000 7462=0000 7a30=0101
[:slot1:storager] TEMPSTAGE sec=7 R=08 -> chunk=4180 | accepted[7428]=0008 ptr[741e]=20c0 pool[74ac]=74e4 remain[7956]=0004 | 796a=0001 7958=00000000 ledger[7654+01]=c0
[:slot1:storager] TEMPH  8729583.9us setup       alt=1 741e=20c0 743a=7442 74b4=0000 7462=0000 7a30=0101
[:slot1:storager] XSTATE  8729633.7us [741c] <= 0001
[:slot1:storager] PHASE  8729633.7us [741c] <= 0001 pc=007d5c
[:slot1:storager] CTX  8729633.7us [741c] <= 0001 pc=007d5c IPL=7  <-- IN ISR
[:slot1:storager] CNT  8729639.5us [79a4] <= 006d pc=007d9c
[:slot1:storager] TEMPC800 cell[1f] <= 0000 pc=0088d4
[:slot1:storager] TEMPPROG start: 16 descriptors (port$3F pushes=8) [7abc]=0008: (00,17) (00,1c) (00,1d) (00,1d) (00,3f) (00,3f) (01,01) (01,1f) (3f,3f) (3f,3f) (3f,3f) (3f,3f) (3f,3f) (3f,3f) (3f,3f) (3f,3f) 
[:slot1:storager] TEMPC800 cell[00] <= 20c0 pc=00899a
[:slot1:storager] TEMPH  8729729.7us verify      alt=0 741e=20c0 743a=7442 74b4=0000 7462=0000 7a30=0101
[:slot1:storager] TEMPH  8731817.7us verify      alt=1 741e=20c0 743a=7442 74b4=0000 7462=0000 7a30=0101
[:slot1:storager] CNT  8731832.1us [79a4] <= 006c pc=008a3c
[:slot1:storager] TEMPC800 cell[1f] <= 0000 pc=0088d4
[:slot1:storager] TEMPPROG start: 16 descriptors (port$3F pushes=8) [7abc]=0008: (00,17) (00,1c) (00,1d) (00,1d) (00,3f) (00,3f) (01,01) (01,1f) (3f,3f) (3f,3f) (3f,3f) (3f,3f) (3f,3f) (3f,3f) (3f,3f) (3f,3f) 
[:slot1:storager] TEMPC800 cell[00] <= 20c0 pc=00899a
[:slot1:storager] TEMPH  8731924.1us verify      alt=0 741e=20c0 743a=7442 74b4=0000 7462=0000 7a30=0101
[:slot1:storager] TEMPH  8733612.9us setup       alt=1 741e=20c0 743a=7442 74b4=0000 7462=0000 7a30=0101
[:slot1:storager] XSTATE  8733662.7us [741c] <= 0001
[:slot1:storager] PHASE  8733662.7us [741c] <= 0001 pc=007d5c
[:slot1:storager] CTX  8733662.7us [741c] <= 0001 pc=007d5c IPL=7  <-- IN ISR
[:slot1:storager] CNT  8733668.5us [79a4] <= 006b pc=007d9c
[:slot1:storager] TEMPC800 cell[1f] <= 0000 pc=0088d4
[:slot1:storager] TEMPPROG start: 16 descriptors (port$3F pushes=8) [7abc]=0008: (00,17) (00,1c) (00,1d) (00,1d) (00,3f) (00,3f) (01,01) (01,1f) (3f,3f) (3f,3f) (3f,3f) (3f,3f) (3f,3f) (3f,3f) (3f,3f) (3f,3f) 
[:slot1:storager] TEMPC800 cell[00] <= 20c0 pc=00899a
[:slot1:storager] TEMPH  8733758.7us verify      alt=0 741e=20c0 743a=7442 74b4=0000 7462=0000 7a30=0101
[:slot1:storager] TICK  8741860.5us head[736c]=7360 [736e]=7360 [7370]=730c [7b12]=0000 [7a36]=0001 [7a38]=0000
[:slot1:storager] PIT  8741881.5us ff8000 <= ffff mask=00ff pc=002bc4
[:slot1:storager] TEMPSTAGE sec=8 R=09 -> chunk=4180 | accepted[7428]=0008 ptr[741e]=20c0 pool[74ac]=74e4 remain[7956]=0004 | 796a=0001 7958=00000000 ledger[7654+01]=c0
[:slot1:storager] TEMPH  8742447.9us setup       alt=1 741e=20c0 743a=7442 74b4=0000 7462=0000 7a30=0101
[:slot1:storager] XSTATE  8742497.7us [741c] <= 0001
[:slot1:storager] PHASE  8742497.7us [741c] <= 0001 pc=007d5c
[:slot1:storager] CTX  8742497.7us [741c] <= 0001 pc=007d5c IPL=7  <-- IN ISR
[:slot1:storager] CNT  8742503.5us [79a4] <= 006a pc=007d9c
[:slot1:storager] TEMPC800 cell[1f] <= 0000 pc=0088d4
[:slot1:storager] TEMPPROG start: 16 descriptors (port$3F pushes=8) [7abc]=0008: (00,17) (00,1c) (00,1d) (00,1d) (00,3f) (00,3f) (01,01) (01,1f) (3f,3f) (3f,3f) (3f,3f) (3f,3f) (3f,3f) (3f,3f) (3f,3f) (3f,3f) 
[:slot1:storager] TEMPC800 cell[00] <= 20c0 pc=00899a
[:slot1:storager] TEMPH  8742593.7us verify      alt=0 741e=20c0 743a=7442 74b4=0000 7462=0000 7a30=0101
[:slot1:storager] TEMPH  8744480.7us verify      alt=1 741e=20c0 743a=7442 74b4=0000 7462=0000 7a30=0101
[:slot1:storager] CNT  8744495.1us [79a4] <= 0069 pc=008a3c
[:slot1:storager] TEMPC800 cell[1f] <= 0000 pc=0088d4
[:slot1:storager] TEMPPROG start: 16 descriptors (port$3F pushes=8) [7abc]=0008: (00,17) (00,1c) (00,1d) (00,1d) (00,3f) (00,3f) (01,01) (01,1f) (3f,3f) (3f,3f) (3f,3f) (3f,3f) (3f,3f) (3f,3f) (3f,3f) (3f,3f) 
[:slot1:storager] TEMPC800 cell[00] <= 20c0 pc=00899a
[:slot1:storager] TEMPH  8744587.1us verify      alt=0 741e=20c0 743a=7442 74b4=0000 7462=0000 7a30=0101
[:slot1:storager] TEMPH  8746676.9us setup       alt=1 741e=20c0 743a=7442 74b4=0000 7462=0000 7a30=0101
[:slot1:storager] XSTATE  8746726.7us [741c] <= 0001
[:slot1:storager] PHASE  8746726.7us [741c] <= 0001 pc=007d5c
[:slot1:storager] CTX  8746726.7us [741c] <= 0001 pc=007d5c IPL=7  <-- IN ISR
[:slot1:storager] CNT  8746732.5us [79a4] <= 0068 pc=007d9c
[:slot1:storager] TEMPC800 cell[1f] <= 0000 pc=0088d4
[:slot1:storager] TEMPPROG start: 16 descriptors (port$3F pushes=8) [7abc]=0008: (00,17) (00,1c) (00,1d) (00,1d) (00,3f) (00,3f) (01,01) (01,1f) (3f,3f) (3f,3f) (3f,3f) (3f,3f) (3f,3f) (3f,3f) (3f,3f) (3f,3f) 
[:slot1:storager] TEMPC800 cell[00] <= 20c0 pc=00899a
[:slot1:storager] TEMPH  8746822.7us verify      alt=0 741e=20c0 743a=7442 74b4=0000 7462=0000 7a30=0101
[:slot1:storager] TEMPSTAGE sec=9 R=0a -> chunk=4180 | accepted[7428]=0008 ptr[741e]=20c0 pool[74ac]=74e4 remain[7956]=0004 | 796a=0001 7958=00000000 ledger[7654+01]=c0
[:slot1:storager] TEMPH  8755310.9us setup       alt=1 741e=20c0 743a=7442 74b4=0000 7462=0000 7a30=0101
[:slot1:storager] XSTATE  8755360.7us [741c] <= 0001
[:slot1:storager] PHASE  8755360.7us [741c] <= 0001 pc=007d5c
[:slot1:storager] CTX  8755360.7us [741c] <= 0001 pc=007d5c IPL=7  <-- IN ISR
[:slot1:storager] CNT  8755366.5us [79a4] <= 0067 pc=007d9c
[:slot1:storager] TEMPC800 cell[1f] <= 0000 pc=0088d4
[:slot1:storager] TEMPPROG start: 16 descriptors (port$3F pushes=8) [7abc]=0008: (00,17) (00,1c) (00,1d) (00,1d) (00,3f) (00,3f) (01,01) (01,1f) (3f,3f) (3f,3f) (3f,3f) (3f,3f) (3f,3f) (3f,3f) (3f,3f) (3f,3f) 
[:slot1:storager] TEMPC800 cell[00] <= 20c0 pc=00899a
[:slot1:storager] TEMPH  8755456.7us verify      alt=0 741e=20c0 743a=7442 74b4=0000 7462=0000 7a30=0101
[:slot1:storager] TEMPH  8757344.7us verify      alt=1 741e=20c0 743a=7442 74b4=0000 7462=0000 7a30=0101
[:slot1:storager] CNT  8757359.1us [79a4] <= 0066 pc=008a3c
[:slot1:storager] TEMPC800 cell[1f] <= 0000 pc=0088d4
[:slot1:storager] TEMPPROG start: 16 descriptors (port$3F pushes=8) [7abc]=0008: (00,17) (00,1c) (00,1d) (00,1d) (00,3f) (00,3f) (01,01) (01,1f) (3f,3f) (3f,3f) (3f,3f) (3f,3f) (3f,3f) (3f,3f) (3f,3f) (3f,3f) 
[:slot1:storager] TEMPC800 cell[00] <= 20c0 pc=00899a
[:slot1:storager] TEMPH  8757451.1us verify      alt=0 741e=20c0 743a=7442 74b4=0000 7462=0000 7a30=0101
[:slot1:storager] TEMPH  8759338.9us setup       alt=1 741e=20c0 743a=7442 74b4=0000 7462=0000 7a30=0101
[:slot1:storager] XSTATE  8759388.7us [741c] <= 0001
[:slot1:storager] PHASE  8759388.7us [741c] <= 0001 pc=007d5c
[:slot1:storager] CTX  8759388.7us [741c] <= 0001 pc=007d5c IPL=7  <-- IN ISR
[:slot1:storager] CNT  8759394.5us [79a4] <= 0065 pc=007d9c
[:slot1:storager] TEMPC800 cell[1f] <= 0000 pc=0088d4
[:slot1:storager] TEMPPROG start: 16 descriptors (port$3F pushes=8) [7abc]=0008: (00,17) (00,1c) (00,1d) (00,1d) (00,3f) (00,3f) (01,01) (01,1f) (3f,3f) (3f,3f) (3f,3f) (3f,3f) (3f,3f) (3f,3f) (3f,3f) (3f,3f) 
[:slot1:storager] TEMPC800 cell[00] <= 20c0 pc=00899a
[:slot1:storager] TEMPH  8759484.7us verify      alt=0 741e=20c0 743a=7442 74b4=0000 7462=0000 7a30=0101
[:slot1:storager] TICK  8767954.5us head[736c]=7360 [736e]=7360 [7370]=730c [7b12]=0000 [7a36]=0001 [7a38]=0000
[:slot1:storager] PIT  8767975.5us ff8000 <= ffff mask=00ff pc=002bc4
[:slot1:storager] TEMPSTAGE sec=10 R=0b -> chunk=4180 | accepted[7428]=0008 ptr[741e]=20c0 pool[74ac]=74e4 remain[7956]=0004 | 796a=0001 7958=00000000 ledger[7654+01]=c0
[:slot1:storager] TEMPH  8768373.9us setup       alt=1 741e=20c0 743a=7442 74b4=0000 7462=0000 7a30=0101
[:slot1:storager] XSTATE  8768423.7us [741c] <= 0001
[:slot1:storager] PHASE  8768423.7us [741c] <= 0001 pc=007d5c
[:slot1:storager] CTX  8768423.7us [741c] <= 0001 pc=007d5c IPL=7  <-- IN ISR
[:slot1:storager] CNT  8768429.5us [79a4] <= 0064 pc=007d9c
[:slot1:storager] TEMPC800 cell[1f] <= 0000 pc=0088d4
[:slot1:storager] TEMPPROG start: 16 descriptors (port$3F pushes=8) [7abc]=0008: (00,17) (00,1c) (00,1d) (00,1d) (00,3f) (00,3f) (01,01) (01,1f) (3f,3f) (3f,3f) (3f,3f) (3f,3f) (3f,3f) (3f,3f) (3f,3f) (3f,3f) 
[:slot1:storager] TEMPC800 cell[00] <= 20c0 pc=00899a
[:slot1:storager] TEMPH  8768519.7us verify      alt=0 741e=20c0 743a=7442 74b4=0000 7462=0000 7a30=0101
[:slot1:storager] TEMPH  8770207.7us verify      alt=1 741e=20c0 743a=7442 74b4=0000 7462=0000 7a30=0101
[:slot1:storager] CNT  8770222.1us [79a4] <= 0063 pc=008a3c
[:slot1:storager] TEMPC800 cell[1f] <= 0000 pc=0088d4
[:slot1:storager] TEMPPROG start: 16 descriptors (port$3F pushes=8) [7abc]=0008: (00,17) (00,1c) (00,1d) (00,1d) (00,3f) (00,3f) (01,01) (01,1f) (3f,3f) (3f,3f) (3f,3f) (3f,3f) (3f,3f) (3f,3f) (3f,3f) (3f,3f) 
[:slot1:storager] TEMPC800 cell[00] <= 20c0 pc=00899a
[:slot1:storager] TEMPH  8770314.1us verify      alt=0 741e=20c0 743a=7442 74b4=0000 7462=0000 7a30=0101
[:slot1:storager] TEMPH  8772203.9us setup       alt=1 741e=20c0 743a=7442 74b4=0000 7462=0000 7a30=0101
[:slot1:storager] XSTATE  8772253.7us [741c] <= 0001
[:slot1:storager] PHASE  8772253.7us [741c] <= 0001 pc=007d5c
[:slot1:storager] CTX  8772253.7us [741c] <= 0001 pc=007d5c IPL=7  <-- IN ISR
[:slot1:storager] CNT  8772259.5us [79a4] <= 0062 pc=007d9c
[:slot1:storager] TEMPC800 cell[1f] <= 0000 pc=0088d4
[:slot1:storager] TEMPPROG start: 16 descriptors (port$3F pushes=8) [7abc]=0008: (00,17) (00,1c) (00,1d) (00,1d) (00,3f) (00,3f) (01,01) (01,1f) (3f,3f) (3f,3f) (3f,3f) (3f,3f) (3f,3f) (3f,3f) (3f,3f) (3f,3f) 
[:slot1:storager] TEMPC800 cell[00] <= 20c0 pc=00899a
[:slot1:storager] TEMPH  8772349.7us verify      alt=0 741e=20c0 743a=7442 74b4=0000 7462=0000 7a30=0101
[:slot1:storager] TEMPSTAGE sec=11 R=0c -> chunk=4180 | accepted[7428]=0008 ptr[741e]=20c0 pool[74ac]=74e4 remain[7956]=0004 | 796a=0001 7958=00000000 ledger[7654+01]=c0
[:slot1:storager] TEMPH  8781038.9us setup       alt=1 741e=20c0 743a=7442 74b4=0000 7462=0000 7a30=0101
[:slot1:storager] XSTATE  8781088.7us [741c] <= 0001
[:slot1:storager] PHASE  8781088.7us [741c] <= 0001 pc=007d5c
[:slot1:storager] CTX  8781088.7us [741c] <= 0001 pc=007d5c IPL=7  <-- IN ISR
[:slot1:storager] CNT  8781094.5us [79a4] <= 0061 pc=007d9c
[:slot1:storager] TEMPC800 cell[1f] <= 0000 pc=0088d4
[:slot1:storager] TEMPPROG start: 16 descriptors (port$3F pushes=8) [7abc]=0008: (00,17) (00,1c) (00,1d) (00,1d) (00,3f) (00,3f) (01,01) (01,1f) (3f,3f) (3f,3f) (3f,3f) (3f,3f) (3f,3f) (3f,3f) (3f,3f) (3f,3f) 
[:slot1:storager] TEMPC800 cell[00] <= 20c0 pc=00899a
[:slot1:storager] TEMPH  8781184.7us verify      alt=0 741e=20c0 743a=7442 74b4=0000 7462=0000 7a30=0101
[:slot1:storager] TEMPH  8783072.7us verify      alt=1 741e=20c0 743a=7442 74b4=0000 7462=0000 7a30=0101
[:slot1:storager] CNT  8783087.1us [79a4] <= 0060 pc=008a3c
[:slot1:storager] TEMPC800 cell[1f] <= 0000 pc=0088d4
[:slot1:storager] TEMPPROG start: 16 descriptors (port$3F pushes=8) [7abc]=0008: (00,17) (00,1c) (00,1d) (00,1d) (00,3f) (00,3f) (01,01) (01,1f) (3f,3f) (3f,3f) (3f,3f) (3f,3f) (3f,3f) (3f,3f) (3f,3f) (3f,3f) 
[:slot1:storager] TEMPC800 cell[00] <= 20c0 pc=00899a
[:slot1:storager] TEMPH  8783179.1us verify      alt=0 741e=20c0 743a=7442 74b4=0000 7462=0000 7a30=0101
[:slot1:storager] TEMPH  8785067.9us setup       alt=1 741e=20c0 743a=7442 74b4=0000 7462=0000 7a30=0101
[:slot1:storager] XSTATE  8785117.7us [741c] <= 0001
[:slot1:storager] PHASE  8785117.7us [741c] <= 0001 pc=007d5c
[:slot1:storager] CTX  8785117.7us [741c] <= 0001 pc=007d5c IPL=7  <-- IN ISR
[:slot1:storager] CNT  8785123.5us [79a4] <= 005f pc=007d9c
[:slot1:storager] TEMPC800 cell[1f] <= 0000 pc=0088d4
[:slot1:storager] TEMPPROG start: 16 descriptors (port$3F pushes=8) [7abc]=0008: (00,17) (00,1c) (00,1d) (00,1d) (00,3f) (00,3f) (01,01) (01,1f) (3f,3f) (3f,3f) (3f,3f) (3f,3f) (3f,3f) (3f,3f) (3f,3f) (3f,3f) 
[:slot1:storager] TEMPC800 cell[00] <= 20c0 pc=00899a
[:slot1:storager] TEMPH  8785213.7us verify      alt=0 741e=20c0 743a=7442 74b4=0000 7462=0000 7a30=0101
[:slot1:storager] TEMPSTAGE sec=12 R=0d -> chunk=4180 | accepted[7428]=0008 ptr[741e]=20c0 pool[74ac]=74e4 remain[7956]=0004 | 796a=0001 7958=00000000 ledger[7654+01]=c0
[:slot1:storager] TICK  8794070.5us head[736c]=7360 [736e]=7360 [7370]=730c [7b12]=0000 [7a36]=0001 [7a38]=0000
[:slot1:storager] TEMPH  8794101.9us setup       alt=1 741e=20c0 743a=7442 74b4=0000 7462=0000 7a30=0101
[:slot1:storager] XSTATE  8794151.7us [741c] <= 0001
[:slot1:storager] PHASE  8794151.7us [741c] <= 0001 pc=007d5c
[:slot1:storager] CTX  8794151.7us [741c] <= 0001 pc=007d5c IPL=7  <-- IN ISR
[:slot1:storager] CNT  8794157.5us [79a4] <= 005e pc=007d9c
[:slot1:storager] TEMPC800 cell[1f] <= 0000 pc=0088d4
[:slot1:storager] TEMPPROG start: 16 descriptors (port$3F pushes=8) [7abc]=0008: (00,17) (00,1c) (00,1d) (00,1d) (00,3f) (00,3f) (01,01) (01,1f) (3f,3f) (3f,3f) (3f,3f) (3f,3f) (3f,3f) (3f,3f) (3f,3f) (3f,3f) 
[:slot1:storager] TEMPC800 cell[00] <= 20c0 pc=00899a
[:slot1:storager] TEMPH  8794247.7us verify      alt=0 741e=20c0 743a=7442 74b4=0000 7462=0000 7a30=0101
[:slot1:storager] PIT  8794260.7us ff8000 <= ffff mask=00ff pc=002bc4
[:slot1:storager] TEMPH  8795934.7us verify      alt=1 741e=20c0 743a=7442 74b4=0000 7462=0000 7a30=0101
[:slot1:storager] CNT  8795949.1us [79a4] <= 005d pc=008a3c
[:slot1:storager] TEMPC800 cell[1f] <= 0000 pc=0088d4
[:slot1:storager] TEMPPROG start: 16 descriptors (port$3F pushes=8) [7abc]=0008: (00,17) (00,1c) (00,1d) (00,1d) (00,3f) (00,3f) (01,01) (01,1f) (3f,3f) (3f,3f) (3f,3f) (3f,3f) (3f,3f) (3f,3f) (3f,3f) (3f,3f) 
[:slot1:storager] TEMPC800 cell[00] <= 20c0 pc=00899a
[:slot1:storager] TEMPH  8796041.1us verify      alt=0 741e=20c0 743a=7442 74b4=0000 7462=0000 7a30=0101
[:slot1:storager] TEMPH  8797930.9us setup       alt=1 741e=20c0 743a=7442 74b4=0000 7462=0000 7a30=0101
[:slot1:storager] XSTATE  8797980.7us [741c] <= 0001
[:slot1:storager] PHASE  8797980.7us [741c] <= 0001 pc=007d5c
[:slot1:storager] CTX  8797980.7us [741c] <= 0001 pc=007d5c IPL=7  <-- IN ISR
[:slot1:storager] CNT  8797986.5us [79a4] <= 005c pc=007d9c
[:slot1:storager] TEMPC800 cell[1f] <= 0000 pc=0088d4
[:slot1:storager] TEMPPROG start: 16 descriptors (port$3F pushes=8) [7abc]=0008: (00,17) (00,1c) (00,1d) (00,1d) (00,3f) (00,3f) (01,01) (01,1f) (3f,3f) (3f,3f) (3f,3f) (3f,3f) (3f,3f) (3f,3f) (3f,3f) (3f,3f) 
[:slot1:storager] TEMPC800 cell[00] <= 20c0 pc=00899a
[:slot1:storager] TEMPH  8798076.7us verify      alt=0 741e=20c0 743a=7442 74b4=0000 7462=0000 7a30=0101
[:slot1:storager] TEMPSTAGE sec=13 R=0e -> chunk=4180 | accepted[7428]=0008 ptr[741e]=20c0 pool[74ac]=74e4 remain[7956]=0004 | 796a=0001 7958=00000000 ledger[7654+01]=c0
[:slot1:storager] TEMPH  8806765.9us setup       alt=1 741e=20c0 743a=7442 74b4=0000 7462=0000 7a30=0101
[:slot1:storager] XSTATE  8806815.7us [741c] <= 0001
[:slot1:storager] PHASE  8806815.7us [741c] <= 0001 pc=007d5c
[:slot1:storager] CTX  8806815.7us [741c] <= 0001 pc=007d5c IPL=7  <-- IN ISR
[:slot1:storager] CNT  8806821.5us [79a4] <= 005b pc=007d9c
[:slot1:storager] TEMPC800 cell[1f] <= 0000 pc=0088d4
[:slot1:storager] TEMPPROG start: 16 descriptors (port$3F pushes=8) [7abc]=0008: (00,17) (00,1c) (00,1d) (00,1d) (00,3f) (00,3f) (01,01) (01,1f) (3f,3f) (3f,3f) (3f,3f) (3f,3f) (3f,3f) (3f,3f) (3f,3f) (3f,3f) 
[:slot1:storager] TEMPC800 cell[00] <= 20c0 pc=00899a
[:slot1:storager] TEMPH  8806911.7us verify      alt=0 741e=20c0 743a=7442 74b4=0000 7462=0000 7a30=0101
[:slot1:storager] TEMPH  8808999.7us verify      alt=1 741e=20c0 743a=7442 74b4=0000 7462=0000 7a30=0101
[:slot1:storager] CNT  8809014.1us [79a4] <= 005a pc=008a3c
[:slot1:storager] TEMPC800 cell[1f] <= 0000 pc=0088d4
[:slot1:storager] TEMPPROG start: 16 descriptors (port$3F pushes=8) [7abc]=0008: (00,17) (00,1c) (00,1d) (00,1d) (00,3f) (00,3f) (01,01) (01,1f) (3f,3f) (3f,3f) (3f,3f) (3f,3f) (3f,3f) (3f,3f) (3f,3f) (3f,3f) 
[:slot1:storager] TEMPC800 cell[00] <= 20c0 pc=00899a
[:slot1:storager] TEMPH  8809106.1us verify      alt=0 741e=20c0 743a=7442 74b4=0000 7462=0000 7a30=0101
[:slot1:storager] TEMPH  8810794.9us setup       alt=1 741e=20c0 743a=7442 74b4=0000 7462=0000 7a30=0101
[:slot1:storager] XSTATE  8810844.7us [741c] <= 0001
[:slot1:storager] PHASE  8810844.7us [741c] <= 0001 pc=007d5c
[:slot1:storager] CTX  8810844.7us [741c] <= 0001 pc=007d5c IPL=7  <-- IN ISR
[:slot1:storager] CNT  8810850.5us [79a4] <= 0059 pc=007d9c
[:slot1:storager] TEMPC800 cell[1f] <= 0000 pc=0088d4
[:slot1:storager] TEMPPROG start: 16 descriptors (port$3F pushes=8) [7abc]=0008: (00,17) (00,1c) (00,1d) (00,1d) (00,3f) (00,3f) (01,01) (01,1f) (3f,3f) (3f,3f) (3f,3f) (3f,3f) (3f,3f) (3f,3f) (3f,3f) (3f,3f) 
[:slot1:storager] TEMPC800 cell[00] <= 20c0 pc=00899a
[:slot1:storager] TEMPH  8810940.7us verify      alt=0 741e=20c0 743a=7442 74b4=0000 7462=0000 7a30=0101
[:slot1:storager] TEMPSTAGE sec=14 R=0f -> chunk=4180 | accepted[7428]=0008 ptr[741e]=20c0 pool[74ac]=74e4 remain[7956]=0004 | 796a=0001 7958=00000000 ledger[7654+01]=c0
[:slot1:storager] TEMPH  8819629.9us setup       alt=1 741e=20c0 743a=7442 74b4=0000 7462=0000 7a30=0101
[:slot1:storager] XSTATE  8819679.7us [741c] <= 0001
[:slot1:storager] PHASE  8819679.7us [741c] <= 0001 pc=007d5c
[:slot1:storager] CTX  8819679.7us [741c] <= 0001 pc=007d5c IPL=7  <-- IN ISR
[:slot1:storager] CNT  8819685.5us [79a4] <= 0058 pc=007d9c
[:slot1:storager] TEMPC800 cell[1f] <= 0000 pc=0088d4
[:slot1:storager] TEMPPROG start: 16 descriptors (port$3F pushes=8) [7abc]=0008: (00,17) (00,1c) (00,1d) (00,1d) (00,3f) (00,3f) (01,01) (01,1f) (3f,3f) (3f,3f) (3f,3f) (3f,3f) (3f,3f) (3f,3f) (3f,3f) (3f,3f) 
[:slot1:storager] TEMPC800 cell[00] <= 20c0 pc=00899a
[:slot1:storager] TEMPH  8819775.7us verify      alt=0 741e=20c0 743a=7442 74b4=0000 7462=0000 7a30=0101
[:slot1:storager] TICK  8820187.5us head[736c]=7360 [736e]=7360 [7370]=730c [7b12]=0000 [7a36]=0001 [7a38]=0000
[:slot1:storager] PIT  8820208.5us ff8000 <= ffff mask=00ff pc=002bc4
[:slot1:storager] TEMPH  8821662.7us verify      alt=1 741e=20c0 743a=7442 74b4=0000 7462=0000 7a30=0101
[:slot1:storager] CNT  8821677.1us [79a4] <= 0057 pc=008a3c
[:slot1:storager] TEMPC800 cell[1f] <= 0000 pc=0088d4
[:slot1:storager] TEMPPROG start: 16 descriptors (port$3F pushes=8) [7abc]=0008: (00,17) (00,1c) (00,1d) (00,1d) (00,3f) (00,3f) (01,01) (01,1f) (3f,3f) (3f,3f) (3f,3f) (3f,3f) (3f,3f) (3f,3f) (3f,3f) (3f,3f) 
[:slot1:storager] TEMPC800 cell[00] <= 20c0 pc=00899a
[:slot1:storager] TEMPH  8821769.1us verify      alt=0 741e=20c0 743a=7442 74b4=0000 7462=0000 7a30=0101
[:slot1:storager] TEMPH  8823857.9us setup       alt=1 741e=20c0 743a=7442 74b4=0000 7462=0000 7a30=0101
[:slot1:storager] XSTATE  8823907.7us [741c] <= 0001
[:slot1:storager] PHASE  8823907.7us [741c] <= 0001 pc=007d5c
[:slot1:storager] CTX  8823907.7us [741c] <= 0001 pc=007d5c IPL=7  <-- IN ISR
[:slot1:storager] CNT  8823913.5us [79a4] <= 0056 pc=007d9c
[:slot1:storager] TEMPC800 cell[1f] <= 0000 pc=0088d4
[:slot1:storager] TEMPPROG start: 16 descriptors (port$3F pushes=8) [7abc]=0008: (00,17) (00,1c) (00,1d) (00,1d) (00,3f) (00,3f) (01,01) (01,1f) (3f,3f) (3f,3f) (3f,3f) (3f,3f) (3f,3f) (3f,3f) (3f,3f) (3f,3f) 
[:slot1:storager] TEMPC800 cell[00] <= 20c0 pc=00899a
[:slot1:storager] TEMPH  8824003.7us verify      alt=0 741e=20c0 743a=7442 74b4=0000 7462=0000 7a30=0101
[:slot1:storager] TEMPSTAGE sec=15 R=10 -> chunk=4180 | accepted[7428]=0008 ptr[741e]=20c0 pool[74ac]=74e4 remain[7956]=0004 | 796a=0001 7958=00000000 ledger[7654+01]=c0
[:slot1:storager] TEMPH  8832492.9us setup       alt=1 741e=20c0 743a=7442 74b4=0000 7462=0000 7a30=0101
[:slot1:storager] XSTATE  8832542.7us [741c] <= 0001
[:slot1:storager] PHASE  8832542.7us [741c] <= 0001 pc=007d5c
[:slot1:storager] CTX  8832542.7us [741c] <= 0001 pc=007d5c IPL=7  <-- IN ISR
[:slot1:storager] CNT  8832548.5us [79a4] <= 0055 pc=007d9c
[:slot1:storager] TEMPC800 cell[1f] <= 0000 pc=0088d4
[:slot1:storager] TEMPPROG start: 16 descriptors (port$3F pushes=8) [7abc]=0008: (00,17) (00,1c) (00,1d) (00,1d) (00,3f) (00,3f) (01,01) (01,1f) (3f,3f) (3f,3f) (3f,3f) (3f,3f) (3f,3f) (3f,3f) (3f,3f) (3f,3f) 
[:slot1:storager] TEMPC800 cell[00] <= 20c0 pc=00899a
[:slot1:storager] TEMPH  8832638.7us verify      alt=0 741e=20c0 743a=7442 74b4=0000 7462=0000 7a30=0101
[:slot1:storager] TEMPH  8834526.7us verify      alt=1 741e=20c0 743a=7442 74b4=0000 7462=0000 7a30=0101
[:slot1:storager] CNT  8834541.1us [79a4] <= 0054 pc=008a3c
[:slot1:storager] TEMPC800 cell[1f] <= 0000 pc=0088d4
[:slot1:storager] TEMPPROG start: 16 descriptors (port$3F pushes=8) [7abc]=0008: (00,17) (00,1c) (00,1d) (00,1d) (00,3f) (00,3f) (01,01) (01,1f) (3f,3f) (3f,3f) (3f,3f) (3f,3f) (3f,3f) (3f,3f) (3f,3f) (3f,3f) 
[:slot1:storager] TEMPC800 cell[00] <= 20c0 pc=00899a
[:slot1:storager] TEMPH  8834633.1us verify      alt=0 741e=20c0 743a=7442 74b4=0000 7462=0000 7a30=0101
[:slot1:storager] TEMPH  8836521.9us setup       alt=1 741e=20c0 743a=7442 74b4=0000 7462=0000 7a30=0101
[:slot1:storager] XSTATE  8836571.7us [741c] <= 0001
[:slot1:storager] PHASE  8836571.7us [741c] <= 0001 pc=007d5c
[:slot1:storager] CTX  8836571.7us [741c] <= 0001 pc=007d5c IPL=7  <-- IN ISR
[:slot1:storager] CNT  8836577.5us [79a4] <= 0053 pc=007d9c
[:slot1:storager] TEMPC800 cell[1f] <= 0000 pc=0088d4
[:slot1:storager] TEMPPROG start: 16 descriptors (port$3F pushes=8) [7abc]=0008: (00,17) (00,1c) (00,1d) (00,1d) (00,3f) (00,3f) (01,01) (01,1f) (3f,3f) (3f,3f) (3f,3f) (3f,3f) (3f,3f) (3f,3f) (3f,3f) (3f,3f) 
[:slot1:storager] TEMPC800 cell[00] <= 20c0 pc=00899a
[:slot1:storager] TEMPH  8836667.7us verify      alt=0 741e=20c0 743a=7442 74b4=0000 7462=0000 7a30=0101
[:slot1:storager] TEMPSTAGE sec=0 R=01 -> chunk=4180 | accepted[7428]=0008 ptr[741e]=20c0 pool[74ac]=74e4 remain[7956]=0004 | 796a=0001 7958=00000000 ledger[7654+01]=c0
[:slot1:storager] TEMPH  8845356.9us setup       alt=1 741e=20c0 743a=7442 74b4=0000 7462=0000 7a30=0101
[:slot1:storager] XSTATE  8845406.7us [741c] <= 0001
[:slot1:storager] PHASE  8845406.7us [741c] <= 0001 pc=007d5c
[:slot1:storager] CTX  8845406.7us [741c] <= 0001 pc=007d5c IPL=7  <-- IN ISR
[:slot1:storager] CNT  8845412.5us [79a4] <= 0052 pc=007d9c
[:slot1:storager] TEMPC800 cell[1f] <= 0000 pc=0088d4
[:slot1:storager] TEMPPROG start: 16 descriptors (port$3F pushes=8) [7abc]=0008: (00,17) (00,1c) (00,1d) (00,1d) (00,3f) (00,3f) (01,01) (01,1f) (3f,3f) (3f,3f) (3f,3f) (3f,3f) (3f,3f) (3f,3f) (3f,3f) (3f,3f) 
[:slot1:storager] TEMPC800 cell[00] <= 20c0 pc=00899a
[:slot1:storager] TEMPH  8845502.7us verify      alt=0 741e=20c0 743a=7442 74b4=0000 7462=0000 7a30=0101
[:slot1:storager] TICK  8846303.5us head[736c]=7360 [736e]=7360 [7370]=730c [7b12]=0000 [7a36]=0001 [7a38]=0000
[:slot1:storager] PIT  8846324.5us ff8000 <= ffff mask=00ff pc=002bc4
[:slot1:storager] TEMPH  8847390.7us verify      alt=1 741e=20c0 743a=7442 74b4=0000 7462=0000 7a30=0101
[:slot1:storager] CNT  8847405.1us [79a4] <= 0051 pc=008a3c
[:slot1:storager] TEMPC800 cell[1f] <= 0000 pc=0088d4
[:slot1:storager] TEMPPROG start: 16 descriptors (port$3F pushes=8) [7abc]=0008: (00,17) (00,1c) (00,1d) (00,1d) (00,3f) (00,3f) (01,01) (01,1f) (3f,3f) (3f,3f) (3f,3f) (3f,3f) (3f,3f) (3f,3f) (3f,3f) (3f,3f) 
[:slot1:storager] TEMPC800 cell[00] <= 20c0 pc=00899a
[:slot1:storager] TEMPH  8847497.1us verify      alt=0 741e=20c0 743a=7442 74b4=0000 7462=0000 7a30=0101
[:slot1:storager] TEMPH  8849386.9us setup       alt=1 741e=20c0 743a=7442 74b4=0000 7462=0000 7a30=0101
[:slot1:storager] XSTATE  8849436.7us [741c] <= 0001
[:slot1:storager] PHASE  8849436.7us [741c] <= 0001 pc=007d5c
[:slot1:storager] CTX  8849436.7us [741c] <= 0001 pc=007d5c IPL=7  <-- IN ISR
[:slot1:storager] CNT  8849442.5us [79a4] <= 0050 pc=007d9c
[:slot1:storager] TEMPC800 cell[1f] <= 0000 pc=0088d4
[:slot1:storager] TEMPPROG start: 16 descriptors (port$3F pushes=8) [7abc]=0008: (00,17) (00,1c) (00,1d) (00,1d) (00,3f) (00,3f) (01,01) (01,1f) (3f,3f) (3f,3f) (3f,3f) (3f,3f) (3f,3f) (3f,3f) (3f,3f) (3f,3f) 
[:slot1:storager] TEMPC800 cell[00] <= 20c0 pc=00899a
[:slot1:storager] TEMPH  8849532.7us verify      alt=0 741e=20c0 743a=7442 74b4=0000 7462=0000 7a30=0101
[:slot1:storager] TEMPSTAGE sec=1 R=02 -> chunk=4180 | accepted[7428]=0008 ptr[741e]=20c0 pool[74ac]=74e4 remain[7956]=0004 | 796a=0001 7958=00000000 ledger[7654+01]=c0
[:slot1:storager] TEMPH  8858221.9us setup       alt=1 741e=20c0 743a=7442 74b4=0000 7462=0000 7a30=0101
[:slot1:storager] XSTATE  8858271.7us [741c] <= 0001
[:slot1:storager] PHASE  8858271.7us [741c] <= 0001 pc=007d5c
[:slot1:storager] CTX  8858271.7us [741c] <= 0001 pc=007d5c IPL=7  <-- IN ISR
[:slot1:storager] CNT  8858277.5us [79a4] <= 004f pc=007d9c
[:slot1:storager] TEMPC800 cell[1f] <= 0000 pc=0088d4
[:slot1:storager] TEMPPROG start: 16 descriptors (port$3F pushes=8) [7abc]=0008: (00,17) (00,1c) (00,1d) (00,1d) (00,3f) (00,3f) (01,01) (01,1f) (3f,3f) (3f,3f) (3f,3f) (3f,3f) (3f,3f) (3f,3f) (3f,3f) (3f,3f) 
[:slot1:storager] TEMPC800 cell[00] <= 20c0 pc=00899a
[:slot1:storager] TEMPH  8858367.7us verify      alt=0 741e=20c0 743a=7442 74b4=0000 7462=0000 7a30=0101
[:slot1:storager] TEMPH  8860254.7us verify      alt=1 741e=20c0 743a=7442 74b4=0000 7462=0000 7a30=0101
[:slot1:storager] CNT  8860269.1us [79a4] <= 004e pc=008a3c
[:slot1:storager] TEMPC800 cell[1f] <= 0000 pc=0088d4
[:slot1:storager] TEMPPROG start: 16 descriptors (port$3F pushes=8) [7abc]=0008: (00,17) (00,1c) (00,1d) (00,1d) (00,3f) (00,3f) (01,01) (01,1f) (3f,3f) (3f,3f) (3f,3f) (3f,3f) (3f,3f) (3f,3f) (3f,3f) (3f,3f) 
[:slot1:storager] TEMPC800 cell[00] <= 20c0 pc=00899a
[:slot1:storager] TEMPH  8860361.1us verify      alt=0 741e=20c0 743a=7442 74b4=0000 7462=0000 7a30=0101
[:slot1:storager] TEMPH  8862249.9us setup       alt=1 741e=20c0 743a=7442 74b4=0000 7462=0000 7a30=0101
[:slot1:storager] XSTATE  8862299.7us [741c] <= 0001
[:slot1:storager] PHASE  8862299.7us [741c] <= 0001 pc=007d5c
[:slot1:storager] CTX  8862299.7us [741c] <= 0001 pc=007d5c IPL=7  <-- IN ISR
[:slot1:storager] CNT  8862305.5us [79a4] <= 004d pc=007d9c
[:slot1:storager] TEMPC800 cell[1f] <= 0000 pc=0088d4
[:slot1:storager] TEMPPROG start: 16 descriptors (port$3F pushes=8) [7abc]=0008: (00,17) (00,1c) (00,1d) (00,1d) (00,3f) (00,3f) (01,01) (01,1f) (3f,3f) (3f,3f) (3f,3f) (3f,3f) (3f,3f) (3f,3f) (3f,3f) (3f,3f) 
[:slot1:storager] TEMPC800 cell[00] <= 20c0 pc=00899a
[:slot1:storager] TEMPH  8862395.7us verify      alt=0 741e=20c0 743a=7442 74b4=0000 7462=0000 7a30=0101
[:slot1:storager] TEMPSTAGE sec=2 R=03 -> chunk=4180 | accepted[7428]=0008 ptr[741e]=20c0 pool[74ac]=74e4 remain[7956]=0004 | 796a=0001 7958=00000000 ledger[7654+01]=c0
[:slot1:storager] TEMPH  8871484.9us setup       alt=1 741e=20c0 743a=7442 74b4=0000 7462=0000 7a30=0101
[:slot1:storager] XSTATE  8871534.7us [741c] <= 0001
[:slot1:storager] PHASE  8871534.7us [741c] <= 0001 pc=007d5c
[:slot1:storager] CTX  8871534.7us [741c] <= 0001 pc=007d5c IPL=7  <-- IN ISR
[:slot1:storager] CNT  8871540.5us [79a4] <= 004c pc=007d9c
[:slot1:storager] TEMPC800 cell[1f] <= 0000 pc=0088d4
[:slot1:storager] TEMPPROG start: 16 descriptors (port$3F pushes=8) [7abc]=0008: (00,17) (00,1c) (00,1d) (00,1d) (00,3f) (00,3f) (01,01) (01,1f) (3f,3f) (3f,3f) (3f,3f) (3f,3f) (3f,3f) (3f,3f) (3f,3f) (3f,3f) 
[:slot1:storager] TEMPC800 cell[00] <= 20c0 pc=00899a
[:slot1:storager] TEMPH  8871630.7us verify      alt=0 741e=20c0 743a=7442 74b4=0000 7462=0000 7a30=0101
[:slot1:storager] TICK  8872420.5us head[736c]=7360 [736e]=7360 [7370]=730c [7b12]=0000 [7a36]=0001 [7a38]=0000
[:slot1:storager] PIT  8872441.5us ff8000 <= ffff mask=00ff pc=002bc4
[:slot1:storager] TEMPH  8873117.7us verify      alt=1 741e=20c0 743a=7442 74b4=0000 7462=0000 7a30=0101
[:slot1:storager] CNT  8873132.1us [79a4] <= 004b pc=008a3c
[:slot1:storager] TEMPC800 cell[1f] <= 0000 pc=0088d4
[:slot1:storager] TEMPPROG start: 16 descriptors (port$3F pushes=8) [7abc]=0008: (00,17) (00,1c) (00,1d) (00,1d) (00,3f) (00,3f) (01,01) (01,1f) (3f,3f) (3f,3f) (3f,3f) (3f,3f) (3f,3f) (3f,3f) (3f,3f) (3f,3f) 
[:slot1:storager] TEMPC800 cell[00] <= 20c0 pc=00899a
[:slot1:storager] TEMPH  8873224.1us verify      alt=0 741e=20c0 743a=7442 74b4=0000 7462=0000 7a30=0101
[:slot1:storager] TEMPH  8875112.9us setup       alt=1 741e=20c0 743a=7442 74b4=0000 7462=0000 7a30=0101
[:slot1:storager] XSTATE  8875162.7us [741c] <= 0001
[:slot1:storager] PHASE  8875162.7us [741c] <= 0001 pc=007d5c
[:slot1:storager] CTX  8875162.7us [741c] <= 0001 pc=007d5c IPL=7  <-- IN ISR
[:slot1:storager] CNT  8875168.5us [79a4] <= 004a pc=007d9c
[:slot1:storager] TEMPC800 cell[1f] <= 0000 pc=0088d4
[:slot1:storager] TEMPPROG start: 16 descriptors (port$3F pushes=8) [7abc]=0008: (00,17) (00,1c) (00,1d) (00,1d) (00,3f) (00,3f) (01,01) (01,1f) (3f,3f) (3f,3f) (3f,3f) (3f,3f) (3f,3f) (3f,3f) (3f,3f) (3f,3f) 
[:slot1:storager] TEMPC800 cell[00] <= 20c0 pc=00899a
[:slot1:storager] TEMPH  8875258.7us verify      alt=0 741e=20c0 743a=7442 74b4=0000 7462=0000 7a30=0101
[:slot1:storager] TEMPSTAGE sec=3 R=04 -> chunk=4180 | accepted[7428]=0008 ptr[741e]=20c0 pool[74ac]=74e4 remain[7956]=0004 | 796a=0001 7958=00000000 ledger[7654+01]=c0
[:slot1:storager] TEMPH  8883947.9us setup       alt=1 741e=20c0 743a=7442 74b4=0000 7462=0000 7a30=0101
[:slot1:storager] XSTATE  8883997.7us [741c] <= 0001
[:slot1:storager] PHASE  8883997.7us [741c] <= 0001 pc=007d5c
[:slot1:storager] CTX  8883997.7us [741c] <= 0001 pc=007d5c IPL=7  <-- IN ISR
[:slot1:storager] CNT  8884003.5us [79a4] <= 0049 pc=007d9c
[:slot1:storager] TEMPC800 cell[1f] <= 0000 pc=0088d4
[:slot1:storager] TEMPPROG start: 16 descriptors (port$3F pushes=8) [7abc]=0008: (00,17) (00,1c) (00,1d) (00,1d) (00,3f) (00,3f) (01,01) (01,1f) (3f,3f) (3f,3f) (3f,3f) (3f,3f) (3f,3f) (3f,3f) (3f,3f) (3f,3f) 
[:slot1:storager] TEMPC800 cell[00] <= 20c0 pc=00899a
[:slot1:storager] TEMPH  8884093.7us verify      alt=0 741e=20c0 743a=7442 74b4=0000 7462=0000 7a30=0101
[:slot1:storager] TEMPH  8886203.7us verify      alt=1 741e=20c0 743a=7442 74b4=0000 7462=0000 7a30=0101
[:slot1:storager] CNT  8886218.1us [79a4] <= 0048 pc=008a3c
[:slot1:storager] TEMPC800 cell[1f] <= 0000 pc=0088d4
[:slot1:storager] TEMPPROG start: 16 descriptors (port$3F pushes=8) [7abc]=0008: (00,17) (00,1c) (00,1d) (00,1d) (00,3f) (00,3f) (01,01) (01,1f) (3f,3f) (3f,3f) (3f,3f) (3f,3f) (3f,3f) (3f,3f) (3f,3f) (3f,3f) 
[:slot1:storager] TEMPC800 cell[00] <= 20c0 pc=00899a
[:slot1:storager] TEMPH  8886310.1us verify      alt=0 741e=20c0 743a=7442 74b4=0000 7462=0000 7a30=0101
[:slot1:storager] TEMPH  8888398.9us setup       alt=1 741e=20c0 743a=7442 74b4=0000 7462=0000 7a30=0101
[:slot1:storager] XSTATE  8888448.7us [741c] <= 0001
[:slot1:storager] PHASE  8888448.7us [741c] <= 0001 pc=007d5c
[:slot1:storager] CTX  8888448.7us [741c] <= 0001 pc=007d5c IPL=7  <-- IN ISR
[:slot1:storager] CNT  8888454.5us [79a4] <= 0047 pc=007d9c
[:slot1:storager] TEMPC800 cell[1f] <= 0000 pc=0088d4
[:slot1:storager] TEMPPROG start: 16 descriptors (port$3F pushes=8) [7abc]=0008: (00,17) (00,1c) (00,1d) (00,1d) (00,3f) (00,3f) (01,01) (01,1f) (3f,3f) (3f,3f) (3f,3f) (3f,3f) (3f,3f) (3f,3f) (3f,3f) (3f,3f) 
[:slot1:storager] TEMPC800 cell[00] <= 20c0 pc=00899a
[:slot1:storager] TEMPH  8888544.7us verify      alt=0 741e=20c0 743a=7442 74b4=0000 7462=0000 7a30=0101
[:slot1:storager] TEMPSTAGE sec=4 R=05 -> chunk=4180 | accepted[7428]=0008 ptr[741e]=20c0 pool[74ac]=74e4 remain[7956]=0004 | 796a=0001 7958=00000000 ledger[7654+01]=c0
[:slot1:storager] TEMPH  8896832.9us setup       alt=1 741e=20c0 743a=7442 74b4=0000 7462=0000 7a30=0101
[:slot1:storager] XSTATE  8896882.7us [741c] <= 0001
[:slot1:storager] PHASE  8896882.7us [741c] <= 0001 pc=007d5c
[:slot1:storager] CTX  8896882.7us [741c] <= 0001 pc=007d5c IPL=7  <-- IN ISR
[:slot1:storager] CNT  8896888.5us [79a4] <= 0046 pc=007d9c
[:slot1:storager] TEMPC800 cell[1f] <= 0000 pc=0088d4
[:slot1:storager] TEMPPROG start: 16 descriptors (port$3F pushes=8) [7abc]=0008: (00,17) (00,1c) (00,1d) (00,1d) (00,3f) (00,3f) (01,01) (01,1f) (3f,3f) (3f,3f) (3f,3f) (3f,3f) (3f,3f) (3f,3f) (3f,3f) (3f,3f) 
[:slot1:storager] TEMPC800 cell[00] <= 20c0 pc=00899a
[:slot1:storager] TEMPH  8896978.7us verify      alt=0 741e=20c0 743a=7442 74b4=0000 7462=0000 7a30=0101
[:slot1:storager] TICK  8898536.5us head[736c]=7360 [736e]=7360 [7370]=730c [7b12]=0000 [7a36]=0001 [7a38]=0000
[:slot1:storager] PIT  8898557.5us ff8000 <= ffff mask=00ff pc=002bc4
[:slot1:storager] TEMPH  8898866.7us verify      alt=1 741e=20c0 743a=7442 74b4=0000 7462=0000 7a30=0101
[:slot1:storager] CNT  8898881.1us [79a4] <= 0045 pc=008a3c
[:slot1:storager] TEMPC800 cell[1f] <= 0000 pc=0088d4
[:slot1:storager] TEMPPROG start: 16 descriptors (port$3F pushes=8) [7abc]=0008: (00,17) (00,1c) (00,1d) (00,1d) (00,3f) (00,3f) (01,01) (01,1f) (3f,3f) (3f,3f) (3f,3f) (3f,3f) (3f,3f) (3f,3f) (3f,3f) (3f,3f) 
[:slot1:storager] TEMPC800 cell[00] <= 20c0 pc=00899a
[:slot1:storager] TEMPH  8898973.1us verify      alt=0 741e=20c0 743a=7442 74b4=0000 7462=0000 7a30=0101
[:slot1:storager] TEMPH  8900861.9us setup       alt=1 741e=20c0 743a=7442 74b4=0000 7462=0000 7a30=0101
[:slot1:storager] XSTATE  8900911.7us [741c] <= 0001
[:slot1:storager] PHASE  8900911.7us [741c] <= 0001 pc=007d5c
[:slot1:storager] CTX  8900911.7us [741c] <= 0001 pc=007d5c IPL=7  <-- IN ISR
[:slot1:storager] CNT  8900917.5us [79a4] <= 0044 pc=007d9c
[:slot1:storager] TEMPC800 cell[1f] <= 0000 pc=0088d4
[:slot1:storager] TEMPPROG start: 16 descriptors (port$3F pushes=8) [7abc]=0008: (00,17) (00,1c) (00,1d) (00,1d) (00,3f) (00,3f) (01,01) (01,1f) (3f,3f) (3f,3f) (3f,3f) (3f,3f) (3f,3f) (3f,3f) (3f,3f) (3f,3f) 
[:slot1:storager] TEMPC800 cell[00] <= 20c0 pc=00899a
[:slot1:storager] TEMPH  8901007.7us verify      alt=0 741e=20c0 743a=7442 74b4=0000 7462=0000 7a30=0101
[:slot1:storager] TEMPSTAGE sec=5 R=06 -> chunk=4180 | accepted[7428]=0008 ptr[741e]=20c0 pool[74ac]=74e4 remain[7956]=0004 | 796a=0001 7958=00000000 ledger[7654+01]=c0
[:slot1:storager] TEMPH  8910096.9us setup       alt=1 741e=20c0 743a=7442 74b4=0000 7462=0000 7a30=0101
[:slot1:storager] XSTATE  8910146.7us [741c] <= 0001
[:slot1:storager] PHASE  8910146.7us [741c] <= 0001 pc=007d5c
[:slot1:storager] CTX  8910146.7us [741c] <= 0001 pc=007d5c IPL=7  <-- IN ISR
[:slot1:storager] CNT  8910152.5us [79a4] <= 0043 pc=007d9c
[:slot1:storager] TEMPC800 cell[1f] <= 0000 pc=0088d4
[:slot1:storager] TEMPPROG start: 16 descriptors (port$3F pushes=8) [7abc]=0008: (00,17) (00,1c) (00,1d) (00,1d) (00,3f) (00,3f) (01,01) (01,1f) (3f,3f) (3f,3f) (3f,3f) (3f,3f) (3f,3f) (3f,3f) (3f,3f) (3f,3f) 
[:slot1:storager] TEMPC800 cell[00] <= 20c0 pc=00899a
[:slot1:storager] TEMPH  8910242.7us verify      alt=0 741e=20c0 743a=7442 74b4=0000 7462=0000 7a30=0101
[:slot1:storager] TEMPH  8911730.7us verify      alt=1 741e=20c0 743a=7442 74b4=0000 7462=0000 7a30=0101
[:slot1:storager] CNT  8911745.1us [79a4] <= 0042 pc=008a3c
[:slot1:storager] TEMPC800 cell[1f] <= 0000 pc=0088d4
[:slot1:storager] TEMPPROG start: 16 descriptors (port$3F pushes=8) [7abc]=0008: (00,17) (00,1c) (00,1d) (00,1d) (00,3f) (00,3f) (01,01) (01,1f) (3f,3f) (3f,3f) (3f,3f) (3f,3f) (3f,3f) (3f,3f) (3f,3f) (3f,3f) 
[:slot1:storager] TEMPC800 cell[00] <= 20c0 pc=00899a
[:slot1:storager] TEMPH  8911837.1us verify      alt=0 741e=20c0 743a=7442 74b4=0000 7462=0000 7a30=0101
[:slot1:storager] TEMPH  8913725.9us setup       alt=1 741e=20c0 743a=7442 74b4=0000 7462=0000 7a30=0101
[:slot1:storager] XSTATE  8913775.7us [741c] <= 0001
[:slot1:storager] PHASE  8913775.7us [741c] <= 0001 pc=007d5c
[:slot1:storager] CTX  8913775.7us [741c] <= 0001 pc=007d5c IPL=7  <-- IN ISR
[:slot1:storager] CNT  8913781.5us [79a4] <= 0041 pc=007d9c
[:slot1:storager] TEMPC800 cell[1f] <= 0000 pc=0088d4
[:slot1:storager] TEMPPROG start: 16 descriptors (port$3F pushes=8) [7abc]=0008: (00,17) (00,1c) (00,1d) (00,1d) (00,3f) (00,3f) (01,01) (01,1f) (3f,3f) (3f,3f) (3f,3f) (3f,3f) (3f,3f) (3f,3f) (3f,3f) (3f,3f) 
[:slot1:storager] TEMPC800 cell[00] <= 20c0 pc=00899a
[:slot1:storager] TEMPH  8913871.7us verify      alt=0 741e=20c0 743a=7442 74b4=0000 7462=0000 7a30=0101
[:slot1:storager] TEMPSTAGE sec=6 R=07 -> chunk=4180 | accepted[7428]=0008 ptr[741e]=20c0 pool[74ac]=74e4 remain[7956]=0004 | 796a=0001 7958=00000000 ledger[7654+01]=c0
[:slot1:storager] TEMPH  8922561.9us setup       alt=1 741e=20c0 743a=7442 74b4=0000 7462=0000 7a30=0101
[:slot1:storager] XSTATE  8922611.7us [741c] <= 0001
[:slot1:storager] PHASE  8922611.7us [741c] <= 0001 pc=007d5c
[:slot1:storager] CTX  8922611.7us [741c] <= 0001 pc=007d5c IPL=7  <-- IN ISR
[:slot1:storager] CNT  8922617.5us [79a4] <= 0040 pc=007d9c
[:slot1:storager] TEMPC800 cell[1f] <= 0000 pc=0088d4
[:slot1:storager] TEMPPROG start: 16 descriptors (port$3F pushes=8) [7abc]=0008: (00,17) (00,1c) (00,1d) (00,1d) (00,3f) (00,3f) (01,01) (01,1f) (3f,3f) (3f,3f) (3f,3f) (3f,3f) (3f,3f) (3f,3f) (3f,3f) (3f,3f) 
[:slot1:storager] TEMPC800 cell[00] <= 20c0 pc=00899a
[:slot1:storager] TEMPH  8922707.7us verify      alt=0 741e=20c0 743a=7442 74b4=0000 7462=0000 7a30=0101
[:slot1:storager] TEMPH  8924595.7us verify      alt=1 741e=20c0 743a=7442 74b4=0000 7462=0000 7a30=0101
[:slot1:storager] CNT  8924610.1us [79a4] <= 003f pc=008a3c
[:slot1:storager] TEMPC800 cell[1f] <= 0000 pc=0088d4
[:slot1:storager] TEMPPROG start: 16 descriptors (port$3F pushes=8) [7abc]=0008: (00,17) (00,1c) (00,1d) (00,1d) (00,3f) (00,3f) (01,01) (01,1f) (3f,3f) (3f,3f) (3f,3f) (3f,3f) (3f,3f) (3f,3f) (3f,3f) (3f,3f) 
[:slot1:storager] TEMPC800 cell[00] <= 20c0 pc=00899a
[:slot1:storager] TEMPH  8924702.1us verify      alt=0 741e=20c0 743a=7442 74b4=0000 7462=0000 7a30=0101
[:slot1:storager] TICK  8924717.5us head[736c]=7360 [736e]=7360 [7370]=730c [7b12]=0000 [7a36]=0001 [7a38]=0000
[:slot1:storager] PIT  8924738.5us ff8000 <= ffff mask=00ff pc=002bc4
[:slot1:storager] TEMPH  8926590.9us setup       alt=1 741e=20c0 743a=7442 74b4=0000 7462=0000 7a30=0101
[:slot1:storager] XSTATE  8926640.7us [741c] <= 0001
[:slot1:storager] PHASE  8926640.7us [741c] <= 0001 pc=007d5c
[:slot1:storager] CTX  8926640.7us [741c] <= 0001 pc=007d5c IPL=7  <-- IN ISR
[:slot1:storager] CNT  8926646.5us [79a4] <= 003e pc=007d9c
[:slot1:storager] TEMPC800 cell[1f] <= 0000 pc=0088d4
[:slot1:storager] TEMPPROG start: 16 descriptors (port$3F pushes=8) [7abc]=0008: (00,17) (00,1c) (00,1d) (00,1d) (00,3f) (00,3f) (01,01) (01,1f) (3f,3f) (3f,3f) (3f,3f) (3f,3f) (3f,3f) (3f,3f) (3f,3f) (3f,3f) 
[:slot1:storager] TEMPC800 cell[00] <= 20c0 pc=00899a
[:slot1:storager] TEMPH  8926736.7us verify      alt=0 741e=20c0 743a=7442 74b4=0000 7462=0000 7a30=0101
[:slot1:storager] TEMPSTAGE sec=7 R=08 -> chunk=4180 | accepted[7428]=0008 ptr[741e]=20c0 pool[74ac]=74e4 remain[7956]=0004 | 796a=0001 7958=00000000 ledger[7654+01]=c0
[:slot1:storager] TEMPH  8935425.9us setup       alt=1 741e=20c0 743a=7442 74b4=0000 7462=0000 7a30=0101
[:slot1:storager] XSTATE  8935475.7us [741c] <= 0001
[:slot1:storager] PHASE  8935475.7us [741c] <= 0001 pc=007d5c
[:slot1:storager] CTX  8935475.7us [741c] <= 0001 pc=007d5c IPL=7  <-- IN ISR
[:slot1:storager] CNT  8935481.5us [79a4] <= 003d pc=007d9c
[:slot1:storager] TEMPC800 cell[1f] <= 0000 pc=0088d4
[:slot1:storager] TEMPPROG start: 16 descriptors (port$3F pushes=8) [7abc]=0008: (00,17) (00,1c) (00,1d) (00,1d) (00,3f) (00,3f) (01,01) (01,1f) (3f,3f) (3f,3f) (3f,3f) (3f,3f) (3f,3f) (3f,3f) (3f,3f) (3f,3f) 
[:slot1:storager] TEMPC800 cell[00] <= 20c0 pc=00899a
[:slot1:storager] TEMPH  8935571.7us verify      alt=0 741e=20c0 743a=7442 74b4=0000 7462=0000 7a30=0101
[:slot1:storager] TEMPH  8937460.7us verify      alt=1 741e=20c0 743a=7442 74b4=0000 7462=0000 7a30=0101
[:slot1:storager] CNT  8937475.1us [79a4] <= 003c pc=008a3c
[:slot1:storager] TEMPC800 cell[1f] <= 0000 pc=0088d4
[:slot1:storager] TEMPPROG start: 16 descriptors (port$3F pushes=8) [7abc]=0008: (00,17) (00,1c) (00,1d) (00,1d) (00,3f) (00,3f) (01,01) (01,1f) (3f,3f) (3f,3f) (3f,3f) (3f,3f) (3f,3f) (3f,3f) (3f,3f) (3f,3f) 
[:slot1:storager] TEMPC800 cell[00] <= 20c0 pc=00899a
[:slot1:storager] TEMPH  8937567.1us verify      alt=0 741e=20c0 743a=7442 74b4=0000 7462=0000 7a30=0101
[:slot1:storager] TEMPH  8939455.9us setup       alt=1 741e=20c0 743a=7442 74b4=0000 7462=0000 7a30=0101
[:slot1:storager] XSTATE  8939505.7us [741c] <= 0001
[:slot1:storager] PHASE  8939505.7us [741c] <= 0001 pc=007d5c
[:slot1:storager] CTX  8939505.7us [741c] <= 0001 pc=007d5c IPL=7  <-- IN ISR
[:slot1:storager] CNT  8939511.5us [79a4] <= 003b pc=007d9c
[:slot1:storager] TEMPC800 cell[1f] <= 0000 pc=0088d4
[:slot1:storager] TEMPPROG start: 16 descriptors (port$3F pushes=8) [7abc]=0008: (00,17) (00,1c) (00,1d) (00,1d) (00,3f) (00,3f) (01,01) (01,1f) (3f,3f) (3f,3f) (3f,3f) (3f,3f) (3f,3f) (3f,3f) (3f,3f) (3f,3f) 
[:slot1:storager] TEMPC800 cell[00] <= 20c0 pc=00899a
[:slot1:storager] TEMPH  8939601.7us verify      alt=0 741e=20c0 743a=7442 74b4=0000 7462=0000 7a30=0101
[:slot1:storager] TEMPSTAGE sec=8 R=09 -> chunk=4180 | accepted[7428]=0008 ptr[741e]=20c0 pool[74ac]=74e4 remain[7956]=0004 | 796a=0001 7958=00000000 ledger[7654+01]=c0
[:slot1:storager] TEMPH  8948289.9us setup       alt=1 741e=20c0 743a=7442 74b4=0000 7462=0000 7a30=0101
[:slot1:storager] XSTATE  8948339.7us [741c] <= 0001
[:slot1:storager] PHASE  8948339.7us [741c] <= 0001 pc=007d5c
[:slot1:storager] CTX  8948339.7us [741c] <= 0001 pc=007d5c IPL=7  <-- IN ISR
[:slot1:storager] CNT  8948345.5us [79a4] <= 003a pc=007d9c
[:slot1:storager] TEMPC800 cell[1f] <= 0000 pc=0088d4
[:slot1:storager] TEMPPROG start: 16 descriptors (port$3F pushes=8) [7abc]=0008: (00,17) (00,1c) (00,1d) (00,1d) (00,3f) (00,3f) (01,01) (01,1f) (3f,3f) (3f,3f) (3f,3f) (3f,3f) (3f,3f) (3f,3f) (3f,3f) (3f,3f) 
[:slot1:storager] TEMPC800 cell[00] <= 20c0 pc=00899a
[:slot1:storager] TEMPH  8948435.7us verify      alt=0 741e=20c0 743a=7442 74b4=0000 7462=0000 7a30=0101
[:slot1:storager] TEMPH  8950723.7us verify      alt=1 741e=20c0 743a=7442 74b4=0000 7462=0000 7a30=0101
[:slot1:storager] CNT  8950738.1us [79a4] <= 0039 pc=008a3c
[:slot1:storager] TEMPC800 cell[1f] <= 0000 pc=0088d4
[:slot1:storager] TEMPPROG start: 16 descriptors (port$3F pushes=8) [7abc]=0008: (00,17) (00,1c) (00,1d) (00,1d) (00,3f) (00,3f) (01,01) (01,1f) (3f,3f) (3f,3f) (3f,3f) (3f,3f) (3f,3f) (3f,3f) (3f,3f) (3f,3f) 
[:slot1:storager] TEMPC800 cell[00] <= 20c0 pc=00899a
[:slot1:storager] TEMPH  8950830.1us verify      alt=0 741e=20c0 743a=7442 74b4=0000 7462=0000 7a30=0101
[:slot1:storager] TICK  8950845.5us head[736c]=7360 [736e]=7360 [7370]=730c [7b12]=0000 [7a36]=0001 [7a38]=0000
[:slot1:storager] PIT  8950866.5us ff8000 <= ffff mask=00ff pc=002bc4
[:slot1:storager] TEMPH  8952319.9us setup       alt=1 741e=20c0 743a=7442 74b4=0000 7462=0000 7a30=0101
[:slot1:storager] XSTATE  8952369.7us [741c] <= 0001
[:slot1:storager] PHASE  8952369.7us [741c] <= 0001 pc=007d5c
[:slot1:storager] CTX  8952369.7us [741c] <= 0001 pc=007d5c IPL=7  <-- IN ISR
[:slot1:storager] CNT  8952375.5us [79a4] <= 0038 pc=007d9c
[:slot1:storager] TEMPC800 cell[1f] <= 0000 pc=0088d4
[:slot1:storager] TEMPPROG start: 16 descriptors (port$3F pushes=8) [7abc]=0008: (00,17) (00,1c) (00,1d) (00,1d) (00,3f) (00,3f) (01,01) (01,1f) (3f,3f) (3f,3f) (3f,3f) (3f,3f) (3f,3f) (3f,3f) (3f,3f) (3f,3f) 
[:slot1:storager] TEMPC800 cell[00] <= 20c0 pc=00899a
[:slot1:storager] TEMPH  8952465.7us verify      alt=0 741e=20c0 743a=7442 74b4=0000 7462=0000 7a30=0101
[:slot1:storager] TEMPSTAGE sec=9 R=0a -> chunk=4180 | accepted[7428]=0008 ptr[741e]=20c0 pool[74ac]=74e4 remain[7956]=0004 | 796a=0001 7958=00000000 ledger[7654+01]=c0
[:slot1:storager] TEMPH  8961154.9us setup       alt=1 741e=20c0 743a=7442 74b4=0000 7462=0000 7a30=0101
[:slot1:storager] XSTATE  8961204.7us [741c] <= 0001
[:slot1:storager] PHASE  8961204.7us [741c] <= 0001 pc=007d5c
[:slot1:storager] CTX  8961204.7us [741c] <= 0001 pc=007d5c IPL=7  <-- IN ISR
[:slot1:storager] CNT  8961210.5us [79a4] <= 0037 pc=007d9c
[:slot1:storager] TEMPC800 cell[1f] <= 0000 pc=0088d4
[:slot1:storager] TEMPPROG start: 16 descriptors (port$3F pushes=8) [7abc]=0008: (00,17) (00,1c) (00,1d) (00,1d) (00,3f) (00,3f) (01,01) (01,1f) (3f,3f) (3f,3f) (3f,3f) (3f,3f) (3f,3f) (3f,3f) (3f,3f) (3f,3f) 
[:slot1:storager] TEMPC800 cell[00] <= 20c0 pc=00899a
[:slot1:storager] TEMPH  8961300.7us verify      alt=0 741e=20c0 743a=7442 74b4=0000 7462=0000 7a30=0101
[:slot1:storager] TEMPH  8963188.7us verify      alt=1 741e=20c0 743a=7442 74b4=0000 7462=0000 7a30=0101
[:slot1:storager] CNT  8963203.1us [79a4] <= 0036 pc=008a3c
[:slot1:storager] TEMPC800 cell[1f] <= 0000 pc=0088d4
[:slot1:storager] TEMPPROG start: 16 descriptors (port$3F pushes=8) [7abc]=0008: (00,17) (00,1c) (00,1d) (00,1d) (00,3f) (00,3f) (01,01) (01,1f) (3f,3f) (3f,3f) (3f,3f) (3f,3f) (3f,3f) (3f,3f) (3f,3f) (3f,3f) 
[:slot1:storager] TEMPC800 cell[00] <= 20c0 pc=00899a
[:slot1:storager] TEMPH  8963295.1us verify      alt=0 741e=20c0 743a=7442 74b4=0000 7462=0000 7a30=0101
[:slot1:storager] TEMPH  8965583.9us setup       alt=1 741e=20c0 743a=7442 74b4=0000 7462=0000 7a30=0101
[:slot1:storager] XSTATE  8965633.7us [741c] <= 0001
[:slot1:storager] PHASE  8965633.7us [741c] <= 0001 pc=007d5c
[:slot1:storager] CTX  8965633.7us [741c] <= 0001 pc=007d5c IPL=7  <-- IN ISR
[:slot1:storager] CNT  8965639.5us [79a4] <= 0035 pc=007d9c
[:slot1:storager] TEMPC800 cell[1f] <= 0000 pc=0088d4
[:slot1:storager] TEMPPROG start: 16 descriptors (port$3F pushes=8) [7abc]=0008: (00,17) (00,1c) (00,1d) (00,1d) (00,3f) (00,3f) (01,01) (01,1f) (3f,3f) (3f,3f) (3f,3f) (3f,3f) (3f,3f) (3f,3f) (3f,3f) (3f,3f) 
[:slot1:storager] TEMPC800 cell[00] <= 20c0 pc=00899a
[:slot1:storager] TEMPH  8965729.7us verify      alt=0 741e=20c0 743a=7442 74b4=0000 7462=0000 7a30=0101
[:slot1:storager] TEMPSTAGE sec=10 R=0b -> chunk=4180 | accepted[7428]=0008 ptr[741e]=20c0 pool[74ac]=74e4 remain[7956]=0004 | 796a=0001 7958=00000000 ledger[7654+01]=c0
[:slot1:storager] TEMPH  8974040.9us setup       alt=1 741e=20c0 743a=7442 74b4=0000 7462=0000 7a30=0101
[:slot1:storager] XSTATE  8974090.7us [741c] <= 0001
[:slot1:storager] PHASE  8974090.7us [741c] <= 0001 pc=007d5c
[:slot1:storager] CTX  8974090.7us [741c] <= 0001 pc=007d5c IPL=7  <-- IN ISR
[:slot1:storager] CNT  8974096.5us [79a4] <= 0034 pc=007d9c
[:slot1:storager] TEMPC800 cell[1f] <= 0000 pc=0088d4
[:slot1:storager] TEMPPROG start: 16 descriptors (port$3F pushes=8) [7abc]=0008: (00,17) (00,1c) (00,1d) (00,1d) (00,3f) (00,3f) (01,01) (01,1f) (3f,3f) (3f,3f) (3f,3f) (3f,3f) (3f,3f) (3f,3f) (3f,3f) (3f,3f) 
[:slot1:storager] TEMPC800 cell[00] <= 20c0 pc=00899a
[:slot1:storager] TEMPH  8974186.7us verify      alt=0 741e=20c0 743a=7442 74b4=0000 7462=0000 7a30=0101
[:slot1:storager] TEMPH  8976274.7us verify      alt=1 741e=20c0 743a=7442 74b4=0000 7462=0000 7a30=0101
[:slot1:storager] CNT  8976289.1us [79a4] <= 0033 pc=008a3c
[:slot1:storager] TEMPC800 cell[1f] <= 0000 pc=0088d4
[:slot1:storager] TEMPPROG start: 16 descriptors (port$3F pushes=8) [7abc]=0008: (00,17) (00,1c) (00,1d) (00,1d) (00,3f) (00,3f) (01,01) (01,1f) (3f,3f) (3f,3f) (3f,3f) (3f,3f) (3f,3f) (3f,3f) (3f,3f) (3f,3f) 
[:slot1:storager] TEMPC800 cell[00] <= 20c0 pc=00899a
[:slot1:storager] TEMPH  8976381.1us verify      alt=0 741e=20c0 743a=7442 74b4=0000 7462=0000 7a30=0101
[:slot1:storager] TICK  8976885.5us head[736c]=7360 [736e]=7360 [7370]=730c [7b12]=0000 [7a36]=0001 [7a38]=0000
[:slot1:storager] PIT  8976906.5us ff8000 <= ffff mask=00ff pc=002bc4
[:slot1:storager] TEMPH  8978069.9us setup       alt=1 741e=20c0 743a=7442 74b4=0000 7462=0000 7a30=0101
[:slot1:storager] XSTATE  8978119.7us [741c] <= 0001
[:slot1:storager] PHASE  8978119.7us [741c] <= 0001 pc=007d5c
[:slot1:storager] CTX  8978119.7us [741c] <= 0001 pc=007d5c IPL=7  <-- IN ISR
[:slot1:storager] CNT  8978125.5us [79a4] <= 0032 pc=007d9c
[:slot1:storager] TEMPC800 cell[1f] <= 0000 pc=0088d4
[:slot1:storager] TEMPPROG start: 16 descriptors (port$3F pushes=8) [7abc]=0008: (00,17) (00,1c) (00,1d) (00,1d) (00,3f) (00,3f) (01,01) (01,1f) (3f,3f) (3f,3f) (3f,3f) (3f,3f) (3f,3f) (3f,3f) (3f,3f) (3f,3f) 
[:slot1:storager] TEMPC800 cell[00] <= 20c0 pc=00899a
[:slot1:storager] TEMPH  8978215.7us verify      alt=0 741e=20c0 743a=7442 74b4=0000 7462=0000 7a30=0101
[:slot1:storager] TEMPSTAGE sec=11 R=0c -> chunk=4180 | accepted[7428]=0008 ptr[741e]=20c0 pool[74ac]=74e4 remain[7956]=0004 | 796a=0001 7958=00000000 ledger[7654+01]=c0
[:slot1:storager] TEMPH  8986905.9us setup       alt=1 741e=20c0 743a=7442 74b4=0000 7462=0000 7a30=0101
[:slot1:storager] XSTATE  8986955.7us [741c] <= 0001
[:slot1:storager] PHASE  8986955.7us [741c] <= 0001 pc=007d5c
[:slot1:storager] CTX  8986955.7us [741c] <= 0001 pc=007d5c IPL=7  <-- IN ISR
[:slot1:storager] CNT  8986961.5us [79a4] <= 0031 pc=007d9c
[:slot1:storager] TEMPC800 cell[1f] <= 0000 pc=0088d4
[:slot1:storager] TEMPPROG start: 16 descriptors (port$3F pushes=8) [7abc]=0008: (00,17) (00,1c) (00,1d) (00,1d) (00,3f) (00,3f) (01,01) (01,1f) (3f,3f) (3f,3f) (3f,3f) (3f,3f) (3f,3f) (3f,3f) (3f,3f) (3f,3f) 
[:slot1:storager] TEMPC800 cell[00] <= 20c0 pc=00899a
[:slot1:storager] TEMPH  8987051.7us verify      alt=0 741e=20c0 743a=7442 74b4=0000 7462=0000 7a30=0101
[:slot1:storager] TEMPH  8988939.7us verify      alt=1 741e=20c0 743a=7442 74b4=0000 7462=0000 7a30=0101
[:slot1:storager] CNT  8988954.1us [79a4] <= 0030 pc=008a3c
[:slot1:storager] TEMPC800 cell[1f] <= 0000 pc=0088d4
[:slot1:storager] TEMPPROG start: 16 descriptors (port$3F pushes=8) [7abc]=0008: (00,17) (00,1c) (00,1d) (00,1d) (00,3f) (00,3f) (01,01) (01,1f) (3f,3f) (3f,3f) (3f,3f) (3f,3f) (3f,3f) (3f,3f) (3f,3f) (3f,3f) 
[:slot1:storager] TEMPC800 cell[00] <= 20c0 pc=00899a
[:slot1:storager] TEMPH  8989046.1us verify      alt=0 741e=20c0 743a=7442 74b4=0000 7462=0000 7a30=0101
[:slot1:storager] TEMPH  8991134.9us setup       alt=1 741e=20c0 743a=7442 74b4=0000 7462=0000 7a30=0101
[:slot1:storager] XSTATE  8991184.7us [741c] <= 0001
[:slot1:storager] PHASE  8991184.7us [741c] <= 0001 pc=007d5c
[:slot1:storager] CTX  8991184.7us [741c] <= 0001 pc=007d5c IPL=7  <-- IN ISR
[:slot1:storager] CNT  8991190.5us [79a4] <= 002f pc=007d9c
[:slot1:storager] TEMPC800 cell[1f] <= 0000 pc=0088d4
[:slot1:storager] TEMPPROG start: 16 descriptors (port$3F pushes=8) [7abc]=0008: (00,17) (00,1c) (00,1d) (00,1d) (00,3f) (00,3f) (01,01) (01,1f) (3f,3f) (3f,3f) (3f,3f) (3f,3f) (3f,3f) (3f,3f) (3f,3f) (3f,3f) 
[:slot1:storager] TEMPC800 cell[00] <= 20c0 pc=00899a
[:slot1:storager] TEMPH  8991280.7us verify      alt=0 741e=20c0 743a=7442 74b4=0000 7462=0000 7a30=0101
[:slot1:storager] TEMPSTAGE sec=12 R=0d -> chunk=4180 | accepted[7428]=0008 ptr[741e]=20c0 pool[74ac]=74e4 remain[7956]=0004 | 796a=0001 7958=00000000 ledger[7654+01]=c0
[:slot1:storager] TEMPH  8999770.9us setup       alt=1 741e=20c0 743a=7442 74b4=0000 7462=0000 7a30=0101
[:slot1:storager] XSTATE  8999820.7us [741c] <= 0001
[:slot1:storager] PHASE  8999820.7us [741c] <= 0001 pc=007d5c
[:slot1:storager] CTX  8999820.7us [741c] <= 0001 pc=007d5c IPL=7  <-- IN ISR
[:slot1:storager] CNT  8999826.5us [79a4] <= 002e pc=007d9c
[:slot1:storager] TEMPC800 cell[1f] <= 0000 pc=0088d4
[:slot1:storager] TEMPPROG start: 16 descriptors (port$3F pushes=8) [7abc]=0008: (00,17) (00,1c) (00,1d) (00,1d) (00,3f) (00,3f) (01,01) (01,1f) (3f,3f) (3f,3f) (3f,3f) (3f,3f) (3f,3f) (3f,3f) (3f,3f) (3f,3f) 
[:slot1:storager] TEMPC800 cell[00] <= 20c0 pc=00899a
[:slot1:storager] TEMPH  8999916.7us verify      alt=0 741e=20c0 743a=7442 74b4=0000 7462=0000 7a30=0101
[:slot1:storager] TEMPH  9001804.7us verify      alt=1 741e=20c0 743a=7442 74b4=0000 7462=0000 7a30=0101
[:slot1:storager] CNT  9001819.1us [79a4] <= 002d pc=008a3c
[:slot1:storager] TEMPC800 cell[1f] <= 0000 pc=0088d4
[:slot1:storager] TEMPPROG start: 16 descriptors (port$3F pushes=8) [7abc]=0008: (00,17) (00,1c) (00,1d) (00,1d) (00,3f) (00,3f) (01,01) (01,1f) (3f,3f) (3f,3f) (3f,3f) (3f,3f) (3f,3f) (3f,3f) (3f,3f) (3f,3f) 
[:slot1:storager] TEMPC800 cell[00] <= 20c0 pc=00899a
[:slot1:storager] TEMPH  9001911.1us verify      alt=0 741e=20c0 743a=7442 74b4=0000 7462=0000 7a30=0101
[:slot1:storager] TICK  9003023.5us head[736c]=7360 [736e]=7360 [7370]=730c [7b12]=0000 [7a36]=0001 [7a38]=0000
[:slot1:storager] PIT  9003044.5us ff8000 <= ffff mask=00ff pc=002bc4
[:slot1:storager] TEMPH  9003799.9us setup       alt=1 741e=20c0 743a=7442 74b4=0000 7462=0000 7a30=0101
[:slot1:storager] XSTATE  9003849.7us [741c] <= 0001
[:slot1:storager] PHASE  9003849.7us [741c] <= 0001 pc=007d5c
[:slot1:storager] CTX  9003849.7us [741c] <= 0001 pc=007d5c IPL=7  <-- IN ISR
[:slot1:storager] CNT  9003855.5us [79a4] <= 002c pc=007d9c
[:slot1:storager] TEMPC800 cell[1f] <= 0000 pc=0088d4
[:slot1:storager] TEMPPROG start: 16 descriptors (port$3F pushes=8) [7abc]=0008: (00,17) (00,1c) (00,1d) (00,1d) (00,3f) (00,3f) (01,01) (01,1f) (3f,3f) (3f,3f) (3f,3f) (3f,3f) (3f,3f) (3f,3f) (3f,3f) (3f,3f) 
[:slot1:storager] TEMPC800 cell[00] <= 20c0 pc=00899a
[:slot1:storager] TEMPH  9003945.7us verify      alt=0 741e=20c0 743a=7442 74b4=0000 7462=0000 7a30=0101
[:slot1:storager] TEMPSTAGE sec=13 R=0e -> chunk=4180 | accepted[7428]=0008 ptr[741e]=20c0 pool[74ac]=74e4 remain[7956]=0004 | 796a=0001 7958=00000000 ledger[7654+01]=c0
[:slot1:storager] TEMPH  9012834.9us setup       alt=1 741e=20c0 743a=7442 74b4=0000 7462=0000 7a30=0101
[:slot1:storager] XSTATE  9012884.7us [741c] <= 0001
[:slot1:storager] PHASE  9012884.7us [741c] <= 0001 pc=007d5c
[:slot1:storager] CTX  9012884.7us [741c] <= 0001 pc=007d5c IPL=7  <-- IN ISR
[:slot1:storager] CNT  9012890.5us [79a4] <= 002b pc=007d9c
[:slot1:storager] TEMPC800 cell[1f] <= 0000 pc=0088d4
[:slot1:storager] TEMPPROG start: 16 descriptors (port$3F pushes=8) [7abc]=0008: (00,17) (00,1c) (00,1d) (00,1d) (00,3f) (00,3f) (01,01) (01,1f) (3f,3f) (3f,3f) (3f,3f) (3f,3f) (3f,3f) (3f,3f) (3f,3f) (3f,3f) 
[:slot1:storager] TEMPC800 cell[00] <= 20c0 pc=00899a
[:slot1:storager] TEMPH  9012980.7us verify      alt=0 741e=20c0 743a=7442 74b4=0000 7462=0000 7a30=0101
[:slot1:storager] TEMPH  9014668.7us verify      alt=1 741e=20c0 743a=7442 74b4=0000 7462=0000 7a30=0101
[:slot1:storager] CNT  9014683.1us [79a4] <= 002a pc=008a3c
[:slot1:storager] TEMPC800 cell[1f] <= 0000 pc=0088d4
[:slot1:storager] TEMPPROG start: 16 descriptors (port$3F pushes=8) [7abc]=0008: (00,17) (00,1c) (00,1d) (00,1d) (00,3f) (00,3f) (01,01) (01,1f) (3f,3f) (3f,3f) (3f,3f) (3f,3f) (3f,3f) (3f,3f) (3f,3f) (3f,3f) 
[:slot1:storager] TEMPC800 cell[00] <= 20c0 pc=00899a
[:slot1:storager] TEMPH  9014775.1us verify      alt=0 741e=20c0 743a=7442 74b4=0000 7462=0000 7a30=0101
[:slot1:storager] TEMPH  9016663.9us setup       alt=1 741e=20c0 743a=7442 74b4=0000 7462=0000 7a30=0101
[:slot1:storager] XSTATE  9016713.7us [741c] <= 0001
[:slot1:storager] PHASE  9016713.7us [741c] <= 0001 pc=007d5c
[:slot1:storager] CTX  9016713.7us [741c] <= 0001 pc=007d5c IPL=7  <-- IN ISR
[:slot1:storager] CNT  9016719.5us [79a4] <= 0029 pc=007d9c
[:slot1:storager] TEMPC800 cell[1f] <= 0000 pc=0088d4
[:slot1:storager] TEMPPROG start: 16 descriptors (port$3F pushes=8) [7abc]=0008: (00,17) (00,1c) (00,1d) (00,1d) (00,3f) (00,3f) (01,01) (01,1f) (3f,3f) (3f,3f) (3f,3f) (3f,3f) (3f,3f) (3f,3f) (3f,3f) (3f,3f) 
[:slot1:storager] TEMPC800 cell[00] <= 20c0 pc=00899a
[:slot1:storager] TEMPH  9016809.7us verify      alt=0 741e=20c0 743a=7442 74b4=0000 7462=0000 7a30=0101
[:slot1:storager] TEMPSTAGE sec=14 R=0f -> chunk=4180 | accepted[7428]=0008 ptr[741e]=20c0 pool[74ac]=74e4 remain[7956]=0004 | 796a=0001 7958=00000000 ledger[7654+01]=c0
[:slot1:storager] TEMPH  9025498.9us setup       alt=1 741e=20c0 743a=7442 74b4=0000 7462=0000 7a30=0101
[:slot1:storager] XSTATE  9025548.7us [741c] <= 0001
[:slot1:storager] PHASE  9025548.7us [741c] <= 0001 pc=007d5c
[:slot1:storager] CTX  9025548.7us [741c] <= 0001 pc=007d5c IPL=7  <-- IN ISR
[:slot1:storager] CNT  9025554.5us [79a4] <= 0028 pc=007d9c
[:slot1:storager] TEMPC800 cell[1f] <= 0000 pc=0088d4
[:slot1:storager] TEMPPROG start: 16 descriptors (port$3F pushes=8) [7abc]=0008: (00,17) (00,1c) (00,1d) (00,1d) (00,3f) (00,3f) (01,01) (01,1f) (3f,3f) (3f,3f) (3f,3f) (3f,3f) (3f,3f) (3f,3f) (3f,3f) (3f,3f) 
[:slot1:storager] TEMPC800 cell[00] <= 20c0 pc=00899a
[:slot1:storager] TEMPH  9025644.7us verify      alt=0 741e=20c0 743a=7442 74b4=0000 7462=0000 7a30=0101
[:slot1:storager] TEMPH  9027531.7us verify      alt=1 741e=20c0 743a=7442 74b4=0000 7462=0000 7a30=0101
[:slot1:storager] CNT  9027546.1us [79a4] <= 0027 pc=008a3c
[:slot1:storager] TEMPC800 cell[1f] <= 0000 pc=0088d4
[:slot1:storager] TEMPPROG start: 16 descriptors (port$3F pushes=8) [7abc]=0008: (00,17) (00,1c) (00,1d) (00,1d) (00,3f) (00,3f) (01,01) (01,1f) (3f,3f) (3f,3f) (3f,3f) (3f,3f) (3f,3f) (3f,3f) (3f,3f) (3f,3f) 
[:slot1:storager] TEMPC800 cell[00] <= 20c0 pc=00899a
[:slot1:storager] TEMPH  9027638.1us verify      alt=0 741e=20c0 743a=7442 74b4=0000 7462=0000 7a30=0101
[:slot1:storager] TICK  9029117.5us head[736c]=7360 [736e]=7360 [7370]=730c [7b12]=0000 [7a36]=0001 [7a38]=0000
[:slot1:storager] PIT  9029138.5us ff8000 <= ffff mask=00ff pc=002bc4
[:slot1:storager] TEMPH  9029527.9us setup       alt=1 741e=20c0 743a=7442 74b4=0000 7462=0000 7a30=0101
[:slot1:storager] XSTATE  9029577.7us [741c] <= 0001
[:slot1:storager] PHASE  9029577.7us [741c] <= 0001 pc=007d5c
[:slot1:storager] CTX  9029577.7us [741c] <= 0001 pc=007d5c IPL=7  <-- IN ISR
[:slot1:storager] CNT  9029583.5us [79a4] <= 0026 pc=007d9c
[:slot1:storager] TEMPC800 cell[1f] <= 0000 pc=0088d4
[:slot1:storager] TEMPPROG start: 16 descriptors (port$3F pushes=8) [7abc]=0008: (00,17) (00,1c) (00,1d) (00,1d) (00,3f) (00,3f) (01,01) (01,1f) (3f,3f) (3f,3f) (3f,3f) (3f,3f) (3f,3f) (3f,3f) (3f,3f) (3f,3f) 
[:slot1:storager] TEMPC800 cell[00] <= 20c0 pc=00899a
[:slot1:storager] TEMPH  9029673.7us verify      alt=0 741e=20c0 743a=7442 74b4=0000 7462=0000 7a30=0101
[:slot1:storager] TEMPSTAGE sec=15 R=10 -> chunk=4180 | accepted[7428]=0008 ptr[741e]=20c0 pool[74ac]=74e4 remain[7956]=0004 | 796a=0001 7958=00000000 ledger[7654+01]=c0
[:slot1:storager] TEMPH  9038361.9us setup       alt=1 741e=20c0 743a=7442 74b4=0000 7462=0000 7a30=0101
[:slot1:storager] XSTATE  9038411.7us [741c] <= 0001
[:slot1:storager] PHASE  9038411.7us [741c] <= 0001 pc=007d5c
[:slot1:storager] CTX  9038411.7us [741c] <= 0001 pc=007d5c IPL=7  <-- IN ISR
[:slot1:storager] CNT  9038417.5us [79a4] <= 0025 pc=007d9c
[:slot1:storager] TEMPC800 cell[1f] <= 0000 pc=0088d4
[:slot1:storager] TEMPPROG start: 16 descriptors (port$3F pushes=8) [7abc]=0008: (00,17) (00,1c) (00,1d) (00,1d) (00,3f) (00,3f) (01,01) (01,1f) (3f,3f) (3f,3f) (3f,3f) (3f,3f) (3f,3f) (3f,3f) (3f,3f) (3f,3f) 
[:slot1:storager] TEMPC800 cell[00] <= 20c0 pc=00899a
[:slot1:storager] TEMPH  9038507.7us verify      alt=0 741e=20c0 743a=7442 74b4=0000 7462=0000 7a30=0101
[:slot1:storager] TEMPH  9040395.7us verify      alt=1 741e=20c0 743a=7442 74b4=0000 7462=0000 7a30=0101
[:slot1:storager] CNT  9040410.1us [79a4] <= 0024 pc=008a3c
[:slot1:storager] TEMPC800 cell[1f] <= 0000 pc=0088d4
[:slot1:storager] TEMPPROG start: 16 descriptors (port$3F pushes=8) [7abc]=0008: (00,17) (00,1c) (00,1d) (00,1d) (00,3f) (00,3f) (01,01) (01,1f) (3f,3f) (3f,3f) (3f,3f) (3f,3f) (3f,3f) (3f,3f) (3f,3f) (3f,3f) 
[:slot1:storager] TEMPC800 cell[00] <= 20c0 pc=00899a
[:slot1:storager] TEMPH  9040502.1us verify      alt=0 741e=20c0 743a=7442 74b4=0000 7462=0000 7a30=0101
[:slot1:storager] TEMPH  9042390.9us setup       alt=1 741e=20c0 743a=7442 74b4=0000 7462=0000 7a30=0101
[:slot1:storager] XSTATE  9042440.7us [741c] <= 0001
[:slot1:storager] PHASE  9042440.7us [741c] <= 0001 pc=007d5c
[:slot1:storager] CTX  9042440.7us [741c] <= 0001 pc=007d5c IPL=7  <-- IN ISR
[:slot1:storager] CNT  9042446.5us [79a4] <= 0023 pc=007d9c
[:slot1:storager] TEMPC800 cell[1f] <= 0000 pc=0088d4
[:slot1:storager] TEMPPROG start: 16 descriptors (port$3F pushes=8) [7abc]=0008: (00,17) (00,1c) (00,1d) (00,1d) (00,3f) (00,3f) (01,01) (01,1f) (3f,3f) (3f,3f) (3f,3f) (3f,3f) (3f,3f) (3f,3f) (3f,3f) (3f,3f) 
[:slot1:storager] TEMPC800 cell[00] <= 20c0 pc=00899a
[:slot1:storager] TEMPH  9042536.7us verify      alt=0 741e=20c0 743a=7442 74b4=0000 7462=0000 7a30=0101
[:slot1:storager] TEMPSTAGE sec=0 R=01 -> chunk=4180 | accepted[7428]=0008 ptr[741e]=20c0 pool[74ac]=74e4 remain[7956]=0004 | 796a=0001 7958=00000000 ledger[7654+01]=c0
[:slot1:storager] TEMPH  9051225.9us setup       alt=1 741e=20c0 743a=7442 74b4=0000 7462=0000 7a30=0101
[:slot1:storager] XSTATE  9051275.7us [741c] <= 0001
[:slot1:storager] PHASE  9051275.7us [741c] <= 0001 pc=007d5c
[:slot1:storager] CTX  9051275.7us [741c] <= 0001 pc=007d5c IPL=7  <-- IN ISR
[:slot1:storager] CNT  9051281.5us [79a4] <= 0022 pc=007d9c
[:slot1:storager] TEMPC800 cell[1f] <= 0000 pc=0088d4
[:slot1:storager] TEMPPROG start: 16 descriptors (port$3F pushes=8) [7abc]=0008: (00,17) (00,1c) (00,1d) (00,1d) (00,3f) (00,3f) (01,01) (01,1f) (3f,3f) (3f,3f) (3f,3f) (3f,3f) (3f,3f) (3f,3f) (3f,3f) (3f,3f) 
[:slot1:storager] TEMPC800 cell[00] <= 20c0 pc=00899a
[:slot1:storager] TEMPH  9051371.7us verify      alt=0 741e=20c0 743a=7442 74b4=0000 7462=0000 7a30=0101
[:slot1:storager] TEMPH  9053459.7us verify      alt=1 741e=20c0 743a=7442 74b4=0000 7462=0000 7a30=0101
[:slot1:storager] CNT  9053474.1us [79a4] <= 0021 pc=008a3c
[:slot1:storager] TEMPC800 cell[1f] <= 0000 pc=0088d4
[:slot1:storager] TEMPPROG start: 16 descriptors (port$3F pushes=8) [7abc]=0008: (00,17) (00,1c) (00,1d) (00,1d) (00,3f) (00,3f) (01,01) (01,1f) (3f,3f) (3f,3f) (3f,3f) (3f,3f) (3f,3f) (3f,3f) (3f,3f) (3f,3f) 
[:slot1:storager] TEMPC800 cell[00] <= 20c0 pc=00899a
[:slot1:storager] TEMPH  9053566.1us verify      alt=0 741e=20c0 743a=7442 74b4=0000 7462=0000 7a30=0101
[:slot1:storager] TICK  9055234.5us head[736c]=7360 [736e]=7360 [7370]=730c [7b12]=0000 [7a36]=0001 [7a38]=0000
[:slot1:storager] TEMPH  9055254.9us setup       alt=1 741e=20c0 743a=7442 74b4=0000 7462=0000 7a30=0101
[:slot1:storager] XSTATE  9055304.7us [741c] <= 0001
[:slot1:storager] PHASE  9055304.7us [741c] <= 0001 pc=007d5c
[:slot1:storager] CTX  9055304.7us [741c] <= 0001 pc=007d5c IPL=7  <-- IN ISR
[:slot1:storager] CNT  9055310.5us [79a4] <= 0020 pc=007d9c
[:slot1:storager] TEMPC800 cell[1f] <= 0000 pc=0088d4
[:slot1:storager] TEMPPROG start: 16 descriptors (port$3F pushes=8) [7abc]=0008: (00,17) (00,1c) (00,1d) (00,1d) (00,3f) (00,3f) (01,01) (01,1f) (3f,3f) (3f,3f) (3f,3f) (3f,3f) (3f,3f) (3f,3f) (3f,3f) (3f,3f) 
[:slot1:storager] TEMPC800 cell[00] <= 20c0 pc=00899a
[:slot1:storager] TEMPH  9055400.7us verify      alt=0 741e=20c0 743a=7442 74b4=0000 7462=0000 7a30=0101
[:slot1:storager] PIT  9055425.5us ff8000 <= ffff mask=00ff pc=002bc4
[:slot1:storager] TEMPSTAGE sec=1 R=02 -> chunk=4180 | accepted[7428]=0008 ptr[741e]=20c0 pool[74ac]=74e4 remain[7956]=0004 | 796a=0001 7958=00000000 ledger[7654+01]=c0
[:slot1:storager] TEMPH  9064089.9us setup       alt=1 741e=20c0 743a=7442 74b4=0000 7462=0000 7a30=0101
[:slot1:storager] XSTATE  9064139.7us [741c] <= 0001
[:slot1:storager] PHASE  9064139.7us [741c] <= 0001 pc=007d5c
[:slot1:storager] CTX  9064139.7us [741c] <= 0001 pc=007d5c IPL=7  <-- IN ISR
[:slot1:storager] CNT  9064145.5us [79a4] <= 001f pc=007d9c
[:slot1:storager] TEMPC800 cell[1f] <= 0000 pc=0088d4
[:slot1:storager] TEMPPROG start: 16 descriptors (port$3F pushes=8) [7abc]=0008: (00,17) (00,1c) (00,1d) (00,1d) (00,3f) (00,3f) (01,01) (01,1f) (3f,3f) (3f,3f) (3f,3f) (3f,3f) (3f,3f) (3f,3f) (3f,3f) (3f,3f) 
[:slot1:storager] TEMPC800 cell[00] <= 20c0 pc=00899a
[:slot1:storager] TEMPH  9064235.7us verify      alt=0 741e=20c0 743a=7442 74b4=0000 7462=0000 7a30=0101
[:slot1:storager] TEMPH  9066122.7us verify      alt=1 741e=20c0 743a=7442 74b4=0000 7462=0000 7a30=0101
[:slot1:storager] CNT  9066137.1us [79a4] <= 001e pc=008a3c
[:slot1:storager] TEMPC800 cell[1f] <= 0000 pc=0088d4
[:slot1:storager] TEMPPROG start: 16 descriptors (port$3F pushes=8) [7abc]=0008: (00,17) (00,1c) (00,1d) (00,1d) (00,3f) (00,3f) (01,01) (01,1f) (3f,3f) (3f,3f) (3f,3f) (3f,3f) (3f,3f) (3f,3f) (3f,3f) (3f,3f) 
[:slot1:storager] TEMPC800 cell[00] <= 20c0 pc=00899a
[:slot1:storager] TEMPH  9066229.1us verify      alt=0 741e=20c0 743a=7442 74b4=0000 7462=0000 7a30=0101
[:slot1:storager] TEMPH  9068318.9us setup       alt=1 741e=20c0 743a=7442 74b4=0000 7462=0000 7a30=0101
[:slot1:storager] XSTATE  9068368.7us [741c] <= 0001
[:slot1:storager] PHASE  9068368.7us [741c] <= 0001 pc=007d5c
[:slot1:storager] CTX  9068368.7us [741c] <= 0001 pc=007d5c IPL=7  <-- IN ISR
[:slot1:storager] CNT  9068374.5us [79a4] <= 001d pc=007d9c
[:slot1:storager] TEMPC800 cell[1f] <= 0000 pc=0088d4
[:slot1:storager] TEMPPROG start: 16 descriptors (port$3F pushes=8) [7abc]=0008: (00,17) (00,1c) (00,1d) (00,1d) (00,3f) (00,3f) (01,01) (01,1f) (3f,3f) (3f,3f) (3f,3f) (3f,3f) (3f,3f) (3f,3f) (3f,3f) (3f,3f) 
[:slot1:storager] TEMPC800 cell[00] <= 20c0 pc=00899a
[:slot1:storager] TEMPH  9068464.7us verify      alt=0 741e=20c0 743a=7442 74b4=0000 7462=0000 7a30=0101
[:slot1:storager] TEMPSTAGE sec=2 R=03 -> chunk=4180 | accepted[7428]=0008 ptr[741e]=20c0 pool[74ac]=74e4 remain[7956]=0004 | 796a=0001 7958=00000000 ledger[7654+01]=c0
[:slot1:storager] TEMPH  9076952.9us setup       alt=1 741e=20c0 743a=7442 74b4=0000 7462=0000 7a30=0101
[:slot1:storager] XSTATE  9077002.7us [741c] <= 0001
[:slot1:storager] PHASE  9077002.7us [741c] <= 0001 pc=007d5c
[:slot1:storager] CTX  9077002.7us [741c] <= 0001 pc=007d5c IPL=7  <-- IN ISR
[:slot1:storager] CNT  9077008.5us [79a4] <= 001c pc=007d9c
[:slot1:storager] TEMPC800 cell[1f] <= 0000 pc=0088d4
[:slot1:storager] TEMPPROG start: 16 descriptors (port$3F pushes=8) [7abc]=0008: (00,17) (00,1c) (00,1d) (00,1d) (00,3f) (00,3f) (01,01) (01,1f) (3f,3f) (3f,3f) (3f,3f) (3f,3f) (3f,3f) (3f,3f) (3f,3f) (3f,3f) 
[:slot1:storager] TEMPC800 cell[00] <= 20c0 pc=00899a
[:slot1:storager] TEMPH  9077098.7us verify      alt=0 741e=20c0 743a=7442 74b4=0000 7462=0000 7a30=0101
[:slot1:storager] TEMPH  9078986.7us verify      alt=1 741e=20c0 743a=7442 74b4=0000 7462=0000 7a30=0101
[:slot1:storager] CNT  9079001.1us [79a4] <= 001b pc=008a3c
[:slot1:storager] TEMPC800 cell[1f] <= 0000 pc=0088d4
[:slot1:storager] TEMPPROG start: 16 descriptors (port$3F pushes=8) [7abc]=0008: (00,17) (00,1c) (00,1d) (00,1d) (00,3f) (00,3f) (01,01) (01,1f) (3f,3f) (3f,3f) (3f,3f) (3f,3f) (3f,3f) (3f,3f) (3f,3f) (3f,3f) 
[:slot1:storager] TEMPC800 cell[00] <= 20c0 pc=00899a
[:slot1:storager] TEMPH  9079093.1us verify      alt=0 741e=20c0 743a=7442 74b4=0000 7462=0000 7a30=0101
[:slot1:storager] TEMPH  9080980.9us setup       alt=1 741e=20c0 743a=7442 74b4=0000 7462=0000 7a30=0101
[:slot1:storager] XSTATE  9081030.7us [741c] <= 0001
[:slot1:storager] PHASE  9081030.7us [741c] <= 0001 pc=007d5c
[:slot1:storager] CTX  9081030.7us [741c] <= 0001 pc=007d5c IPL=7  <-- IN ISR
[:slot1:storager] CNT  9081036.5us [79a4] <= 001a pc=007d9c
[:slot1:storager] TEMPC800 cell[1f] <= 0000 pc=0088d4
[:slot1:storager] TEMPPROG start: 16 descriptors (port$3F pushes=8) [7abc]=0008: (00,17) (00,1c) (00,1d) (00,1d) (00,3f) (00,3f) (01,01) (01,1f) (3f,3f) (3f,3f) (3f,3f) (3f,3f) (3f,3f) (3f,3f) (3f,3f) (3f,3f) 
[:slot1:storager] TEMPC800 cell[00] <= 20c0 pc=00899a
[:slot1:storager] TEMPH  9081126.7us verify      alt=0 741e=20c0 743a=7442 74b4=0000 7462=0000 7a30=0101
[:slot1:storager] TICK  9081350.5us head[736c]=7360 [736e]=7360 [7370]=730c [7b12]=0000 [7a36]=0001 [7a38]=0000
[:slot1:storager] PIT  9081371.5us ff8000 <= ffff mask=00ff pc=002bc4
[:slot1:storager] TEMPSTAGE sec=3 R=04 -> chunk=4180 | accepted[7428]=0008 ptr[741e]=20c0 pool[74ac]=74e4 remain[7956]=0004 | 796a=0001 7958=00000000 ledger[7654+01]=c0
[:slot1:storager] TEMPH  9090015.9us setup       alt=1 741e=20c0 743a=7442 74b4=0000 7462=0000 7a30=0101
[:slot1:storager] XSTATE  9090065.7us [741c] <= 0001
[:slot1:storager] PHASE  9090065.7us [741c] <= 0001 pc=007d5c
[:slot1:storager] CTX  9090065.7us [741c] <= 0001 pc=007d5c IPL=7  <-- IN ISR
[:slot1:storager] CNT  9090071.5us [79a4] <= 0019 pc=007d9c
[:slot1:storager] TEMPC800 cell[1f] <= 0000 pc=0088d4
[:slot1:storager] TEMPPROG start: 16 descriptors (port$3F pushes=8) [7abc]=0008: (00,17) (00,1c) (00,1d) (00,1d) (00,3f) (00,3f) (01,01) (01,1f) (3f,3f) (3f,3f) (3f,3f) (3f,3f) (3f,3f) (3f,3f) (3f,3f) (3f,3f) 
[:slot1:storager] TEMPC800 cell[00] <= 20c0 pc=00899a
[:slot1:storager] TEMPH  9090161.7us verify      alt=0 741e=20c0 743a=7442 74b4=0000 7462=0000 7a30=0101
[:slot1:storager] TEMPH  9091849.7us verify      alt=1 741e=20c0 743a=7442 74b4=0000 7462=0000 7a30=0101
[:slot1:storager] CNT  9091864.1us [79a4] <= 0018 pc=008a3c
[:slot1:storager] TEMPC800 cell[1f] <= 0000 pc=0088d4
[:slot1:storager] TEMPPROG start: 16 descriptors (port$3F pushes=8) [7abc]=0008: (00,17) (00,1c) (00,1d) (00,1d) (00,3f) (00,3f) (01,01) (01,1f) (3f,3f) (3f,3f) (3f,3f) (3f,3f) (3f,3f) (3f,3f) (3f,3f) (3f,3f) 
[:slot1:storager] TEMPC800 cell[00] <= 20c0 pc=00899a
[:slot1:storager] TEMPH  9091956.1us verify      alt=0 741e=20c0 743a=7442 74b4=0000 7462=0000 7a30=0101
[:slot1:storager] TEMPH  9093845.9us setup       alt=1 741e=20c0 743a=7442 74b4=0000 7462=0000 7a30=0101
[:slot1:storager] XSTATE  9093895.7us [741c] <= 0001
[:slot1:storager] PHASE  9093895.7us [741c] <= 0001 pc=007d5c
[:slot1:storager] CTX  9093895.7us [741c] <= 0001 pc=007d5c IPL=7  <-- IN ISR
[:slot1:storager] CNT  9093901.5us [79a4] <= 0017 pc=007d9c
[:slot1:storager] TEMPC800 cell[1f] <= 0000 pc=0088d4
[:slot1:storager] TEMPPROG start: 16 descriptors (port$3F pushes=8) [7abc]=0008: (00,17) (00,1c) (00,1d) (00,1d) (00,3f) (00,3f) (01,01) (01,1f) (3f,3f) (3f,3f) (3f,3f) (3f,3f) (3f,3f) (3f,3f) (3f,3f) (3f,3f) 
[:slot1:storager] TEMPC800 cell[00] <= 20c0 pc=00899a
[:slot1:storager] TEMPH  9093991.7us verify      alt=0 741e=20c0 743a=7442 74b4=0000 7462=0000 7a30=0101
[:slot1:storager] TEMPSTAGE sec=4 R=05 -> chunk=4180 | accepted[7428]=0008 ptr[741e]=20c0 pool[74ac]=74e4 remain[7956]=0004 | 796a=0001 7958=00000000 ledger[7654+01]=c0
[:slot1:storager] TEMPH  9102680.9us setup       alt=1 741e=20c0 743a=7442 74b4=0000 7462=0000 7a30=0101
[:slot1:storager] XSTATE  9102730.7us [741c] <= 0001
[:slot1:storager] PHASE  9102730.7us [741c] <= 0001 pc=007d5c
[:slot1:storager] CTX  9102730.7us [741c] <= 0001 pc=007d5c IPL=7  <-- IN ISR
[:slot1:storager] CNT  9102736.5us [79a4] <= 0016 pc=007d9c
[:slot1:storager] TEMPC800 cell[1f] <= 0000 pc=0088d4
[:slot1:storager] TEMPPROG start: 16 descriptors (port$3F pushes=8) [7abc]=0008: (00,17) (00,1c) (00,1d) (00,1d) (00,3f) (00,3f) (01,01) (01,1f) (3f,3f) (3f,3f) (3f,3f) (3f,3f) (3f,3f) (3f,3f) (3f,3f) (3f,3f) 
[:slot1:storager] TEMPC800 cell[00] <= 20c0 pc=00899a
[:slot1:storager] TEMPH  9102826.7us verify      alt=0 741e=20c0 743a=7442 74b4=0000 7462=0000 7a30=0101
[:slot1:storager] TEMPH  9104714.7us verify      alt=1 741e=20c0 743a=7442 74b4=0000 7462=0000 7a30=0101
[:slot1:storager] CNT  9104729.1us [79a4] <= 0015 pc=008a3c
[:slot1:storager] TEMPC800 cell[1f] <= 0000 pc=0088d4
[:slot1:storager] TEMPPROG start: 16 descriptors (port$3F pushes=8) [7abc]=0008: (00,17) (00,1c) (00,1d) (00,1d) (00,3f) (00,3f) (01,01) (01,1f) (3f,3f) (3f,3f) (3f,3f) (3f,3f) (3f,3f) (3f,3f) (3f,3f) (3f,3f) 
[:slot1:storager] TEMPC800 cell[00] <= 20c0 pc=00899a
[:slot1:storager] TEMPH  9104821.1us verify      alt=0 741e=20c0 743a=7442 74b4=0000 7462=0000 7a30=0101
[:slot1:storager] TEMPH  9106709.9us setup       alt=1 741e=20c0 743a=7442 74b4=0000 7462=0000 7a30=0101
[:slot1:storager] XSTATE  9106759.7us [741c] <= 0001
[:slot1:storager] PHASE  9106759.7us [741c] <= 0001 pc=007d5c
[:slot1:storager] CTX  9106759.7us [741c] <= 0001 pc=007d5c IPL=7  <-- IN ISR
[:slot1:storager] CNT  9106765.5us [79a4] <= 0014 pc=007d9c
[:slot1:storager] TEMPC800 cell[1f] <= 0000 pc=0088d4
[:slot1:storager] TEMPPROG start: 16 descriptors (port$3F pushes=8) [7abc]=0008: (00,17) (00,1c) (00,1d) (00,1d) (00,3f) (00,3f) (01,01) (01,1f) (3f,3f) (3f,3f) (3f,3f) (3f,3f) (3f,3f) (3f,3f) (3f,3f) (3f,3f) 
[:slot1:storager] TEMPC800 cell[00] <= 20c0 pc=00899a
[:slot1:storager] TEMPH  9106855.7us verify      alt=0 741e=20c0 743a=7442 74b4=0000 7462=0000 7a30=0101
[:slot1:storager] TICK  9107467.5us head[736c]=7360 [736e]=7360 [7370]=730c [7b12]=0000 [7a36]=0001 [7a38]=0000
[:slot1:storager] PIT  9107488.5us ff8000 <= ffff mask=00ff pc=002bc4
[:slot1:storager] TEMPSTAGE sec=5 R=06 -> chunk=4180 | accepted[7428]=0008 ptr[741e]=20c0 pool[74ac]=74e4 remain[7956]=0004 | 796a=0001 7958=00000000 ledger[7654+01]=c0
[:slot1:storager] TEMPH  9115544.9us setup       alt=1 741e=20c0 743a=7442 74b4=0000 7462=0000 7a30=0101
[:slot1:storager] XSTATE  9115594.7us [741c] <= 0001
[:slot1:storager] PHASE  9115594.7us [741c] <= 0001 pc=007d5c
[:slot1:storager] CTX  9115594.7us [741c] <= 0001 pc=007d5c IPL=7  <-- IN ISR
[:slot1:storager] CNT  9115600.5us [79a4] <= 0013 pc=007d9c
[:slot1:storager] TEMPC800 cell[1f] <= 0000 pc=0088d4
[:slot1:storager] TEMPPROG start: 16 descriptors (port$3F pushes=8) [7abc]=0008: (00,17) (00,1c) (00,1d) (00,1d) (00,3f) (00,3f) (01,01) (01,1f) (3f,3f) (3f,3f) (3f,3f) (3f,3f) (3f,3f) (3f,3f) (3f,3f) (3f,3f) 
[:slot1:storager] TEMPC800 cell[00] <= 20c0 pc=00899a
[:slot1:storager] TEMPH  9115690.7us verify      alt=0 741e=20c0 743a=7442 74b4=0000 7462=0000 7a30=0101
[:slot1:storager] TEMPH  9117578.7us verify      alt=1 741e=20c0 743a=7442 74b4=0000 7462=0000 7a30=0101
[:slot1:storager] CNT  9117593.1us [79a4] <= 0012 pc=008a3c
[:slot1:storager] TEMPC800 cell[1f] <= 0000 pc=0088d4
[:slot1:storager] TEMPPROG start: 16 descriptors (port$3F pushes=8) [7abc]=0008: (00,17) (00,1c) (00,1d) (00,1d) (00,3f) (00,3f) (01,01) (01,1f) (3f,3f) (3f,3f) (3f,3f) (3f,3f) (3f,3f) (3f,3f) (3f,3f) (3f,3f) 
[:slot1:storager] TEMPC800 cell[00] <= 20c0 pc=00899a
[:slot1:storager] TEMPH  9117685.1us verify      alt=0 741e=20c0 743a=7442 74b4=0000 7462=0000 7a30=0101
[:slot1:storager] TEMPH  9119573.9us setup       alt=1 741e=20c0 743a=7442 74b4=0000 7462=0000 7a30=0101
[:slot1:storager] XSTATE  9119623.7us [741c] <= 0001
[:slot1:storager] PHASE  9119623.7us [741c] <= 0001 pc=007d5c
[:slot1:storager] CTX  9119623.7us [741c] <= 0001 pc=007d5c IPL=7  <-- IN ISR
[:slot1:storager] CNT  9119629.5us [79a4] <= 0011 pc=007d9c
[:slot1:storager] TEMPC800 cell[1f] <= 0000 pc=0088d4
[:slot1:storager] TEMPPROG start: 16 descriptors (port$3F pushes=8) [7abc]=0008: (00,17) (00,1c) (00,1d) (00,1d) (00,3f) (00,3f) (01,01) (01,1f) (3f,3f) (3f,3f) (3f,3f) (3f,3f) (3f,3f) (3f,3f) (3f,3f) (3f,3f) 
[:slot1:storager] TEMPC800 cell[00] <= 20c0 pc=00899a
[:slot1:storager] TEMPH  9119719.7us verify      alt=0 741e=20c0 743a=7442 74b4=0000 7462=0000 7a30=0101
[:slot1:storager] TEMPSTAGE sec=6 R=07 -> chunk=4180 | accepted[7428]=0008 ptr[741e]=20c0 pool[74ac]=74e4 remain[7956]=0004 | 796a=0001 7958=00000000 ledger[7654+01]=c0
[:slot1:storager] TEMPH  9128408.9us setup       alt=1 741e=20c0 743a=7442 74b4=0000 7462=0000 7a30=0101
[:slot1:storager] XSTATE  9128458.7us [741c] <= 0001
[:slot1:storager] PHASE  9128458.7us [741c] <= 0001 pc=007d5c
[:slot1:storager] CTX  9128458.7us [741c] <= 0001 pc=007d5c IPL=7  <-- IN ISR
[:slot1:storager] CNT  9128464.5us [79a4] <= 0010 pc=007d9c
[:slot1:storager] TEMPC800 cell[1f] <= 0000 pc=0088d4
[:slot1:storager] TEMPPROG start: 16 descriptors (port$3F pushes=8) [7abc]=0008: (00,17) (00,1c) (00,1d) (00,1d) (00,3f) (00,3f) (01,01) (01,1f) (3f,3f) (3f,3f) (3f,3f) (3f,3f) (3f,3f) (3f,3f) (3f,3f) (3f,3f) 
[:slot1:storager] TEMPC800 cell[00] <= 20c0 pc=00899a
[:slot1:storager] TEMPH  9128554.7us verify      alt=0 741e=20c0 743a=7442 74b4=0000 7462=0000 7a30=0101
[:slot1:storager] TEMPH  9130664.7us verify      alt=1 741e=20c0 743a=7442 74b4=0000 7462=0000 7a30=0101
[:slot1:storager] CNT  9130679.1us [79a4] <= 000f pc=008a3c
[:slot1:storager] TEMPC800 cell[1f] <= 0000 pc=0088d4
[:slot1:storager] TEMPPROG start: 16 descriptors (port$3F pushes=8) [7abc]=0008: (00,17) (00,1c) (00,1d) (00,1d) (00,3f) (00,3f) (01,01) (01,1f) (3f,3f) (3f,3f) (3f,3f) (3f,3f) (3f,3f) (3f,3f) (3f,3f) (3f,3f) 
[:slot1:storager] TEMPC800 cell[00] <= 20c0 pc=00899a
[:slot1:storager] TEMPH  9130771.1us verify      alt=0 741e=20c0 743a=7442 74b4=0000 7462=0000 7a30=0101
[:slot1:storager] TEMPH  9132859.9us setup       alt=1 741e=20c0 743a=7442 74b4=0000 7462=0000 7a30=0101
[:slot1:storager] XSTATE  9132909.7us [741c] <= 0001
[:slot1:storager] PHASE  9132909.7us [741c] <= 0001 pc=007d5c
[:slot1:storager] CTX  9132909.7us [741c] <= 0001 pc=007d5c IPL=7  <-- IN ISR
[:slot1:storager] CNT  9132915.5us [79a4] <= 000e pc=007d9c
[:slot1:storager] TEMPC800 cell[1f] <= 0000 pc=0088d4
[:slot1:storager] TEMPPROG start: 16 descriptors (port$3F pushes=8) [7abc]=0008: (00,17) (00,1c) (00,1d) (00,1d) (00,3f) (00,3f) (01,01) (01,1f) (3f,3f) (3f,3f) (3f,3f) (3f,3f) (3f,3f) (3f,3f) (3f,3f) (3f,3f) 
[:slot1:storager] TEMPC800 cell[00] <= 20c0 pc=00899a
[:slot1:storager] TEMPH  9133005.7us verify      alt=0 741e=20c0 743a=7442 74b4=0000 7462=0000 7a30=0101
[:slot1:storager] TICK  9133584.5us head[736c]=7360 [736e]=7360 [7370]=730c [7b12]=0000 [7a36]=0001 [7a38]=0000
[:slot1:storager] PIT  9133605.5us ff8000 <= ffff mask=00ff pc=002bc4
[:slot1:storager] TEMPSTAGE sec=7 R=08 -> chunk=4180 | accepted[7428]=0008 ptr[741e]=20c0 pool[74ac]=74e4 remain[7956]=0004 | 796a=0001 7958=00000000 ledger[7654+01]=c0
[:slot1:storager] TEMPH  9141294.9us setup       alt=1 741e=20c0 743a=7442 74b4=0000 7462=0000 7a30=0101
[:slot1:storager] XSTATE  9141344.7us [741c] <= 0001
[:slot1:storager] PHASE  9141344.7us [741c] <= 0001 pc=007d5c
[:slot1:storager] CTX  9141344.7us [741c] <= 0001 pc=007d5c IPL=7  <-- IN ISR
[:slot1:storager] CNT  9141350.5us [79a4] <= 000d pc=007d9c
[:slot1:storager] TEMPC800 cell[1f] <= 0000 pc=0088d4
[:slot1:storager] TEMPPROG start: 16 descriptors (port$3F pushes=8) [7abc]=0008: (00,17) (00,1c) (00,1d) (00,1d) (00,3f) (00,3f) (01,01) (01,1f) (3f,3f) (3f,3f) (3f,3f) (3f,3f) (3f,3f) (3f,3f) (3f,3f) (3f,3f) 
[:slot1:storager] TEMPC800 cell[00] <= 20c0 pc=00899a
[:slot1:storager] TEMPH  9141440.7us verify      alt=0 741e=20c0 743a=7442 74b4=0000 7462=0000 7a30=0101
[:slot1:storager] TEMPH  9143328.7us verify      alt=1 741e=20c0 743a=7442 74b4=0000 7462=0000 7a30=0101
[:slot1:storager] CNT  9143343.1us [79a4] <= 000c pc=008a3c
[:slot1:storager] TEMPC800 cell[1f] <= 0000 pc=0088d4
[:slot1:storager] TEMPPROG start: 16 descriptors (port$3F pushes=8) [7abc]=0008: (00,17) (00,1c) (00,1d) (00,1d) (00,3f) (00,3f) (01,01) (01,1f) (3f,3f) (3f,3f) (3f,3f) (3f,3f) (3f,3f) (3f,3f) (3f,3f) (3f,3f) 
[:slot1:storager] TEMPC800 cell[00] <= 20c0 pc=00899a
[:slot1:storager] TEMPH  9143435.1us verify      alt=0 741e=20c0 743a=7442 74b4=0000 7462=0000 7a30=0101
[:slot1:storager] TEMPH  9145323.9us setup       alt=1 741e=20c0 743a=7442 74b4=0000 7462=0000 7a30=0101
[:slot1:storager] XSTATE  9145373.7us [741c] <= 0001
[:slot1:storager] PHASE  9145373.7us [741c] <= 0001 pc=007d5c
[:slot1:storager] CTX  9145373.7us [741c] <= 0001 pc=007d5c IPL=7  <-- IN ISR
[:slot1:storager] CNT  9145379.5us [79a4] <= 000b pc=007d9c
[:slot1:storager] TEMPC800 cell[1f] <= 0000 pc=0088d4
[:slot1:storager] TEMPPROG start: 16 descriptors (port$3F pushes=8) [7abc]=0008: (00,17) (00,1c) (00,1d) (00,1d) (00,3f) (00,3f) (01,01) (01,1f) (3f,3f) (3f,3f) (3f,3f) (3f,3f) (3f,3f) (3f,3f) (3f,3f) (3f,3f) 
[:slot1:storager] TEMPC800 cell[00] <= 20c0 pc=00899a
[:slot1:storager] TEMPH  9145469.7us verify      alt=0 741e=20c0 743a=7442 74b4=0000 7462=0000 7a30=0101
[:slot1:storager] TEMPSTAGE sec=8 R=09 -> chunk=4180 | accepted[7428]=0008 ptr[741e]=20c0 pool[74ac]=74e4 remain[7956]=0004 | 796a=0001 7958=00000000 ledger[7654+01]=c0
[:slot1:storager] TEMPH  9154558.9us setup       alt=1 741e=20c0 743a=7442 74b4=0000 7462=0000 7a30=0101
[:slot1:storager] XSTATE  9154608.7us [741c] <= 0001
[:slot1:storager] PHASE  9154608.7us [741c] <= 0001 pc=007d5c
[:slot1:storager] CTX  9154608.7us [741c] <= 0001 pc=007d5c IPL=7  <-- IN ISR
[:slot1:storager] CNT  9154614.5us [79a4] <= 000a pc=007d9c
[:slot1:storager] TEMPC800 cell[1f] <= 0000 pc=0088d4
[:slot1:storager] TEMPPROG start: 16 descriptors (port$3F pushes=8) [7abc]=0008: (00,17) (00,1c) (00,1d) (00,1d) (00,3f) (00,3f) (01,01) (01,1f) (3f,3f) (3f,3f) (3f,3f) (3f,3f) (3f,3f) (3f,3f) (3f,3f) (3f,3f) 
[:slot1:storager] TEMPC800 cell[00] <= 20c0 pc=00899a
[:slot1:storager] TEMPH  9154704.7us verify      alt=0 741e=20c0 743a=7442 74b4=0000 7462=0000 7a30=0101
[:slot1:storager] TEMPH  9156192.7us verify      alt=1 741e=20c0 743a=7442 74b4=0000 7462=0000 7a30=0101
[:slot1:storager] CNT  9156207.1us [79a4] <= 0009 pc=008a3c
[:slot1:storager] TEMPC800 cell[1f] <= 0000 pc=0088d4
[:slot1:storager] TEMPPROG start: 16 descriptors (port$3F pushes=8) [7abc]=0008: (00,17) (00,1c) (00,1d) (00,1d) (00,3f) (00,3f) (01,01) (01,1f) (3f,3f) (3f,3f) (3f,3f) (3f,3f) (3f,3f) (3f,3f) (3f,3f) (3f,3f) 
[:slot1:storager] TEMPC800 cell[00] <= 20c0 pc=00899a
[:slot1:storager] TEMPH  9156299.1us verify      alt=0 741e=20c0 743a=7442 74b4=0000 7462=0000 7a30=0101
[:slot1:storager] TEMPH  9158187.9us setup       alt=1 741e=20c0 743a=7442 74b4=0000 7462=0000 7a30=0101
[:slot1:storager] XSTATE  9158237.7us [741c] <= 0001
[:slot1:storager] PHASE  9158237.7us [741c] <= 0001 pc=007d5c
[:slot1:storager] CTX  9158237.7us [741c] <= 0001 pc=007d5c IPL=7  <-- IN ISR
[:slot1:storager] CNT  9158243.5us [79a4] <= 0008 pc=007d9c
[:slot1:storager] TEMPC800 cell[1f] <= 0000 pc=0088d4
[:slot1:storager] TEMPPROG start: 16 descriptors (port$3F pushes=8) [7abc]=0008: (00,17) (00,1c) (00,1d) (00,1d) (00,3f) (00,3f) (01,01) (01,1f) (3f,3f) (3f,3f) (3f,3f) (3f,3f) (3f,3f) (3f,3f) (3f,3f) (3f,3f) 
[:slot1:storager] TEMPC800 cell[00] <= 20c0 pc=00899a
[:slot1:storager] TEMPH  9158333.7us verify      alt=0 741e=20c0 743a=7442 74b4=0000 7462=0000 7a30=0101
[:slot1:storager] TICK  9159699.5us head[736c]=7360 [736e]=7360 [7370]=730c [7b12]=0000 [7a36]=0001 [7a38]=0000
[:slot1:storager] PIT  9159720.5us ff8000 <= ffff mask=00ff pc=002bc4
[:slot1:storager] TEMPSTAGE sec=9 R=0a -> chunk=4180 | accepted[7428]=0008 ptr[741e]=20c0 pool[74ac]=74e4 remain[7956]=0004 | 796a=0001 7958=00000000 ledger[7654+01]=c0
[:slot1:storager] TEMPH  9167021.9us setup       alt=1 741e=20c0 743a=7442 74b4=0000 7462=0000 7a30=0101
[:slot1:storager] XSTATE  9167071.7us [741c] <= 0001
[:slot1:storager] PHASE  9167071.7us [741c] <= 0001 pc=007d5c
[:slot1:storager] CTX  9167071.7us [741c] <= 0001 pc=007d5c IPL=7  <-- IN ISR
[:slot1:storager] CNT  9167077.5us [79a4] <= 0007 pc=007d9c
[:slot1:storager] TEMPC800 cell[1f] <= 0000 pc=0088d4
[:slot1:storager] TEMPPROG start: 16 descriptors (port$3F pushes=8) [7abc]=0008: (00,17) (00,1c) (00,1d) (00,1d) (00,3f) (00,3f) (01,01) (01,1f) (3f,3f) (3f,3f) (3f,3f) (3f,3f) (3f,3f) (3f,3f) (3f,3f) (3f,3f) 
[:slot1:storager] TEMPC800 cell[00] <= 20c0 pc=00899a
[:slot1:storager] TEMPH  9167167.7us verify      alt=0 741e=20c0 743a=7442 74b4=0000 7462=0000 7a30=0101
[:slot1:storager] TEMPH  9169454.7us verify      alt=1 741e=20c0 743a=7442 74b4=0000 7462=0000 7a30=0101
[:slot1:storager] CNT  9169469.1us [79a4] <= 0006 pc=008a3c
[:slot1:storager] TEMPC800 cell[1f] <= 0000 pc=0088d4
[:slot1:storager] TEMPPROG start: 16 descriptors (port$3F pushes=8) [7abc]=0008: (00,17) (00,1c) (00,1d) (00,1d) (00,3f) (00,3f) (01,01) (01,1f) (3f,3f) (3f,3f) (3f,3f) (3f,3f) (3f,3f) (3f,3f) (3f,3f) (3f,3f) 
[:slot1:storager] TEMPC800 cell[00] <= 20c0 pc=00899a
[:slot1:storager] TEMPH  9169561.1us verify      alt=0 741e=20c0 743a=7442 74b4=0000 7462=0000 7a30=0101
[:slot1:storager] TEMPH  9171049.9us setup       alt=1 741e=20c0 743a=7442 74b4=0000 7462=0000 7a30=0101
[:slot1:storager] XSTATE  9171099.7us [741c] <= 0001
[:slot1:storager] PHASE  9171099.7us [741c] <= 0001 pc=007d5c
[:slot1:storager] CTX  9171099.7us [741c] <= 0001 pc=007d5c IPL=7  <-- IN ISR
[:slot1:storager] CNT  9171105.5us [79a4] <= 0005 pc=007d9c
[:slot1:storager] TEMPC800 cell[1f] <= 0000 pc=0088d4
[:slot1:storager] TEMPPROG start: 16 descriptors (port$3F pushes=8) [7abc]=0008: (00,17) (00,1c) (00,1d) (00,1d) (00,3f) (00,3f) (01,01) (01,1f) (3f,3f) (3f,3f) (3f,3f) (3f,3f) (3f,3f) (3f,3f) (3f,3f) (3f,3f) 
[:slot1:storager] TEMPC800 cell[00] <= 20c0 pc=00899a
[:slot1:storager] TEMPH  9171195.7us verify      alt=0 741e=20c0 743a=7442 74b4=0000 7462=0000 7a30=0101
[:slot1:storager] TEMPSTAGE sec=10 R=0b -> chunk=4180 | accepted[7428]=0008 ptr[741e]=20c0 pool[74ac]=74e4 remain[7956]=0004 | 796a=0001 7958=00000000 ledger[7654+01]=c0
[:slot1:storager] TEMPH  9179884.9us setup       alt=1 741e=20c0 743a=7442 74b4=0000 7462=0000 7a30=0101
[:slot1:storager] XSTATE  9179934.7us [741c] <= 0001
[:slot1:storager] PHASE  9179934.7us [741c] <= 0001 pc=007d5c
[:slot1:storager] CTX  9179934.7us [741c] <= 0001 pc=007d5c IPL=7  <-- IN ISR
[:slot1:storager] CNT  9179940.5us [79a4] <= 0004 pc=007d9c
[:slot1:storager] TEMPC800 cell[1f] <= 0000 pc=0088d4
[:slot1:storager] TEMPPROG start: 16 descriptors (port$3F pushes=8) [7abc]=0008: (00,17) (00,1c) (00,1d) (00,1d) (00,3f) (00,3f) (01,01) (01,1f) (3f,3f) (3f,3f) (3f,3f) (3f,3f) (3f,3f) (3f,3f) (3f,3f) (3f,3f) 
[:slot1:storager] TEMPC800 cell[00] <= 20c0 pc=00899a
[:slot1:storager] TEMPH  9180030.7us verify      alt=0 741e=20c0 743a=7442 74b4=0000 7462=0000 7a30=0101
[:slot1:storager] TEMPH  9181918.7us verify      alt=1 741e=20c0 743a=7442 74b4=0000 7462=0000 7a30=0101
[:slot1:storager] CNT  9181933.1us [79a4] <= 0003 pc=008a3c
[:slot1:storager] TEMPC800 cell[1f] <= 0000 pc=0088d4
[:slot1:storager] TEMPPROG start: 16 descriptors (port$3F pushes=8) [7abc]=0008: (00,17) (00,1c) (00,1d) (00,1d) (00,3f) (00,3f) (01,01) (01,1f) (3f,3f) (3f,3f) (3f,3f) (3f,3f) (3f,3f) (3f,3f) (3f,3f) (3f,3f) 
[:slot1:storager] TEMPC800 cell[00] <= 20c0 pc=00899a
[:slot1:storager] TEMPH  9182025.1us verify      alt=0 741e=20c0 743a=7442 74b4=0000 7462=0000 7a30=0101
[:slot1:storager] TEMPH  9183913.9us setup       alt=1 741e=20c0 743a=7442 74b4=0000 7462=0000 7a30=0101
[:slot1:storager] XSTATE  9183963.7us [741c] <= 0001
[:slot1:storager] PHASE  9183963.7us [741c] <= 0001 pc=007d5c
[:slot1:storager] CTX  9183963.7us [741c] <= 0001 pc=007d5c IPL=7  <-- IN ISR
[:slot1:storager] CNT  9183969.5us [79a4] <= 0002 pc=007d9c
[:slot1:storager] TEMPC800 cell[1f] <= 0000 pc=0088d4
[:slot1:storager] TEMPPROG start: 16 descriptors (port$3F pushes=8) [7abc]=0008: (00,17) (00,1c) (00,1d) (00,1d) (00,3f) (00,3f) (01,01) (01,1f) (3f,3f) (3f,3f) (3f,3f) (3f,3f) (3f,3f) (3f,3f) (3f,3f) (3f,3f) 
[:slot1:storager] TEMPC800 cell[00] <= 20c0 pc=00899a
[:slot1:storager] TEMPH  9184059.7us verify      alt=0 741e=20c0 743a=7442 74b4=0000 7462=0000 7a30=0101
[:slot1:storager] TICK  9185827.5us head[736c]=7360 [736e]=7360 [7370]=730c [7b12]=0000 [7a36]=0001 [7a38]=0000
[:slot1:storager] PIT  9185848.5us ff8000 <= ffff mask=00ff pc=002bc4
[:slot1:storager] TEMPSTAGE sec=11 R=0c -> chunk=4180 | accepted[7428]=0008 ptr[741e]=20c0 pool[74ac]=74e4 remain[7956]=0004 | 796a=0001 7958=00000000 ledger[7654+01]=c0
[:slot1:storager] TEMPH  9192747.9us setup       alt=1 741e=20c0 743a=7442 74b4=0000 7462=0000 7a30=0101
[:slot1:storager] XSTATE  9192797.7us [741c] <= 0001
[:slot1:storager] PHASE  9192797.7us [741c] <= 0001 pc=007d5c
[:slot1:storager] CTX  9192797.7us [741c] <= 0001 pc=007d5c IPL=7  <-- IN ISR
[:slot1:storager] CNT  9192803.5us [79a4] <= 0001 pc=007d9c
[:slot1:storager] TEMPC800 cell[1f] <= 0000 pc=0088d4
[:slot1:storager] TEMPPROG start: 16 descriptors (port$3F pushes=8) [7abc]=0008: (00,17) (00,1c) (00,1d) (00,1d) (00,3f) (00,3f) (01,01) (01,1f) (3f,3f) (3f,3f) (3f,3f) (3f,3f) (3f,3f) (3f,3f) (3f,3f) (3f,3f) 
[:slot1:storager] TEMPC800 cell[00] <= 20c0 pc=00899a
[:slot1:storager] TEMPH  9192893.7us verify      alt=0 741e=20c0 743a=7442 74b4=0000 7462=0000 7a30=0101
[:slot1:storager] TEMPH  9194781.7us verify      alt=1 741e=20c0 743a=7442 74b4=0000 7462=0000 7a30=0101
[:slot1:storager] CNT  9194796.1us [79a4] <= 0000 pc=008a3c
[:slot1:storager] ERRFLD  9194811.1us [7208] <= 2029 pc=008ab2
[:slot1:storager] PHASE  9194891.1us [7216] <= 000c pc=0017f8
[:slot1:storager] XSTATE  9194956.3us [7968] <= 0000
[:slot1:storager] PHASE  9194956.3us [7968] <= 0000 pc=00190e
[:slot1:storager] CTX  9194956.3us [7968] <= 0000 pc=00190e IPL=0
[:slot1:storager] AABOUND UIB+00..0f: 02 10 80 00 07 07 01 08 02 01 00 01 00 00 00 00 
[:slot1:storager] AABOUND ledger[0..31]: c0 c0 aa c0 aa c0 aa c0 aa fe fe fe fe fe fe fe fe fe fe fe fe fe fe fe fe fe aa c0 c0 c0 c0 c0 
[:slot1:storager] LEDGER  9195006.5us [7655] pos=1   <= aa  <=== 0xAA BOUNDARY | [7954]=0001 node=6e60 n+1=10 [7956]=0004 [7abc]=0008 pc=00127a
[:slot1:storager] SLIDEAA  9195006.5us stake[7654]=c0 -> next[7655]<=aa pc=00127a remain=0004
[:slot1:storager] AABOUND UIB+00..0f: 02 10 80 00 07 07 01 08 02 01 00 01 00 00 00 00 
[:slot1:storager] AABOUND ledger[0..31]: c0 aa aa c0 aa c0 aa c0 aa fe fe fe fe fe fe fe fe fe fe fe fe fe fe fe fe fe aa c0 c0 c0 c0 c0 
[:slot1:storager] LEDGER  9195011.1us [7656] pos=2   <= aa  <=== 0xAA BOUNDARY | [7954]=0001 node=6e60 n+1=10 [7956]=0004 [7abc]=0008 pc=00127a
[:slot1:storager] SLIDEAA  9195011.1us stake[7655]=c0 -> next[7656]<=aa pc=00127a remain=0004
[:slot1:storager] AABOUND UIB+00..0f: 02 10 80 00 07 07 01 08 02 01 00 01 00 00 00 00 
[:slot1:storager] AABOUND ledger[0..31]: c0 c0 aa c0 aa c0 aa c0 aa fe fe fe fe fe fe fe fe fe fe fe fe fe fe fe fe fe aa c0 c0 c0 c0 c0 
[:slot1:storager] LEDGER  9195015.7us [7657] pos=3   <= aa  <=== 0xAA BOUNDARY | [7954]=0001 node=6e60 n+1=10 [7956]=0004 [7abc]=0008 pc=00127a
[:slot1:storager] SLIDEAA  9195015.7us stake[7656]=c0 -> next[7657]<=aa pc=00127a remain=0004
[:slot1:storager] AABOUND UIB+00..0f: 02 10 80 00 07 07 01 08 02 01 00 01 00 00 00 00 
[:slot1:storager] AABOUND ledger[0..31]: c0 c0 c0 aa aa c0 aa c0 aa fe fe fe fe fe fe fe fe fe fe fe fe fe fe fe fe fe aa c0 c0 c0 c0 c0 
[:slot1:storager] LEDGER  9195020.3us [7658] pos=4   <= aa  <=== 0xAA BOUNDARY | [7954]=0001 node=6e60 n+1=10 [7956]=0004 [7abc]=0008 pc=00127a
[:slot1:storager] SLIDEAA  9195020.3us stake[7657]=c0 -> next[7658]<=aa pc=00127a remain=0004
[:slot1:storager] AABOUND UIB+00..0f: 02 10 80 00 07 07 01 08 02 01 00 01 00 00 00 00 
[:slot1:storager] AABOUND ledger[0..31]: c0 c0 c0 c0 aa c0 aa c0 aa fe fe fe fe fe fe fe fe fe fe fe fe fe fe fe fe fe aa c0 c0 c0 c0 c0 
[:slot1:storager] LEDGER  9195024.9us [7659] pos=5   <= aa  <=== 0xAA BOUNDARY | [7954]=0001 node=6e60 n+1=10 [7956]=0004 [7abc]=0008 pc=00127a
[:slot1:storager] SLIDEAA  9195024.9us stake[7658]=c0 -> next[7659]<=aa pc=00127a remain=0004
[:slot1:storager] AABOUND UIB+00..0f: 02 10 80 00 07 07 01 08 02 01 00 01 00 00 00 00 
[:slot1:storager] AABOUND ledger[0..31]: c0 c0 c0 c0 c0 aa aa c0 aa fe fe fe fe fe fe fe fe fe fe fe fe fe fe fe fe fe aa c0 c0 c0 c0 c0 
[:slot1:storager] LEDGER  9195029.5us [765a] pos=6   <= aa  <=== 0xAA BOUNDARY | [7954]=0001 node=6e60 n+1=10 [7956]=0004 [7abc]=0008 pc=00127a
[:slot1:storager] SLIDEAA  9195029.5us stake[7659]=c0 -> next[765a]<=aa pc=00127a remain=0004
[:slot1:storager] AABOUND UIB+00..0f: 02 10 80 00 07 07 01 08 02 01 00 01 00 00 00 00 
[:slot1:storager] AABOUND ledger[0..31]: c0 c0 c0 c0 c0 c0 aa c0 aa fe fe fe fe fe fe fe fe fe fe fe fe fe fe fe fe fe aa c0 c0 c0 c0 c0 
[:slot1:storager] LEDGER  9195034.1us [765b] pos=7   <= aa  <=== 0xAA BOUNDARY | [7954]=0001 node=6e60 n+1=10 [7956]=0004 [7abc]=0008 pc=00127a
[:slot1:storager] SLIDEAA  9195034.1us stake[765a]=c0 -> next[765b]<=aa pc=00127a remain=0004
[:slot1:storager] AABOUND UIB+00..0f: 02 10 80 00 07 07 01 08 02 01 00 01 00 00 00 00 
[:slot1:storager] AABOUND ledger[0..31]: c0 c0 c0 c0 c0 c0 c0 aa aa fe fe fe fe fe fe fe fe fe fe fe fe fe fe fe fe fe aa c0 c0 c0 c0 c0 
[:slot1:storager] LEDGER  9195038.7us [765c] pos=8   <= aa  <=== 0xAA BOUNDARY | [7954]=0001 node=6e60 n+1=10 [7956]=0004 [7abc]=0008 pc=00127a
[:slot1:storager] SLIDEAA  9195038.7us stake[765b]=c0 -> next[765c]<=aa pc=00127a remain=0004
[:slot1:storager] AABOUND UIB+00..0f: 02 10 80 00 07 07 01 08 02 01 00 01 00 00 00 00 
[:slot1:storager] AABOUND ledger[0..31]: c0 c0 c0 c0 c0 c0 c0 c0 aa fe fe fe fe fe fe fe fe fe fe fe fe fe fe fe fe fe aa c0 c0 c0 c0 c0 
[:slot1:storager] LEDGER  9195043.3us [765d] pos=9   <= aa  <=== 0xAA BOUNDARY | [7954]=0001 node=6e60 n+1=10 [7956]=0004 [7abc]=0008 pc=00127a
[:slot1:storager] SLIDEAA  9195043.3us stake[765c]=c0 -> next[765d]<=aa pc=00127a remain=0004
[:slot1:storager] AABOUND UIB+00..0f: 02 10 80 00 07 07 01 08 02 01 00 01 00 00 00 00 
[:slot1:storager] AABOUND ledger[0..31]: c0 c0 c0 c0 c0 c0 c0 c0 c0 aa fe fe fe fe fe fe fe fe fe fe fe fe fe fe fe fe aa c0 c0 c0 c0 c0 
[:slot1:storager] LEDGER  9195047.9us [765e] pos=10  <= aa  <=== 0xAA BOUNDARY | [7954]=0001 node=6e60 n+1=10 [7956]=0004 [7abc]=0008 pc=00127a
[:slot1:storager] SLIDEAA  9195047.9us stake[765d]=c0 -> next[765e]<=aa pc=00127a remain=0004
[:slot1:storager] AABOUND UIB+00..0f: 02 10 80 00 07 07 01 08 02 01 00 01 00 00 00 00 
[:slot1:storager] AABOUND ledger[0..31]: c0 c0 c0 c0 c0 c0 c0 c0 c0 c0 aa fe fe fe fe fe fe fe fe fe fe fe fe fe fe fe aa c0 c0 c0 c0 c0 
[:slot1:storager] LEDGER  9195052.5us [765f] pos=11  <= aa  <=== 0xAA BOUNDARY | [7954]=0001 node=6e60 n+1=10 [7956]=0004 [7abc]=0008 pc=00127a
[:slot1:storager] SLIDEAA  9195052.5us stake[765e]=c0 -> next[765f]<=aa pc=00127a remain=0004
[:slot1:storager] AABOUND UIB+00..0f: 02 10 80 00 07 07 01 08 02 01 00 01 00 00 00 00 
[:slot1:storager] AABOUND ledger[0..31]: c0 c0 c0 c0 c0 c0 c0 c0 c0 c0 c0 aa fe fe fe fe fe fe fe fe fe fe fe fe fe fe aa c0 c0 c0 c0 c0 
[:slot1:storager] LEDGER  9195057.1us [7660] pos=12  <= aa  <=== 0xAA BOUNDARY | [7954]=0001 node=6e60 n+1=10 [7956]=0004 [7abc]=0008 pc=00127a
[:slot1:storager] SLIDEAA  9195057.1us stake[765f]=c0 -> next[7660]<=aa pc=00127a remain=0004
[:slot1:storager] AABOUND UIB+00..0f: 02 10 80 00 07 07 01 08 02 01 00 01 00 00 00 00 
[:slot1:storager] AABOUND ledger[0..31]: c0 c0 c0 c0 c0 c0 c0 c0 c0 c0 c0 c0 aa fe fe fe fe fe fe fe fe fe fe fe fe fe aa c0 c0 c0 c0 c0 
[:slot1:storager] LEDGER  9195061.7us [7661] pos=13  <= aa  <=== 0xAA BOUNDARY | [7954]=0001 node=6e60 n+1=10 [7956]=0004 [7abc]=0008 pc=00127a
[:slot1:storager] SLIDEAA  9195061.7us stake[7660]=c0 -> next[7661]<=aa pc=00127a remain=0004
[:slot1:storager] AABOUND UIB+00..0f: 02 10 80 00 07 07 01 08 02 01 00 01 00 00 00 00 
[:slot1:storager] AABOUND ledger[0..31]: c0 c0 c0 c0 c0 c0 c0 c0 c0 c0 c0 c0 c0 aa fe fe fe fe fe fe fe fe fe fe fe fe aa c0 c0 c0 c0 c0 
[:slot1:storager] LEDGER  9195066.3us [7662] pos=14  <= aa  <=== 0xAA BOUNDARY | [7954]=0001 node=6e60 n+1=10 [7956]=0004 [7abc]=0008 pc=00127a
[:slot1:storager] SLIDEAA  9195066.3us stake[7661]=c0 -> next[7662]<=aa pc=00127a remain=0004
[:slot1:storager] AABOUND UIB+00..0f: 02 10 80 00 07 07 01 08 02 01 00 01 00 00 00 00 
[:slot1:storager] AABOUND ledger[0..31]: c0 c0 c0 c0 c0 c0 c0 c0 c0 c0 c0 c0 c0 c0 aa fe fe fe fe fe fe fe fe fe fe fe aa c0 c0 c0 c0 c0 
[:slot1:storager] LEDGER  9195070.9us [7663] pos=15  <= aa  <=== 0xAA BOUNDARY | [7954]=0001 node=6e60 n+1=10 [7956]=0004 [7abc]=0008 pc=00127a
[:slot1:storager] SLIDEAA  9195070.9us stake[7662]=c0 -> next[7663]<=aa pc=00127a remain=0004
[:slot1:storager] AABOUND UIB+00..0f: 02 10 80 00 07 07 01 08 02 01 00 01 00 00 00 00 
[:slot1:storager] AABOUND ledger[0..31]: c0 c0 c0 c0 c0 c0 c0 c0 c0 c0 c0 c0 c0 c0 c0 aa fe fe fe fe fe fe fe fe fe fe aa c0 c0 c0 c0 c0 
[:slot1:storager] LEDGER  9195075.5us [7664] pos=16  <= aa  <=== 0xAA BOUNDARY | [7954]=0001 node=6e60 n+1=10 [7956]=0004 [7abc]=0008 pc=00127a
[:slot1:storager] SLIDEAA  9195075.5us stake[7663]=c0 -> next[7664]<=aa pc=00127a remain=0004
[:slot1:storager] AABOUND UIB+00..0f: 02 10 80 00 07 07 01 08 02 01 00 01 00 00 00 00 
[:slot1:storager] AABOUND ledger[0..31]: c0 c0 c0 c0 c0 c0 c0 c0 c0 c0 c0 c0 c0 c0 c0 c0 aa fe fe fe fe fe fe fe fe fe aa c0 c0 c0 c0 c0 
[:slot1:storager] LEDGER  9195080.1us [7665] pos=17  <= aa  <=== 0xAA BOUNDARY | [7954]=0001 node=6e60 n+1=10 [7956]=0004 [7abc]=0008 pc=00127a
[:slot1:storager] SLIDEAA  9195080.1us stake[7664]=c0 -> next[7665]<=aa pc=00127a remain=0004
[:slot1:storager] XSTATE  9195097.1us [74b4] <= 0000
[:slot1:storager] TICK  9195123.5us head[736c]=7360 [736e]=7360 [7370]=730c [7b12]=0000 [7a36]=0001 [7a38]=0000
[:slot1:storager] PIT  9195627.5us 008006 <= b4b4 mask=00ff pc=001adc
[:slot1:storager] PHASE  9195720.5us [7216] <= 0000 pc=001d08
[:slot1:storager] TEMPH  9195759.3us CALL-3dac   alt=0 741e=20c0 743a=7442 74b4=0000 7462=0000 7a30=0101
[:slot1:storager] TEMPH  9195760.1us CALL-3dac   alt=0 741e=20c0 743a=7442 74b4=0000 7462=0000 7a30=0101
[:slot1:storager] TEMPH  9195761.9us sched       alt=0 741e=20c0 743a=7442 74b4=0000 7462=0000 7a30=0101
[:slot1:storager] XSTATE  9195778.5us [7a1a] <= 0101
[:slot1:storager] XSTATE  9195792.3us [743a] <= 748a
[:slot1:storager] TEMPH  9195797.3us xferset     alt=0 741e=20c0 743a=748a 74b4=0000 7462=0000 7a30=0101
[:slot1:storager] PIT  9195806.1us ff8006 <= 7a7a mask=ff00 pc=003cde
[:slot1:storager] PIT  9195808.9us ff8002 <= 0303 mask=ff00 pc=003cec
[:slot1:storager] PIT  9195811.9us ff8002 <= 0000 mask=ff00 pc=003cf0
[:slot1:storager] PIT  9195814.7us ff8004 <= 1515 mask=ff00 pc=003cf8
[:slot1:storager] PIT  9195817.7us ff8004 <= 0000 mask=ff00 pc=003cfc
[:slot1:storager] E800b12  9195841.5us rise e800=3a1d d000=38f8 c000=0fe780 c000v=1 pc=003d46
[:slot1:storager] TEMPDMA ctl  local=71f0 host=0fe780 len=24 st=29 host[..).........]
[:slot1:storager] QHEAD  9195891.9us [7370] <= 7318 pc=002a6a
[:slot1:storager] QHEAD  9195894.3us [736e] <= 730c pc=002a72
[:slot1:storager] PATH  9195928.7us 3bfe     74b4=0000 7968=0000 7b10=0000 796c=0000 79b8=0000 7a30=0101(hbit0=1) 7a64=0000 791a=0000
[:slot1:storager] PATH  9195936.5us 3bfe     74b4=0000 7968=0000 7b10=0000 796c=0000 79b8=0000 7a30=0101(hbit0=1) 7a64=0000 791a=0000
[:slot1:storager] XSTATE  9195958.9us [7a1a] <= 0000
[:slot1:storager] QHEAD  9196002.5us [736e] <= 7360 pc=002b1c
[:slot1:storager] QHEAD  9196012.7us [7372] <= 730c pc=002b4c
[:slot1:storager] TICK  9196017.9us head[736c]=7360 [736e]=7360 [7370]=7318 [7b12]=0000 [7a36]=0001 [7a38]=0000
[:slot1:storager] TEMPH  9196028.5us xferset     alt=0 741e=20c0 743a=748a 74b4=0000 7462=0000 7a30=0101
[:slot1:storager] D3  9196035.7us ENT        [799a]=6e60 +20=8c27 b11=1 | [71bc]=0000 +20=0000 b11=0 | 74b4=0000 7454=0000 7462=0000 7a64=0000 71b2=0001 7b0c=ffff 743a=748a
[:slot1:storager] ERRFLD  9196044.3us [7208] <= 2029 pc=001d6a
[:slot6:cpuap:cpu] INTBASE=00fe023e
[:slot6:cpuap:cpu] SRPRESENT board0=1748 board1=0002 @15s
[:slot6:cpuap:cpu] VEC 16: desc=85ffc001 -> code c0086bf
[:slot6:cpuap:cpu] VEC 17: desc=00a05700 -> code 057a8
[:slot6:cpuap:cpu] VEC 18: desc=cefcff0f -> code ffe6fc
[:slot6:cpuap:cpu] VEC 19: desc=ffc0a818 -> code 1a7e0
[:slot6:cpuap:cpu] VEC 20: desc=a0280081 -> code 8c00a028
[:slot6:cpuap:cpu] VEC 21: desc=0205043f -> code 44a05
[:slot6:cpuap:cpu] VEC 22: desc=a057081a -> code 824a057
[:slot6:cpuap:cpu] VEC 23: desc=00c00000 -> code c0ea0180
[:slot6:cpuap:cpu] VEC 24: desc=0c6f0cef -> code d046f
[:slot6:cpuap:cpu] VEC 25: desc=c000a574 -> code 1657c
[:slot6:cpuap:cpu] VEC 26: desc=8a0083ff -> code 849200
[:slot6:cpuap:cpu] VEC 27: desc=1e5f6380 -> code 081e7
